Unidade;UF;Edital;Ordem;Atividade;Data;Pagina_PDF;Fonte_PDF
DSEI Yanomami;RR;11/2025;1;Publicação do Edital;09/06/2025;1;https://agenciasus.org.br/wp-content/uploads/2025/06/ANEXOS-DSEI-YANOMAMI-EDITAL-11_2025.pdf
DSEI Yanomami;RR;11/2025;2;Período de inscrição e Envio dos Documentos Comprobatórios de Requisitos;12/06/2025 a 23/06/2025;1;https://agenciasus.org.br/wp-content/uploads/2025/06/ANEXOS-DSEI-YANOMAMI-EDITAL-11_2025.pdf
DSEI Yanomami;RR;11/2025;3;Análise Curricular;24/06/2025 a 08/07/2025;1;https://agenciasus.org.br/wp-content/uploads/2025/06/ANEXOS-DSEI-YANOMAMI-EDITAL-11_2025.pdf
DSEI Yanomami;RR;11/2025;4;Resultado Preliminar da Análise Curricular;10/07/2025;1;https://agenciasus.org.br/wp-content/uploads/2025/06/ANEXOS-DSEI-YANOMAMI-EDITAL-11_2025.pdf
DSEI Yanomami;RR;11/2025;5;Recurso contra o Resultado Preliminar da Análise Curricular;11/07/2025 a 14/07/2025;1;https://agenciasus.org.br/wp-content/uploads/2025/06/ANEXOS-DSEI-YANOMAMI-EDITAL-11_2025.pdf
DSEI Yanomami;RR;11/2025;6;Resultado Final da Avaliação Curricular e convocação para a Entrevista;18/07/2025;1;https://agenciasus.org.br/wp-content/uploads/2025/06/ANEXOS-DSEI-YANOMAMI-EDITAL-11_2025.pdf
DSEI Yanomami;RR;11/2025;7;Entrevista;21/07/2025 a 06/08/2025;1;https://agenciasus.org.br/wp-content/uploads/2025/06/ANEXOS-DSEI-YANOMAMI-EDITAL-11_2025.pdf
DSEI Yanomami;RR;11/2025;8;Resultado Preliminar da Entrevista;08/08/2025;1;https://agenciasus.org.br/wp-content/uploads/2025/06/ANEXOS-DSEI-YANOMAMI-EDITAL-11_2025.pdf
DSEI Yanomami;RR;11/2025;9;Recurso contra o Resultado Preliminar da Entrevista;11/08/2025 a 12/08/2025;1;https://agenciasus.org.br/wp-content/uploads/2025/06/ANEXOS-DSEI-YANOMAMI-EDITAL-11_2025.pdf
DSEI Yanomami;RR;11/2025;10;Resultado final da Entrevista e Resultado Preliminar da Heteroidentificação e da Validação do Laudo de PCD;18/08/2025;1;https://agenciasus.org.br/wp-content/uploads/2025/06/ANEXOS-DSEI-YANOMAMI-EDITAL-11_2025.pdf
DSEI Yanomami;RR;11/2025;11;Recurso contra o Resultado Preliminar da Heteroidentificação e da Validação do Laudo de PCD;19/08/2025 a 20/08/2025;1;https://agenciasus.org.br/wp-content/uploads/2025/06/ANEXOS-DSEI-YANOMAMI-EDITAL-11_2025.pdf
DSEI Yanomami;RR;11/2025;12;Resultado Final da Heteroidentificação, da Validação do Laudo de PCD e Resultado Final do Processo Seletivo Simplificado;26/08/2025;1;https://agenciasus.org.br/wp-content/uploads/2025/06/ANEXOS-DSEI-YANOMAMI-EDITAL-11_2025.pdf
DSEI Yanomami;RR;11/2025;13;Convocação para realização do Exame Médico Ocupacional;27/08/2025 a 30/08/2025;1;https://agenciasus.org.br/wp-content/uploads/2025/06/ANEXOS-DSEI-YANOMAMI-EDITAL-11_2025.pdf
DSEI Yanomami;RR;11/2025;14;Previsão para Admissão de Pessoal;01/09/2025;1;https://agenciasus.org.br/wp-content/uploads/2025/06/ANEXOS-DSEI-YANOMAMI-EDITAL-11_2025.pdf
DSEI Yanomami;RR;71/2026;1;Publicação do Edital;16/06/2026;1;https://agenciasus.org.br/shared-files/32848/?Anexos-de-processo-simplificado-sanitarista-Yanomami-.pdf
DSEI Yanomami;RR;71/2026;2;Impugnação do Edital;17 a 19/06;1;https://agenciasus.org.br/shared-files/32848/?Anexos-de-processo-simplificado-sanitarista-Yanomami-.pdf
DSEI Yanomami;RR;71/2026;3;Período de inscrição e Envio dos Documentos Comprobatórios de Requisitos;23 a 28/06;1;https://agenciasus.org.br/shared-files/32848/?Anexos-de-processo-simplificado-sanitarista-Yanomami-.pdf
DSEI Yanomami;RR;71/2026;4;Resultado Preliminar da Avaliação Documental e de Títulos;09/07;1;https://agenciasus.org.br/shared-files/32848/?Anexos-de-processo-simplificado-sanitarista-Yanomami-.pdf
DSEI Yanomami;RR;71/2026;5;Prazo de recurso referente ao resultado preliminar da Avaliação Documental e de Títulos;10 e 11/07;1;https://agenciasus.org.br/shared-files/32848/?Anexos-de-processo-simplificado-sanitarista-Yanomami-.pdf
DSEI Yanomami;RR;71/2026;6;Resultado Final da Avaliação Documental e de Títulos;16/07;1;https://agenciasus.org.br/shared-files/32848/?Anexos-de-processo-simplificado-sanitarista-Yanomami-.pdf
DSEI Yanomami;RR;71/2026;7;Convocação para a Entrevista;17/07;1;https://agenciasus.org.br/shared-files/32848/?Anexos-de-processo-simplificado-sanitarista-Yanomami-.pdf
DSEI Yanomami;RR;71/2026;8;Período de Entrevistas;20 a 22/07;1;https://agenciasus.org.br/shared-files/32848/?Anexos-de-processo-simplificado-sanitarista-Yanomami-.pdf
DSEI Yanomami;RR;71/2026;9;Resultado Preliminar das Entrevistas;23/07;1;https://agenciasus.org.br/shared-files/32848/?Anexos-de-processo-simplificado-sanitarista-Yanomami-.pdf
DSEI Yanomami;RR;71/2026;10;Prazo para recursos referentes ao resultado preliminar das entrevistas;24/07 e 25/07;1;https://agenciasus.org.br/shared-files/32848/?Anexos-de-processo-simplificado-sanitarista-Yanomami-.pdf
DSEI Yanomami;RR;71/2026;11;Análise e resposta aos recursos referentes ao resultado preliminar das entrevistas;27 e 28/07;1;https://agenciasus.org.br/shared-files/32848/?Anexos-de-processo-simplificado-sanitarista-Yanomami-.pdf
DSEI Yanomami;RR;71/2026;12;Resultado final da Entrevista;29/07;1;https://agenciasus.org.br/shared-files/32848/?Anexos-de-processo-simplificado-sanitarista-Yanomami-.pdf
DSEI Yanomami;RR;71/2026;13;Resultado final do Processo Seletivo;29/07;1;https://agenciasus.org.br/shared-files/32848/?Anexos-de-processo-simplificado-sanitarista-Yanomami-.pdf
DSEI Interior Sul;SC;28/2026;1;Publicação do Edital;30/04/2026;1;https://agenciasus.org.br/shared-files/28885/?Edital-de-Processo-Seletivo-Simplificado-no-282026-Anexos.pdf
DSEI Interior Sul;SC;28/2026;2;Impugnação do Edital;04/05/2026 a 06/05/2026;1;https://agenciasus.org.br/shared-files/28885/?Edital-de-Processo-Seletivo-Simplificado-no-282026-Anexos.pdf
DSEI Interior Sul;SC;28/2026;3;Período de inscrição e Envio dos Documentos Comprobatórios de Requisitos;09/05/2026 a 17/05/2026;1;https://agenciasus.org.br/shared-files/28885/?Edital-de-Processo-Seletivo-Simplificado-no-282026-Anexos.pdf
DSEI Interior Sul;SC;28/2026;4;Análise Curricular;18/05/2026 a 25/05/2026;1;https://agenciasus.org.br/shared-files/28885/?Edital-de-Processo-Seletivo-Simplificado-no-282026-Anexos.pdf
DSEI Interior Sul;SC;28/2026;5;Resultado Preliminar da Análise Curricular;28/05/2026;1;https://agenciasus.org.br/shared-files/28885/?Edital-de-Processo-Seletivo-Simplificado-no-282026-Anexos.pdf
DSEI Interior Sul;SC;28/2026;6;Abertura do prazo de recurso;29/05/2026 e 30/05/2026;1;https://agenciasus.org.br/shared-files/28885/?Edital-de-Processo-Seletivo-Simplificado-no-282026-Anexos.pdf
DSEI Interior Sul;SC;28/2026;7;Análise e resposta aos recursos;01/06/2026 a 08/06/2026;1;https://agenciasus.org.br/shared-files/28885/?Edital-de-Processo-Seletivo-Simplificado-no-282026-Anexos.pdf
DSEI Interior Sul;SC;28/2026;8;Resultado Final da Avaliação Curricular;10/06/2026;1;https://agenciasus.org.br/shared-files/28885/?Edital-de-Processo-Seletivo-Simplificado-no-282026-Anexos.pdf
DSEI Interior Sul;SC;28/2026;9;Convocação para a Entrevista;11/06/2026 e 12/06/2026;1;https://agenciasus.org.br/shared-files/28885/?Edital-de-Processo-Seletivo-Simplificado-no-282026-Anexos.pdf
DSEI Interior Sul;SC;28/2026;10;Entrevistas;16/06/2026 a 29/06/2026;1;https://agenciasus.org.br/shared-files/28885/?Edital-de-Processo-Seletivo-Simplificado-no-282026-Anexos.pdf
DSEI Interior Sul;SC;28/2026;11;Resultado Preliminar da Entrevista;01/07/2026;1;https://agenciasus.org.br/shared-files/28885/?Edital-de-Processo-Seletivo-Simplificado-no-282026-Anexos.pdf
DSEI Interior Sul;SC;28/2026;12;Prazo para recursos;02/07/2026 e 03/07/2026;1;https://agenciasus.org.br/shared-files/28885/?Edital-de-Processo-Seletivo-Simplificado-no-282026-Anexos.pdf
DSEI Interior Sul;SC;28/2026;13;Análise e resposta aos recursos;06/07/2026 a 09/07/2026;1;https://agenciasus.org.br/shared-files/28885/?Edital-de-Processo-Seletivo-Simplificado-no-282026-Anexos.pdf
DSEI Interior Sul;SC;28/2026;14;Resultado final do Processo Seletivo;13/07/2026;1;https://agenciasus.org.br/shared-files/28885/?Edital-de-Processo-Seletivo-Simplificado-no-282026-Anexos.pdf
DSEI Médio Rio Solimões e Afluentes;AM;04/2025;1;Período de inscrição;20/02/2025 às 18 horas à 28/02/2025 até às 17 horas.;7;https://agenciasus.org.br/wp-content/uploads/2025/02/Edital_n_04-2025-DSEI_Medio_Rio_Solimoes.pdf
DSEI Médio Rio Solimões e Afluentes;AM;04/2025;2;Análise Curricular;10/03/2025 a 14/03/2025;7;https://agenciasus.org.br/wp-content/uploads/2025/02/Edital_n_04-2025-DSEI_Medio_Rio_Solimoes.pdf
DSEI Médio Rio Solimões e Afluentes;AM;04/2025;3;Divulgação do resultado provisório da análise curricular;17/03/2025;7;https://agenciasus.org.br/wp-content/uploads/2025/02/Edital_n_04-2025-DSEI_Medio_Rio_Solimoes.pdf
DSEI Médio Rio Solimões e Afluentes;AM;04/2025;4;Solicitação de recurso do resultado provisório (análise curricular);18/03/2025 a 19/03/2025 das 08h às 22h;7;https://agenciasus.org.br/wp-content/uploads/2025/02/Edital_n_04-2025-DSEI_Medio_Rio_Solimoes.pdf
DSEI Médio Rio Solimões e Afluentes;AM;04/2025;5;Divulgação do resultado final do processo seletivo;20/03/2025;7;https://agenciasus.org.br/wp-content/uploads/2025/02/Edital_n_04-2025-DSEI_Medio_Rio_Solimoes.pdf
DSEI Médio Rio Solimões e Afluentes;AM;04/2025;6;Convocação para realização do Exame Médico Ocupacional;24/03/2025 a 28/03/2025;7;https://agenciasus.org.br/wp-content/uploads/2025/02/Edital_n_04-2025-DSEI_Medio_Rio_Solimoes.pdf
DSEI Médio Rio Solimões e Afluentes;AM;04/2025;7;Previsão para Admissão de Pessoal;31/03/2025;7;https://agenciasus.org.br/wp-content/uploads/2025/02/Edital_n_04-2025-DSEI_Medio_Rio_Solimoes.pdf
DSEI Guamá-Tocantins;PA;72/2026;1;Publicação do Edital;17/06/2026;1;https://agenciasus.org.br/shared-files/32987/?Anexos-DSEI-GUATOC-.pdf
DSEI Guamá-Tocantins;PA;72/2026;2;Impugnação do Edital;18 a 20/06;1;https://agenciasus.org.br/shared-files/32987/?Anexos-DSEI-GUATOC-.pdf
DSEI Guamá-Tocantins;PA;72/2026;3;Período de inscrição e Envio dos Documentos Comprobatórios de Requisitos;25/06 a 03/07;1;https://agenciasus.org.br/shared-files/32987/?Anexos-DSEI-GUATOC-.pdf
DSEI Guamá-Tocantins;PA;72/2026;4;Resultado Preliminar da Avaliação Documental e de Títulos;28/07;1;https://agenciasus.org.br/shared-files/32987/?Anexos-DSEI-GUATOC-.pdf
DSEI Guamá-Tocantins;PA;72/2026;5;Prazo de recurso referente ao resultado preliminar da Avaliação Documental e de Títulos;30 e 31/07;1;https://agenciasus.org.br/shared-files/32987/?Anexos-DSEI-GUATOC-.pdf
DSEI Guamá-Tocantins;PA;72/2026;6;Resultado Final da Avaliação Documental e de Títulos;12/08;1;https://agenciasus.org.br/shared-files/32987/?Anexos-DSEI-GUATOC-.pdf
DSEI Guamá-Tocantins;PA;72/2026;7;Convocação para a Entrevista;14/08;1;https://agenciasus.org.br/shared-files/32987/?Anexos-DSEI-GUATOC-.pdf
DSEI Guamá-Tocantins;PA;72/2026;8;Período de Entrevistas;19 a 28/08;1;https://agenciasus.org.br/shared-files/32987/?Anexos-DSEI-GUATOC-.pdf
DSEI Guamá-Tocantins;PA;72/2026;9;Resultado Preliminar das Entrevistas;01/09;1;https://agenciasus.org.br/shared-files/32987/?Anexos-DSEI-GUATOC-.pdf
DSEI Guamá-Tocantins;PA;72/2026;10;Prazo para recursos referentes ao resultado preliminar das entrevistas;02 e 03/09;1;https://agenciasus.org.br/shared-files/32987/?Anexos-DSEI-GUATOC-.pdf
DSEI Guamá-Tocantins;PA;72/2026;11;Resultado final da Entrevista;14/09;1;https://agenciasus.org.br/shared-files/32987/?Anexos-DSEI-GUATOC-.pdf
DSEI Guamá-Tocantins;PA;72/2026;12;Resultado final do Processo Seletivo;16/09;1;https://agenciasus.org.br/shared-files/32987/?Anexos-DSEI-GUATOC-.pdf
DSEI Litoral Sul;PR;80/2025;1;Publicação do Edital;27/10/2025;1;https://agenciasus.org.br/shared-files/23449/?SEI_0257152_Retificacao.pdf
DSEI Litoral Sul;PR;80/2025;2;Impugnação do Edital;28/10, 29/10 e 30/10;1;https://agenciasus.org.br/shared-files/23449/?SEI_0257152_Retificacao.pdf
DSEI Litoral Sul;PR;80/2025;3;Período de inscrição e Envio dos Documentos Comprobatórios de Requisitos;31/10/2025 a 15/11/2025;1;https://agenciasus.org.br/shared-files/23449/?SEI_0257152_Retificacao.pdf
DSEI Litoral Sul;PR;80/2025;4;Análise Curricular;17/11/2025 a 26/11/2025;1;https://agenciasus.org.br/shared-files/23449/?SEI_0257152_Retificacao.pdf
DSEI Litoral Sul;PR;80/2025;5;Resultado Preliminar da Análise Curricular e Abertura do prazo de recurso;27/11/2025 e 28/11/2025;1;https://agenciasus.org.br/shared-files/23449/?SEI_0257152_Retificacao.pdf
DSEI Litoral Sul;PR;80/2025;6;Reabertura do prazo para interposição de recursos;02/02/2026 a 03/02/2026 *Os recursos devem ser enviados das 9h às 18h (Horário de Brasília/DF);1;https://agenciasus.org.br/shared-files/23449/?SEI_0257152_Retificacao.pdf
DSEI Litoral Sul;PR;80/2025;7;Análise e resposta aos recursos;04/02/2026 a 06/02/2026;1;https://agenciasus.org.br/shared-files/23449/?SEI_0257152_Retificacao.pdf
DSEI Litoral Sul;PR;80/2025;8;Resultado Final da Avaliação Curricular;09/02/2026;1;https://agenciasus.org.br/shared-files/23449/?SEI_0257152_Retificacao.pdf
DSEI Litoral Sul;PR;80/2025;9;Convocação para a Entrevista;10/02/2026 e 11/02/2026;1;https://agenciasus.org.br/shared-files/23449/?SEI_0257152_Retificacao.pdf
DSEI Litoral Sul;PR;80/2025;10;Entrevistas;23/02/2026 a 27/02/2026 02/03/2026 a 06/03/2026;1;https://agenciasus.org.br/shared-files/23449/?SEI_0257152_Retificacao.pdf
DSEI Litoral Sul;PR;80/2025;11;Resultado Preliminar da Entrevista;09/03/2026;1;https://agenciasus.org.br/shared-files/23449/?SEI_0257152_Retificacao.pdf
DSEI Litoral Sul;PR;80/2025;12;Abertura do prazo para recursos;10/03/2026 e 11/03/2026 *Os recursos devem ser enviados das 9h às 18h (Horário de Brasília/DF);1;https://agenciasus.org.br/shared-files/23449/?SEI_0257152_Retificacao.pdf
DSEI Litoral Sul;PR;80/2025;13;Análise e resposta aos recursos;12/03/2026, 13/03 e 16/03/2026;1;https://agenciasus.org.br/shared-files/23449/?SEI_0257152_Retificacao.pdf
DSEI Litoral Sul;PR;80/2025;14;Resultado final do Processo Seletivo;17/03/2026;1;https://agenciasus.org.br/shared-files/23449/?SEI_0257152_Retificacao.pdf
DSEI Litoral Sul;PR;80/2025;15;Data prevista para convocação para realização do Exame Médico Ocupacional;18/03, 19/03 e 20/03/2026;1;https://agenciasus.org.br/shared-files/23449/?SEI_0257152_Retificacao.pdf
DSEI Litoral Sul;PR;80/2025;16;nograma do Processo Seletivo DSEI Litoral Sul (025;7152) SEI AGSUS.00808;1;https://agenciasus.org.br/shared-files/23449/?SEI_0257152_Retificacao.pdf
DSEI Altamira;PA;78/2025;1;Publicação do Edital;27/10/2025;1;https://agenciasus.org.br/shared-files/19278/?ANEXOS_DSEI-ALTAMIRA.pdf
DSEI Altamira;PA;78/2025;2;Impugnação do Edital;28/10, 29/10 e 30/10;1;https://agenciasus.org.br/shared-files/19278/?ANEXOS_DSEI-ALTAMIRA.pdf
DSEI Altamira;PA;78/2025;3;Período de inscrição e Envio dos Documentos Comprobatórios de Requisitos;31/10/2025 a 10/11/2025;1;https://agenciasus.org.br/shared-files/19278/?ANEXOS_DSEI-ALTAMIRA.pdf
DSEI Altamira;PA;78/2025;4;Análise Curricular;11/11/2025 a 14/11/2025;1;https://agenciasus.org.br/shared-files/19278/?ANEXOS_DSEI-ALTAMIRA.pdf
DSEI Altamira;PA;78/2025;5;Resultado Preliminar da Análise Curricular e Abertura do prazo de recurso;17/11/2025 *Os recursos devem ser enviados das 9h às 18h (Horário de Brasília/DF);1;https://agenciasus.org.br/shared-files/19278/?ANEXOS_DSEI-ALTAMIRA.pdf
DSEI Altamira;PA;78/2025;6;Análise dos recursos;18/11 a 19/11;1;https://agenciasus.org.br/shared-files/19278/?ANEXOS_DSEI-ALTAMIRA.pdf
DSEI Altamira;PA;78/2025;7;Resultado Final da Avaliação Curricular e convocação para a Entrevista;21/11/2025;1;https://agenciasus.org.br/shared-files/19278/?ANEXOS_DSEI-ALTAMIRA.pdf
DSEI Altamira;PA;78/2025;8;Entrevistas;24/11, 25/11 e 26/11;1;https://agenciasus.org.br/shared-files/19278/?ANEXOS_DSEI-ALTAMIRA.pdf
DSEI Altamira;PA;78/2025;9;Resultado Preliminar da Entrevista e abertura do prazo para recursos;27/11/2025 *Os recursos devem ser enviados das 9h às 18h (Horário de Brasília/DF);1;https://agenciasus.org.br/shared-files/19278/?ANEXOS_DSEI-ALTAMIRA.pdf
DSEI Altamira;PA;78/2025;10;Análise e resposta aos recursos;28/11/2025;1;https://agenciasus.org.br/shared-files/19278/?ANEXOS_DSEI-ALTAMIRA.pdf
DSEI Altamira;PA;78/2025;11;Resultado final da Entrevista;01/12/2025;1;https://agenciasus.org.br/shared-files/19278/?ANEXOS_DSEI-ALTAMIRA.pdf
DSEI Altamira;PA;78/2025;12;Resultado final do Processo Seletivo;02/12/2025;1;https://agenciasus.org.br/shared-files/19278/?ANEXOS_DSEI-ALTAMIRA.pdf
DSEI Altamira;PA;78/2025;13;Data prevista para convocação para realização do Exame Médico Ocupacional;03 e 04/12;1;https://agenciasus.org.br/shared-files/19278/?ANEXOS_DSEI-ALTAMIRA.pdf
DSEI Altamira;PA;78/2025;14;Data prevista para admissão;08/12/2025;1;https://agenciasus.org.br/shared-files/19278/?ANEXOS_DSEI-ALTAMIRA.pdf
DSEI Mato Grosso do Sul;MS;12/2025;1;Publicação do Edital;09/06/2025;1;https://agenciasus.org.br/wp-content/uploads/2025/06/ANEXOS-DSEI-MATO-GROSSO-DO-SUL-EDITAL-12_2025.pdf
DSEI Mato Grosso do Sul;MS;12/2025;2;Período de inscrição e Envio dos Documentos Comprobatórios de Requisitos;12/06/2025 a 23/06/2025;1;https://agenciasus.org.br/wp-content/uploads/2025/06/ANEXOS-DSEI-MATO-GROSSO-DO-SUL-EDITAL-12_2025.pdf
DSEI Mato Grosso do Sul;MS;12/2025;3;Análise Curricular;24/06/2025 a 08/07/2025;1;https://agenciasus.org.br/wp-content/uploads/2025/06/ANEXOS-DSEI-MATO-GROSSO-DO-SUL-EDITAL-12_2025.pdf
DSEI Mato Grosso do Sul;MS;12/2025;4;Resultado Preliminar da Análise Curricular;10/07/2025;1;https://agenciasus.org.br/wp-content/uploads/2025/06/ANEXOS-DSEI-MATO-GROSSO-DO-SUL-EDITAL-12_2025.pdf
DSEI Mato Grosso do Sul;MS;12/2025;5;Recurso contra o Resultado Preliminar da Análise Curricular;11/07/2025 a 14/07/2025;1;https://agenciasus.org.br/wp-content/uploads/2025/06/ANEXOS-DSEI-MATO-GROSSO-DO-SUL-EDITAL-12_2025.pdf
DSEI Mato Grosso do Sul;MS;12/2025;6;Resultado Final da Avaliação Curricular e convocação para a Entrevista;18/07/2025;1;https://agenciasus.org.br/wp-content/uploads/2025/06/ANEXOS-DSEI-MATO-GROSSO-DO-SUL-EDITAL-12_2025.pdf
DSEI Mato Grosso do Sul;MS;12/2025;7;Entrevista;22/07/2025 a 08/08/2025;1;https://agenciasus.org.br/wp-content/uploads/2025/06/ANEXOS-DSEI-MATO-GROSSO-DO-SUL-EDITAL-12_2025.pdf
DSEI Mato Grosso do Sul;MS;12/2025;8;Resultado Preliminar da Entrevista;12/08/2025;1;https://agenciasus.org.br/wp-content/uploads/2025/06/ANEXOS-DSEI-MATO-GROSSO-DO-SUL-EDITAL-12_2025.pdf
DSEI Mato Grosso do Sul;MS;12/2025;9;Recurso contra o Resultado Preliminar da Entrevista;13/08/2025 a 14/08/2025;1;https://agenciasus.org.br/wp-content/uploads/2025/06/ANEXOS-DSEI-MATO-GROSSO-DO-SUL-EDITAL-12_2025.pdf
DSEI Mato Grosso do Sul;MS;12/2025;10;Resultado final da Entrevista e Resultado Preliminar da Heteroidentificação e da Validação do Laudo de PCD;25/08/2025;1;https://agenciasus.org.br/wp-content/uploads/2025/06/ANEXOS-DSEI-MATO-GROSSO-DO-SUL-EDITAL-12_2025.pdf
DSEI Mato Grosso do Sul;MS;12/2025;11;Recurso contra o Resultado Preliminar da Heteroidentificação e da Validação do Laudo de PCD;26/08/2025 a 27/08/2025;1;https://agenciasus.org.br/wp-content/uploads/2025/06/ANEXOS-DSEI-MATO-GROSSO-DO-SUL-EDITAL-12_2025.pdf
DSEI Mato Grosso do Sul;MS;12/2025;12;Resultado Final da Heteroidentificação, da Validação do Laudo de PCD e Resultado Final do Processo Seletivo Simplificado;08/09/2025;1;https://agenciasus.org.br/wp-content/uploads/2025/06/ANEXOS-DSEI-MATO-GROSSO-DO-SUL-EDITAL-12_2025.pdf
DSEI Mato Grosso do Sul;MS;12/2025;13;Convocação para realização do Exame Médico Ocupacional;09/09/2025 a 12/09/2025;1;https://agenciasus.org.br/wp-content/uploads/2025/06/ANEXOS-DSEI-MATO-GROSSO-DO-SUL-EDITAL-12_2025.pdf
DSEI Mato Grosso do Sul;MS;12/2025;14;Previsão para Admissão de Pessoal;15/09/2025;1;https://agenciasus.org.br/wp-content/uploads/2025/06/ANEXOS-DSEI-MATO-GROSSO-DO-SUL-EDITAL-12_2025.pdf
DSEI Minas Gerais e Espírito Santo;MG;13/2025;1;Publicação do Edital;09/06/2025;1;https://agenciasus.org.br/wp-content/uploads/2025/06/ANEXOS-DSEI-MINAS-GERAIS-E-ESPIRITO-SANTO-EDITAL-13_2025.pdf
DSEI Minas Gerais e Espírito Santo;MG;13/2025;2;Período de inscrição e Envio dos Documentos Comprobatórios de Requisitos;12/06/2025 a 23/06/2025;1;https://agenciasus.org.br/wp-content/uploads/2025/06/ANEXOS-DSEI-MINAS-GERAIS-E-ESPIRITO-SANTO-EDITAL-13_2025.pdf
DSEI Minas Gerais e Espírito Santo;MG;13/2025;3;Análise Curricular;24/06/2025 a 08/07/2025;1;https://agenciasus.org.br/wp-content/uploads/2025/06/ANEXOS-DSEI-MINAS-GERAIS-E-ESPIRITO-SANTO-EDITAL-13_2025.pdf
DSEI Minas Gerais e Espírito Santo;MG;13/2025;4;Resultado Preliminar da Análise Curricular;10/07/2025;1;https://agenciasus.org.br/wp-content/uploads/2025/06/ANEXOS-DSEI-MINAS-GERAIS-E-ESPIRITO-SANTO-EDITAL-13_2025.pdf
DSEI Minas Gerais e Espírito Santo;MG;13/2025;5;Recurso contra o Resultado Preliminar da Análise Curricular;11/07/2025 a 14/07/2025;1;https://agenciasus.org.br/wp-content/uploads/2025/06/ANEXOS-DSEI-MINAS-GERAIS-E-ESPIRITO-SANTO-EDITAL-13_2025.pdf
DSEI Minas Gerais e Espírito Santo;MG;13/2025;6;Resultado Final da Avaliação Curricular e convocação para a Entrevista;18/07/2025;1;https://agenciasus.org.br/wp-content/uploads/2025/06/ANEXOS-DSEI-MINAS-GERAIS-E-ESPIRITO-SANTO-EDITAL-13_2025.pdf
DSEI Minas Gerais e Espírito Santo;MG;13/2025;7;Entrevista;22/07/2025 a 08/08/2025;1;https://agenciasus.org.br/wp-content/uploads/2025/06/ANEXOS-DSEI-MINAS-GERAIS-E-ESPIRITO-SANTO-EDITAL-13_2025.pdf
DSEI Minas Gerais e Espírito Santo;MG;13/2025;8;Resultado Preliminar da Entrevista;12/08/2025;1;https://agenciasus.org.br/wp-content/uploads/2025/06/ANEXOS-DSEI-MINAS-GERAIS-E-ESPIRITO-SANTO-EDITAL-13_2025.pdf
DSEI Minas Gerais e Espírito Santo;MG;13/2025;9;Recurso contra o Resultado Preliminar da Entrevista;13/08/2025 a 14/08/2025;1;https://agenciasus.org.br/wp-content/uploads/2025/06/ANEXOS-DSEI-MINAS-GERAIS-E-ESPIRITO-SANTO-EDITAL-13_2025.pdf
DSEI Minas Gerais e Espírito Santo;MG;13/2025;10;Resultado final da Entrevista e Resultado Preliminar da Heteroidentificação e da Validação do Laudo de PCD;25/08/2025;1;https://agenciasus.org.br/wp-content/uploads/2025/06/ANEXOS-DSEI-MINAS-GERAIS-E-ESPIRITO-SANTO-EDITAL-13_2025.pdf
DSEI Minas Gerais e Espírito Santo;MG;13/2025;11;Recurso contra o Resultado Preliminar da Heteroidentificação e da Validação do Laudo de PCD;26/08/2025 a 27/08/2025;1;https://agenciasus.org.br/wp-content/uploads/2025/06/ANEXOS-DSEI-MINAS-GERAIS-E-ESPIRITO-SANTO-EDITAL-13_2025.pdf
DSEI Minas Gerais e Espírito Santo;MG;13/2025;12;Resultado Final da Heteroidentificação, da Validação do Laudo de PCD e Resultado Final do Processo Seletivo Simplificado;08/09/2025;1;https://agenciasus.org.br/wp-content/uploads/2025/06/ANEXOS-DSEI-MINAS-GERAIS-E-ESPIRITO-SANTO-EDITAL-13_2025.pdf
DSEI Minas Gerais e Espírito Santo;MG;13/2025;13;Convocação para realização do Exame Médico Ocupacional;09/09/2025 a 12/09/2025;1;https://agenciasus.org.br/wp-content/uploads/2025/06/ANEXOS-DSEI-MINAS-GERAIS-E-ESPIRITO-SANTO-EDITAL-13_2025.pdf
DSEI Minas Gerais e Espírito Santo;MG;13/2025;14;Previsão para Admissão de Pessoal;15/09/2025;1;https://agenciasus.org.br/wp-content/uploads/2025/06/ANEXOS-DSEI-MINAS-GERAIS-E-ESPIRITO-SANTO-EDITAL-13_2025.pdf
DSEI Kaiapó de Mato Grosso;MT;14/2025;1;Publicação do Edital;09/06/2025;1;https://agenciasus.org.br/wp-content/uploads/2025/06/ANEXOS-DSEI-KAIAPO-DO-MATO-GROSSO-EDITAL-14_2025.pdf
DSEI Kaiapó de Mato Grosso;MT;14/2025;2;Período de inscrição e Envio dos Documentos Comprobatórios de Requisitos;12/06/2025 a 23/06/2025;1;https://agenciasus.org.br/wp-content/uploads/2025/06/ANEXOS-DSEI-KAIAPO-DO-MATO-GROSSO-EDITAL-14_2025.pdf
DSEI Kaiapó de Mato Grosso;MT;14/2025;3;Análise Curricular;24/06/2025 a 08/07/2025;1;https://agenciasus.org.br/wp-content/uploads/2025/06/ANEXOS-DSEI-KAIAPO-DO-MATO-GROSSO-EDITAL-14_2025.pdf
DSEI Kaiapó de Mato Grosso;MT;14/2025;4;Resultado Preliminar da Análise Curricular;10/07/2025;1;https://agenciasus.org.br/wp-content/uploads/2025/06/ANEXOS-DSEI-KAIAPO-DO-MATO-GROSSO-EDITAL-14_2025.pdf
DSEI Kaiapó de Mato Grosso;MT;14/2025;5;Recurso contra o Resultado Preliminar da Análise Curricular;11/07/2025 a 14/07/2025;1;https://agenciasus.org.br/wp-content/uploads/2025/06/ANEXOS-DSEI-KAIAPO-DO-MATO-GROSSO-EDITAL-14_2025.pdf
DSEI Kaiapó de Mato Grosso;MT;14/2025;6;Resultado Final da Avaliação Curricular e convocação para a Entrevista;18/07/2025;1;https://agenciasus.org.br/wp-content/uploads/2025/06/ANEXOS-DSEI-KAIAPO-DO-MATO-GROSSO-EDITAL-14_2025.pdf
DSEI Kaiapó de Mato Grosso;MT;14/2025;7;Entrevista;22/07/2025 a 08/08/2025;1;https://agenciasus.org.br/wp-content/uploads/2025/06/ANEXOS-DSEI-KAIAPO-DO-MATO-GROSSO-EDITAL-14_2025.pdf
DSEI Kaiapó de Mato Grosso;MT;14/2025;8;Resultado Preliminar da Entrevista;12/08/2025;1;https://agenciasus.org.br/wp-content/uploads/2025/06/ANEXOS-DSEI-KAIAPO-DO-MATO-GROSSO-EDITAL-14_2025.pdf
DSEI Kaiapó de Mato Grosso;MT;14/2025;9;Recurso contra o Resultado Preliminar da Entrevista;13/08/2025 a 14/08/2025;1;https://agenciasus.org.br/wp-content/uploads/2025/06/ANEXOS-DSEI-KAIAPO-DO-MATO-GROSSO-EDITAL-14_2025.pdf
DSEI Kaiapó de Mato Grosso;MT;14/2025;10;Resultado final da Entrevista e Resultado Preliminar da Heteroidentificação e da Validação do Laudo de PCD;25/08/2025;1;https://agenciasus.org.br/wp-content/uploads/2025/06/ANEXOS-DSEI-KAIAPO-DO-MATO-GROSSO-EDITAL-14_2025.pdf
DSEI Kaiapó de Mato Grosso;MT;14/2025;11;Recurso contra o Resultado Preliminar da Heteroidentificação e da Validação do Laudo de PCD;26/08/2025 a 27/08/2025;1;https://agenciasus.org.br/wp-content/uploads/2025/06/ANEXOS-DSEI-KAIAPO-DO-MATO-GROSSO-EDITAL-14_2025.pdf
DSEI Kaiapó de Mato Grosso;MT;14/2025;12;Resultado Final da Heteroidentificação, da Validação do Laudo de PCD e Resultado Final do Processo Seletivo Simplificado;08/09/2025;1;https://agenciasus.org.br/wp-content/uploads/2025/06/ANEXOS-DSEI-KAIAPO-DO-MATO-GROSSO-EDITAL-14_2025.pdf
DSEI Kaiapó de Mato Grosso;MT;14/2025;13;Convocação para realização do Exame Médico Ocupacional;09/09/2025 a 12/09/2025;1;https://agenciasus.org.br/wp-content/uploads/2025/06/ANEXOS-DSEI-KAIAPO-DO-MATO-GROSSO-EDITAL-14_2025.pdf
DSEI Kaiapó de Mato Grosso;MT;14/2025;14;Previsão para Admissão de Pessoal;15/09/2025;1;https://agenciasus.org.br/wp-content/uploads/2025/06/ANEXOS-DSEI-KAIAPO-DO-MATO-GROSSO-EDITAL-14_2025.pdf
CASAI São Paulo;SP;53/2025;1;Publicação do Edital;03/10/2025;1;https://agenciasus.org.br/shared-files/18723/?Edital-no-53-2025-–-12-–-Retificacao.pdf
CASAI São Paulo;SP;53/2025;2;Impugnação do Edital;03/10, 04/10 e 05/10;1;https://agenciasus.org.br/shared-files/18723/?Edital-no-53-2025-–-12-–-Retificacao.pdf
CASAI São Paulo;SP;53/2025;3;Período de inscrição e Envio dos Documentos Comprobatórios de Requisitos;06/10/2025 a 14/10/2025;1;https://agenciasus.org.br/shared-files/18723/?Edital-no-53-2025-–-12-–-Retificacao.pdf
CASAI São Paulo;SP;53/2025;4;Análise Curricular;15/10/2025 a 23/10/2025;1;https://agenciasus.org.br/shared-files/18723/?Edital-no-53-2025-–-12-–-Retificacao.pdf
CASAI São Paulo;SP;53/2025;5;Resultado Preliminar da Análise Curricular e Abertura do prazo de recurso;24/10/2025 *Os recursos devem ser enviados das 9h às 18h (Horário de Brasília/DF);1;https://agenciasus.org.br/shared-files/18723/?Edital-no-53-2025-–-12-–-Retificacao.pdf
CASAI São Paulo;SP;53/2025;6;Análise e resposta aos recursos;27/10 a 28/10;1;https://agenciasus.org.br/shared-files/18723/?Edital-no-53-2025-–-12-–-Retificacao.pdf
CASAI São Paulo;SP;53/2025;7;Resultado Final da Avaliação Curricular e convocação para a Entrevista;29/10/2025;1;https://agenciasus.org.br/shared-files/18723/?Edital-no-53-2025-–-12-–-Retificacao.pdf
CASAI São Paulo;SP;53/2025;8;Entrevistas;30/10, 31/10, 03/11, 04/11 e 05/11;1;https://agenciasus.org.br/shared-files/18723/?Edital-no-53-2025-–-12-–-Retificacao.pdf
CASAI São Paulo;SP;53/2025;9;Resultado Preliminar da Entrevista e abertura do prazo para recursos;06/11/2025 *Os recursos devem ser enviados das 9h às 18h (Horário de Brasília/DF);1;https://agenciasus.org.br/shared-files/18723/?Edital-no-53-2025-–-12-–-Retificacao.pdf
CASAI São Paulo;SP;53/2025;10;Análise e resposta aos recursos;07/11/2025;1;https://agenciasus.org.br/shared-files/18723/?Edital-no-53-2025-–-12-–-Retificacao.pdf
CASAI São Paulo;SP;53/2025;11;Resultado final da Entrevista;10/11/2025;1;https://agenciasus.org.br/shared-files/18723/?Edital-no-53-2025-–-12-–-Retificacao.pdf
CASAI São Paulo;SP;53/2025;12;Resultado final do Processo Seletivo;11/11/2025;1;https://agenciasus.org.br/shared-files/18723/?Edital-no-53-2025-–-12-–-Retificacao.pdf
CASAI São Paulo;SP;53/2025;13;Convocação para realização do Exame Médico Ocupacional;12/11/2025 a 14/11/2025;1;https://agenciasus.org.br/shared-files/18723/?Edital-no-53-2025-–-12-–-Retificacao.pdf
CASAI São Paulo;SP;53/2025;14;Data prevista para admissão;17/11/2025;1;https://agenciasus.org.br/shared-files/18723/?Edital-no-53-2025-–-12-–-Retificacao.pdf
DSEI Kaiapó de Mato Grosso;MT;66/2025;1;Publicação do Edital;03/10/2025;1;https://agenciasus.org.br/shared-files/18172/?Edital-no-66-Anexos-DSEI-Kaiapo-do-Mato-Grosso.pdf
DSEI Kaiapó de Mato Grosso;MT;66/2025;2;Impugnação do Edital;04/10, 05/10 e 06/10;1;https://agenciasus.org.br/shared-files/18172/?Edital-no-66-Anexos-DSEI-Kaiapo-do-Mato-Grosso.pdf
DSEI Kaiapó de Mato Grosso;MT;66/2025;3;Período de inscrição e Envio dos Documentos Comprobatórios de Requisitos;07/10/2025 a 15/10/2025;1;https://agenciasus.org.br/shared-files/18172/?Edital-no-66-Anexos-DSEI-Kaiapo-do-Mato-Grosso.pdf
DSEI Kaiapó de Mato Grosso;MT;66/2025;4;Análise Curricular;16/10/2025 a 24/10/2025;1;https://agenciasus.org.br/shared-files/18172/?Edital-no-66-Anexos-DSEI-Kaiapo-do-Mato-Grosso.pdf
DSEI Kaiapó de Mato Grosso;MT;66/2025;5;Resultado Preliminar da Análise Curricular e Abertura do prazo de recurso;27/10/2025 *Os recursos devem ser enviados das 9h às 18h (Horário de Brasília/DF);1;https://agenciasus.org.br/shared-files/18172/?Edital-no-66-Anexos-DSEI-Kaiapo-do-Mato-Grosso.pdf
DSEI Kaiapó de Mato Grosso;MT;66/2025;6;Análise dos recursos;28/10 a 29/10;1;https://agenciasus.org.br/shared-files/18172/?Edital-no-66-Anexos-DSEI-Kaiapo-do-Mato-Grosso.pdf
DSEI Kaiapó de Mato Grosso;MT;66/2025;7;Resultado Final da Avaliação Curricular e convocação para a Entrevista;30/10/2025;1;https://agenciasus.org.br/shared-files/18172/?Edital-no-66-Anexos-DSEI-Kaiapo-do-Mato-Grosso.pdf
DSEI Kaiapó de Mato Grosso;MT;66/2025;8;Entrevistas;31/10, 03/11, 04/11, 05/11 e 06/11;1;https://agenciasus.org.br/shared-files/18172/?Edital-no-66-Anexos-DSEI-Kaiapo-do-Mato-Grosso.pdf
DSEI Kaiapó de Mato Grosso;MT;66/2025;9;Resultado Preliminar da Entrevista e abertura do prazo para recursos;07/11/2025 *Os recursos devem ser enviados das 9h às 18h (Horário de Brasília/DF);1;https://agenciasus.org.br/shared-files/18172/?Edital-no-66-Anexos-DSEI-Kaiapo-do-Mato-Grosso.pdf
DSEI Kaiapó de Mato Grosso;MT;66/2025;10;Análise e resposta aos recursos;10/11/2025;1;https://agenciasus.org.br/shared-files/18172/?Edital-no-66-Anexos-DSEI-Kaiapo-do-Mato-Grosso.pdf
DSEI Kaiapó de Mato Grosso;MT;66/2025;11;Resultado final da Entrevista;11/11/2025;1;https://agenciasus.org.br/shared-files/18172/?Edital-no-66-Anexos-DSEI-Kaiapo-do-Mato-Grosso.pdf
DSEI Kaiapó de Mato Grosso;MT;66/2025;12;Resultado final do Processo Seletivo;12/11/2025;1;https://agenciasus.org.br/shared-files/18172/?Edital-no-66-Anexos-DSEI-Kaiapo-do-Mato-Grosso.pdf
DSEI Kaiapó de Mato Grosso;MT;66/2025;13;Data prevista para convocação para realização do Exame Médico Ocupacional;13/11/2025 e 14/11/2025;1;https://agenciasus.org.br/shared-files/18172/?Edital-no-66-Anexos-DSEI-Kaiapo-do-Mato-Grosso.pdf
DSEI Kaiapó de Mato Grosso;MT;66/2025;14;Data prevista para admissão;17/11/2025;1;https://agenciasus.org.br/shared-files/18172/?Edital-no-66-Anexos-DSEI-Kaiapo-do-Mato-Grosso.pdf
CASAI São Paulo;SP;38/2026;1;Publicação do Edital;16/06/2026;1;https://agenciasus.org.br/shared-files/32766/?Anexos-do-Processo-Seletivo-Simplificado-no-382026-–-CASAI-SP.pdf
CASAI São Paulo;SP;38/2026;2;Impugnação do Edital;17 a 19/06;1;https://agenciasus.org.br/shared-files/32766/?Anexos-do-Processo-Seletivo-Simplificado-no-382026-–-CASAI-SP.pdf
CASAI São Paulo;SP;38/2026;3;Período de inscrição e Envio dos Documentos Comprobatórios de Requisitos;25/06 a 04/07;1;https://agenciasus.org.br/shared-files/32766/?Anexos-do-Processo-Seletivo-Simplificado-no-382026-–-CASAI-SP.pdf
CASAI São Paulo;SP;38/2026;4;Resultado Preliminar da Avaliação Documental e de Títulos;24/07;1;https://agenciasus.org.br/shared-files/32766/?Anexos-do-Processo-Seletivo-Simplificado-no-382026-–-CASAI-SP.pdf
CASAI São Paulo;SP;38/2026;5;Prazo de recurso referente ao resultado preliminar da Avaliação Documental e de Títulos;26 e 27/07;1;https://agenciasus.org.br/shared-files/32766/?Anexos-do-Processo-Seletivo-Simplificado-no-382026-–-CASAI-SP.pdf
CASAI São Paulo;SP;38/2026;6;Resultado Final da Avaliação Documental e de Títulos;07/08;1;https://agenciasus.org.br/shared-files/32766/?Anexos-do-Processo-Seletivo-Simplificado-no-382026-–-CASAI-SP.pdf
CASAI São Paulo;SP;38/2026;7;Convocação para a Entrevista;10/08;1;https://agenciasus.org.br/shared-files/32766/?Anexos-do-Processo-Seletivo-Simplificado-no-382026-–-CASAI-SP.pdf
CASAI São Paulo;SP;38/2026;8;Período de Entrevistas;12 a 21/08;1;https://agenciasus.org.br/shared-files/32766/?Anexos-do-Processo-Seletivo-Simplificado-no-382026-–-CASAI-SP.pdf
CASAI São Paulo;SP;38/2026;9;Resultado Preliminar das Entrevistas;25/08;1;https://agenciasus.org.br/shared-files/32766/?Anexos-do-Processo-Seletivo-Simplificado-no-382026-–-CASAI-SP.pdf
CASAI São Paulo;SP;38/2026;10;Prazo para recursos referentes ao resultado preliminar das entrevistas;26 e 27/08;1;https://agenciasus.org.br/shared-files/32766/?Anexos-do-Processo-Seletivo-Simplificado-no-382026-–-CASAI-SP.pdf
CASAI São Paulo;SP;38/2026;11;Resultado final da Entrevista;09/09;1;https://agenciasus.org.br/shared-files/32766/?Anexos-do-Processo-Seletivo-Simplificado-no-382026-–-CASAI-SP.pdf
CASAI São Paulo;SP;38/2026;12;Resultado final do Processo Seletivo;11/09;1;https://agenciasus.org.br/shared-files/32766/?Anexos-do-Processo-Seletivo-Simplificado-no-382026-–-CASAI-SP.pdf
DSEI Pernambuco;PE;23/2026;1;Publicação do Edital;30/03/2026;1;https://agenciasus.org.br/shared-files/26800/?Anexo-III-EDITAL-No-232026-Anexos.pdf
DSEI Pernambuco;PE;23/2026;2;Impugnação do Edital;31/03/2026 a 02/04/2026;1;https://agenciasus.org.br/shared-files/26800/?Anexo-III-EDITAL-No-232026-Anexos.pdf
DSEI Pernambuco;PE;23/2026;3;Período de inscrição e Envio dos Documentos Comprobatórios de Requisitos;06/04/2026 a 13/04/2026;1;https://agenciasus.org.br/shared-files/26800/?Anexo-III-EDITAL-No-232026-Anexos.pdf
DSEI Pernambuco;PE;23/2026;4;Análise Curricular;14/04/2026 a 30/04/2026;1;https://agenciasus.org.br/shared-files/26800/?Anexo-III-EDITAL-No-232026-Anexos.pdf
DSEI Pernambuco;PE;23/2026;5;Resultado Preliminar da Análise Curricular;04/05/2026;1;https://agenciasus.org.br/shared-files/26800/?Anexo-III-EDITAL-No-232026-Anexos.pdf
DSEI Pernambuco;PE;23/2026;6;Abertura do prazo de recurso;05/05/2026 e 06/05/2026 *Os recursos devem ser enviados das 9h do dia 05/05 às 18h do dia 06/05 (Horário de Brasília/DF);1;https://agenciasus.org.br/shared-files/26800/?Anexo-III-EDITAL-No-232026-Anexos.pdf
DSEI Pernambuco;PE;23/2026;7;Análise dos recursos;07/05/2026 a 11/05/2026;1;https://agenciasus.org.br/shared-files/26800/?Anexo-III-EDITAL-No-232026-Anexos.pdf
DSEI Pernambuco;PE;23/2026;8;Resultado Final da Avaliação Curricular;13/05/2026;1;https://agenciasus.org.br/shared-files/26800/?Anexo-III-EDITAL-No-232026-Anexos.pdf
DSEI Pernambuco;PE;23/2026;9;Convocação para a Entrevista;14/05/2026 a 19/05/2026;1;https://agenciasus.org.br/shared-files/26800/?Anexo-III-EDITAL-No-232026-Anexos.pdf
DSEI Pernambuco;PE;23/2026;10;Entrevistas;21/05/2026 a 27/05/2026;1;https://agenciasus.org.br/shared-files/26800/?Anexo-III-EDITAL-No-232026-Anexos.pdf
DSEI Pernambuco;PE;23/2026;11;Resultado Preliminar da Entrevista;29/05/2026;1;https://agenciasus.org.br/shared-files/26800/?Anexo-III-EDITAL-No-232026-Anexos.pdf
DSEI Pernambuco;PE;23/2026;12;Prazo para recursos;01/06/2026 a 02/06/2026 *Os recursos devem ser enviados das 9h do dia 26/05 às 18h do dia 27/05 (Horário de Brasília/DF);1;https://agenciasus.org.br/shared-files/26800/?Anexo-III-EDITAL-No-232026-Anexos.pdf
DSEI Pernambuco;PE;23/2026;13;Análise e resposta aos recursos;03/06/2026 a 09/06/2026;1;https://agenciasus.org.br/shared-files/26800/?Anexo-III-EDITAL-No-232026-Anexos.pdf
DSEI Pernambuco;PE;23/2026;14;Resultado final da Entrevista e Resultado final do Processo Seletivo;10/06/2026;1;https://agenciasus.org.br/shared-files/26800/?Anexo-III-EDITAL-No-232026-Anexos.pdf
DSEI Pernambuco;PE;23/2026;15;Convocação para Exame Admissional;11/06/2026 a 12/06/2026;1;https://agenciasus.org.br/shared-files/26800/?Anexo-III-EDITAL-No-232026-Anexos.pdf
DSEI Pernambuco;PE;23/2026;16;Data prevista para Admissão;15/06/2026;1;https://agenciasus.org.br/shared-files/26800/?Anexo-III-EDITAL-No-232026-Anexos.pdf
DSEI Minas Gerais e Espírito Santo;MG;64/2025;1;Publicação do Edital;03/10/2025;1;https://agenciasus.org.br/shared-files/18165/?Edital-no-64-Anexos-DSEI-Minas-Gerais-e-Espirito-Santos.pdf
DSEI Minas Gerais e Espírito Santo;MG;64/2025;2;Impugnação do Edital;04/10, 05/10 e 06/10;1;https://agenciasus.org.br/shared-files/18165/?Edital-no-64-Anexos-DSEI-Minas-Gerais-e-Espirito-Santos.pdf
DSEI Minas Gerais e Espírito Santo;MG;64/2025;3;Período de inscrição e Envio dos Documentos Comprobatórios de Requisitos;07/10/2025 a 15/10/2025;1;https://agenciasus.org.br/shared-files/18165/?Edital-no-64-Anexos-DSEI-Minas-Gerais-e-Espirito-Santos.pdf
DSEI Minas Gerais e Espírito Santo;MG;64/2025;4;Análise Curricular;16/10/2025 a 24/10/2025;1;https://agenciasus.org.br/shared-files/18165/?Edital-no-64-Anexos-DSEI-Minas-Gerais-e-Espirito-Santos.pdf
DSEI Minas Gerais e Espírito Santo;MG;64/2025;5;Resultado Preliminar da Análise Curricular e Abertura do prazo de recurso;27/10/2025 *Os recursos devem ser enviados das 9h às 18h (Horário de Brasília/DF);1;https://agenciasus.org.br/shared-files/18165/?Edital-no-64-Anexos-DSEI-Minas-Gerais-e-Espirito-Santos.pdf
DSEI Minas Gerais e Espírito Santo;MG;64/2025;6;Análise dos recursos;28/10 a 29/10;1;https://agenciasus.org.br/shared-files/18165/?Edital-no-64-Anexos-DSEI-Minas-Gerais-e-Espirito-Santos.pdf
DSEI Minas Gerais e Espírito Santo;MG;64/2025;7;Resultado Final da Avaliação Curricular e convocação para a Entrevista;30/10/2025;1;https://agenciasus.org.br/shared-files/18165/?Edital-no-64-Anexos-DSEI-Minas-Gerais-e-Espirito-Santos.pdf
DSEI Minas Gerais e Espírito Santo;MG;64/2025;8;Entrevistas;31/10, 03/11, 04/11, 05/11 e 06/11;1;https://agenciasus.org.br/shared-files/18165/?Edital-no-64-Anexos-DSEI-Minas-Gerais-e-Espirito-Santos.pdf
DSEI Minas Gerais e Espírito Santo;MG;64/2025;9;Resultado Preliminar da Entrevista e abertura do prazo para recursos;07/11/2025 *Os recursos devem ser enviados das 9h às 18h (Horário de Brasília/DF);1;https://agenciasus.org.br/shared-files/18165/?Edital-no-64-Anexos-DSEI-Minas-Gerais-e-Espirito-Santos.pdf
DSEI Minas Gerais e Espírito Santo;MG;64/2025;10;Análise e resposta aos recursos;10/11/2025;1;https://agenciasus.org.br/shared-files/18165/?Edital-no-64-Anexos-DSEI-Minas-Gerais-e-Espirito-Santos.pdf
DSEI Minas Gerais e Espírito Santo;MG;64/2025;11;Resultado final da Entrevista;11/11/2025;1;https://agenciasus.org.br/shared-files/18165/?Edital-no-64-Anexos-DSEI-Minas-Gerais-e-Espirito-Santos.pdf
DSEI Minas Gerais e Espírito Santo;MG;64/2025;12;Resultado final do Processo Seletivo;12/11/2025;1;https://agenciasus.org.br/shared-files/18165/?Edital-no-64-Anexos-DSEI-Minas-Gerais-e-Espirito-Santos.pdf
DSEI Minas Gerais e Espírito Santo;MG;64/2025;13;Data prevista para convocação para realização do Exame Médico Ocupacional;13/11/2025 e 14/11/2025;1;https://agenciasus.org.br/shared-files/18165/?Edital-no-64-Anexos-DSEI-Minas-Gerais-e-Espirito-Santos.pdf
DSEI Minas Gerais e Espírito Santo;MG;64/2025;14;Data prevista para admissão;17/11/2025;1;https://agenciasus.org.br/shared-files/18165/?Edital-no-64-Anexos-DSEI-Minas-Gerais-e-Espirito-Santos.pdf
DSEI Potiguara;PB;36/2026;1;Publicação do Edital;12/06/2026;1;https://agenciasus.org.br/shared-files/32525/?Anexos-do-Processo-Seletivo-Simplificado-no-362026-–-DSEI-Potiguara.pdf
DSEI Potiguara;PB;36/2026;2;Impugnação do Edital;15 a 17/06;1;https://agenciasus.org.br/shared-files/32525/?Anexos-do-Processo-Seletivo-Simplificado-no-362026-–-DSEI-Potiguara.pdf
DSEI Potiguara;PB;36/2026;3;Período de Inscrição e Envio dos Documentos Comprobatórios de Requisitos;23 a 29/06;1;https://agenciasus.org.br/shared-files/32525/?Anexos-do-Processo-Seletivo-Simplificado-no-362026-–-DSEI-Potiguara.pdf
DSEI Potiguara;PB;36/2026;4;Resultado Preliminar da Avaliação Documental e de Títulos;16/07;1;https://agenciasus.org.br/shared-files/32525/?Anexos-do-Processo-Seletivo-Simplificado-no-362026-–-DSEI-Potiguara.pdf
DSEI Potiguara;PB;36/2026;5;Prazo de recurso referente ao resultado preliminar da Avaliação Documental e de Títulos;17 e 18/07;1;https://agenciasus.org.br/shared-files/32525/?Anexos-do-Processo-Seletivo-Simplificado-no-362026-–-DSEI-Potiguara.pdf
DSEI Potiguara;PB;36/2026;6;Resultado Final da Avaliação Documental e de Títulos;24/07;1;https://agenciasus.org.br/shared-files/32525/?Anexos-do-Processo-Seletivo-Simplificado-no-362026-–-DSEI-Potiguara.pdf
DSEI Potiguara;PB;36/2026;7;Convocação para a Entrevista;28/07;1;https://agenciasus.org.br/shared-files/32525/?Anexos-do-Processo-Seletivo-Simplificado-no-362026-–-DSEI-Potiguara.pdf
DSEI Potiguara;PB;36/2026;8;Período de Entrevistas;30/07 a 07/08;1;https://agenciasus.org.br/shared-files/32525/?Anexos-do-Processo-Seletivo-Simplificado-no-362026-–-DSEI-Potiguara.pdf
DSEI Potiguara;PB;36/2026;9;Resultado Preliminar das Entrevistas;11/08;1;https://agenciasus.org.br/shared-files/32525/?Anexos-do-Processo-Seletivo-Simplificado-no-362026-–-DSEI-Potiguara.pdf
DSEI Potiguara;PB;36/2026;10;Prazo para recursos referentes ao Resultado Preliminar das Entrevistas;12 e 13/08;1;https://agenciasus.org.br/shared-files/32525/?Anexos-do-Processo-Seletivo-Simplificado-no-362026-–-DSEI-Potiguara.pdf
DSEI Potiguara;PB;36/2026;11;Resultado Final da Entrevista;20/08;1;https://agenciasus.org.br/shared-files/32525/?Anexos-do-Processo-Seletivo-Simplificado-no-362026-–-DSEI-Potiguara.pdf
DSEI Potiguara;PB;36/2026;12;Resultado Final do Processo Seletivo;21/08;1;https://agenciasus.org.br/shared-files/32525/?Anexos-do-Processo-Seletivo-Simplificado-no-362026-–-DSEI-Potiguara.pdf
DSEI Potiguara;PB;36/2026;13;Convocação para Exame Admissional;26/08 e 27/08;1;https://agenciasus.org.br/shared-files/32525/?Anexos-do-Processo-Seletivo-Simplificado-no-362026-–-DSEI-Potiguara.pdf
DSEI Potiguara;PB;36/2026;14;Encaminhamento de Documentos e do Exame Admissional pelo(a) Candidato(a);28/08 e 31/08;1;https://agenciasus.org.br/shared-files/32525/?Anexos-do-Processo-Seletivo-Simplificado-no-362026-–-DSEI-Potiguara.pdf
DSEI Potiguara;PB;36/2026;15;Análise de Documentos e do Exame Admissional;01/09/ e 02/09;1;https://agenciasus.org.br/shared-files/32525/?Anexos-do-Processo-Seletivo-Simplificado-no-362026-–-DSEI-Potiguara.pdf
DSEI Potiguara;PB;36/2026;16;Data prevista para Admissão;03/09;1;https://agenciasus.org.br/shared-files/32525/?Anexos-do-Processo-Seletivo-Simplificado-no-362026-–-DSEI-Potiguara.pdf
DSEI Rio Tapajós;PA;71/2025;1;Publicação do Edital;10/10/2025;1;https://agenciasus.org.br/shared-files/19094/?ANEXOS-DSEI-RIO-TAPAJOS-1.pdf
DSEI Rio Tapajós;PA;71/2025;2;Impugnação ao Edital;11/10, 12/10 e 13/10;1;https://agenciasus.org.br/shared-files/19094/?ANEXOS-DSEI-RIO-TAPAJOS-1.pdf
DSEI Rio Tapajós;PA;71/2025;3;Período de inscrição e Envio dos Documentos Comprobatórios de Requisitos;14/10/2025 a 22/10/2025;1;https://agenciasus.org.br/shared-files/19094/?ANEXOS-DSEI-RIO-TAPAJOS-1.pdf
DSEI Rio Tapajós;PA;71/2025;4;Análise Curricular;23/10/2025 a 27/10/2025;1;https://agenciasus.org.br/shared-files/19094/?ANEXOS-DSEI-RIO-TAPAJOS-1.pdf
DSEI Rio Tapajós;PA;71/2025;5;Resultado Preliminar da Análise Curricular;28/10/2025;1;https://agenciasus.org.br/shared-files/19094/?ANEXOS-DSEI-RIO-TAPAJOS-1.pdf
DSEI Rio Tapajós;PA;71/2025;6;Recurso contra o Resultado Preliminar da Análise Curricular;29/10/2025 e 30/11/2025 *Os recursos devem ser enviados das 9h às 18h (Horário de Brasília/DF);1;https://agenciasus.org.br/shared-files/19094/?ANEXOS-DSEI-RIO-TAPAJOS-1.pdf
DSEI Rio Tapajós;PA;71/2025;7;Análise e resposta aos recursos;31/10/2025;1;https://agenciasus.org.br/shared-files/19094/?ANEXOS-DSEI-RIO-TAPAJOS-1.pdf
DSEI Rio Tapajós;PA;71/2025;8;Resultado Final da Avaliação Curricular e Convocação para a Entrevista;03/11/2025;1;https://agenciasus.org.br/shared-files/19094/?ANEXOS-DSEI-RIO-TAPAJOS-1.pdf
DSEI Rio Tapajós;PA;71/2025;9;Entrevistas;04/11 a 07/11;1;https://agenciasus.org.br/shared-files/19094/?ANEXOS-DSEI-RIO-TAPAJOS-1.pdf
DSEI Rio Tapajós;PA;71/2025;10;Resultado Preliminar da Entrevista;10/11/2025;1;https://agenciasus.org.br/shared-files/19094/?ANEXOS-DSEI-RIO-TAPAJOS-1.pdf
DSEI Rio Tapajós;PA;71/2025;11;Recurso contra o Resultado Preliminar da Entrevista;11/11 a 12/11 *Os recursos devem ser enviados das 9h às 18h (Horário de Brasília/DF);1;https://agenciasus.org.br/shared-files/19094/?ANEXOS-DSEI-RIO-TAPAJOS-1.pdf
DSEI Rio Tapajós;PA;71/2025;12;Análise e resposta aos recursos;13/11 e 14/11;1;https://agenciasus.org.br/shared-files/19094/?ANEXOS-DSEI-RIO-TAPAJOS-1.pdf
DSEI Rio Tapajós;PA;71/2025;13;Resultado Final do Processo Seletivo;17/11/2025;1;https://agenciasus.org.br/shared-files/19094/?ANEXOS-DSEI-RIO-TAPAJOS-1.pdf
DSEI Rio Tapajós;PA;71/2025;14;Convocação para realização do Exame Médico Ocupacional;18/11 e 19/11;1;https://agenciasus.org.br/shared-files/19094/?ANEXOS-DSEI-RIO-TAPAJOS-1.pdf
DSEI Rio Tapajós;PA;71/2025;15;Data prevista para admissão;21/11/2025;1;https://agenciasus.org.br/shared-files/19094/?ANEXOS-DSEI-RIO-TAPAJOS-1.pdf
DSEI Alto Rio Juruá;AC;79/2025;1;Publicação do Edital;27/10/2025;1;https://agenciasus.org.br/shared-files/19271/?ANEXOS_DSEI-ALTO-RIO-JURUA.pdf
DSEI Alto Rio Juruá;AC;79/2025;2;Impugnação do Edital;28/10, 29/10 e 30/10;1;https://agenciasus.org.br/shared-files/19271/?ANEXOS_DSEI-ALTO-RIO-JURUA.pdf
DSEI Alto Rio Juruá;AC;79/2025;3;Período de inscrição e Envio dos Documentos Comprobatórios de Requisitos;31/10/2025 a 10/11/2025;1;https://agenciasus.org.br/shared-files/19271/?ANEXOS_DSEI-ALTO-RIO-JURUA.pdf
DSEI Alto Rio Juruá;AC;79/2025;4;Análise Curricular;11/11/2025 a 14/11/2025;1;https://agenciasus.org.br/shared-files/19271/?ANEXOS_DSEI-ALTO-RIO-JURUA.pdf
DSEI Alto Rio Juruá;AC;79/2025;5;Resultado Preliminar da Análise Curricular e Abertura do prazo de recurso;17/11/2025 *Os recursos devem ser enviados das 9h às 18h (Horário de Brasília/DF);1;https://agenciasus.org.br/shared-files/19271/?ANEXOS_DSEI-ALTO-RIO-JURUA.pdf
DSEI Alto Rio Juruá;AC;79/2025;6;Análise dos recursos;18/11 a 19/11;1;https://agenciasus.org.br/shared-files/19271/?ANEXOS_DSEI-ALTO-RIO-JURUA.pdf
DSEI Alto Rio Juruá;AC;79/2025;7;Resultado Final da Avaliação Curricular e convocação para a Entrevista;21/11/2025;1;https://agenciasus.org.br/shared-files/19271/?ANEXOS_DSEI-ALTO-RIO-JURUA.pdf
DSEI Alto Rio Juruá;AC;79/2025;8;Entrevistas;24/11, 25/11 e 26/11;1;https://agenciasus.org.br/shared-files/19271/?ANEXOS_DSEI-ALTO-RIO-JURUA.pdf
DSEI Alto Rio Juruá;AC;79/2025;9;Resultado Preliminar da Entrevista e abertura do prazo para recursos;27/11/2025 *Os recursos devem ser enviados das 9h às 18h (Horário de Brasília/DF);1;https://agenciasus.org.br/shared-files/19271/?ANEXOS_DSEI-ALTO-RIO-JURUA.pdf
DSEI Alto Rio Juruá;AC;79/2025;10;Análise e resposta aos recursos;28/11/2025;1;https://agenciasus.org.br/shared-files/19271/?ANEXOS_DSEI-ALTO-RIO-JURUA.pdf
DSEI Alto Rio Juruá;AC;79/2025;11;Resultado final da Entrevista;01/12/2025;1;https://agenciasus.org.br/shared-files/19271/?ANEXOS_DSEI-ALTO-RIO-JURUA.pdf
DSEI Alto Rio Juruá;AC;79/2025;12;Resultado final do Processo Seletivo;02/12/2025;1;https://agenciasus.org.br/shared-files/19271/?ANEXOS_DSEI-ALTO-RIO-JURUA.pdf
DSEI Alto Rio Juruá;AC;79/2025;13;Data prevista para convocação para realização do Exame Médico Ocupacional;03 e 04/12;1;https://agenciasus.org.br/shared-files/19271/?ANEXOS_DSEI-ALTO-RIO-JURUA.pdf
DSEI Alto Rio Juruá;AC;79/2025;14;Data prevista para admissão;08/12/2025;1;https://agenciasus.org.br/shared-files/19271/?ANEXOS_DSEI-ALTO-RIO-JURUA.pdf
DSEI Guamá-Tocantins;PA;88/2025;1;Publicação do Edital;30/10/2025;1;https://agenciasus.org.br/shared-files/19540/?Anexos-do-Processo-Seletivo-Simplificado-no-88-2025-–-DSEI-Guama-Tocantins.pdf
DSEI Guamá-Tocantins;PA;88/2025;2;Impugnação ao Edital;31/10/2025 a 02/11/2025;1;https://agenciasus.org.br/shared-files/19540/?Anexos-do-Processo-Seletivo-Simplificado-no-88-2025-–-DSEI-Guama-Tocantins.pdf
DSEI Guamá-Tocantins;PA;88/2025;3;Período de inscrição e Envio dos Documentos Comprobatórios de Requisitos;03/11/2025 a 11/11/2025;1;https://agenciasus.org.br/shared-files/19540/?Anexos-do-Processo-Seletivo-Simplificado-no-88-2025-–-DSEI-Guama-Tocantins.pdf
DSEI Guamá-Tocantins;PA;88/2025;4;Análise Curricular;12/11/2025 a 17/11/2025;1;https://agenciasus.org.br/shared-files/19540/?Anexos-do-Processo-Seletivo-Simplificado-no-88-2025-–-DSEI-Guama-Tocantins.pdf
DSEI Guamá-Tocantins;PA;88/2025;5;Resultado Preliminar da Análise Curricular;18/11/2025;1;https://agenciasus.org.br/shared-files/19540/?Anexos-do-Processo-Seletivo-Simplificado-no-88-2025-–-DSEI-Guama-Tocantins.pdf
DSEI Guamá-Tocantins;PA;88/2025;6;Recurso contra o Resultado Preliminar da Análise Curricular;19/11/2025 e 21/11/2025 *Os recursos devem ser enviados das 9h às 18h (Horário de Brasília/DF);1;https://agenciasus.org.br/shared-files/19540/?Anexos-do-Processo-Seletivo-Simplificado-no-88-2025-–-DSEI-Guama-Tocantins.pdf
DSEI Guamá-Tocantins;PA;88/2025;7;Análise e resposta aos recursos;24/11/2025;1;https://agenciasus.org.br/shared-files/19540/?Anexos-do-Processo-Seletivo-Simplificado-no-88-2025-–-DSEI-Guama-Tocantins.pdf
DSEI Guamá-Tocantins;PA;88/2025;8;Resultado Final da Avaliação Curricular e Convocação para a Entrevista;25/11/2025;1;https://agenciasus.org.br/shared-files/19540/?Anexos-do-Processo-Seletivo-Simplificado-no-88-2025-–-DSEI-Guama-Tocantins.pdf
DSEI Guamá-Tocantins;PA;88/2025;9;Entrevistas;26/11/2025 a 28/11/2025 e 01/12/2025 a 04/12/2025;1;https://agenciasus.org.br/shared-files/19540/?Anexos-do-Processo-Seletivo-Simplificado-no-88-2025-–-DSEI-Guama-Tocantins.pdf
DSEI Guamá-Tocantins;PA;88/2025;10;Resultado Preliminar da Entrevista;08/12/2025;1;https://agenciasus.org.br/shared-files/19540/?Anexos-do-Processo-Seletivo-Simplificado-no-88-2025-–-DSEI-Guama-Tocantins.pdf
DSEI Guamá-Tocantins;PA;88/2025;11;Recurso contra o Resultado Preliminar da Entrevista;09/12/2025 e 10/12/2025 *Os recursos devem ser enviados das 9h às 18h (Horário de Brasília/DF);1;https://agenciasus.org.br/shared-files/19540/?Anexos-do-Processo-Seletivo-Simplificado-no-88-2025-–-DSEI-Guama-Tocantins.pdf
DSEI Guamá-Tocantins;PA;88/2025;12;Análise e resposta aos recursos;11/12/2025;1;https://agenciasus.org.br/shared-files/19540/?Anexos-do-Processo-Seletivo-Simplificado-no-88-2025-–-DSEI-Guama-Tocantins.pdf
DSEI Guamá-Tocantins;PA;88/2025;13;Resultado Final do Processo Seletivo;12/12/2025;1;https://agenciasus.org.br/shared-files/19540/?Anexos-do-Processo-Seletivo-Simplificado-no-88-2025-–-DSEI-Guama-Tocantins.pdf
DSEI Guamá-Tocantins;PA;88/2025;14;Convocação para realização do Exame Médico Ocupacional;15/12/2025 e 16/12/2025;1;https://agenciasus.org.br/shared-files/19540/?Anexos-do-Processo-Seletivo-Simplificado-no-88-2025-–-DSEI-Guama-Tocantins.pdf
DSEI Guamá-Tocantins;PA;88/2025;15;Data prevista para admissão;17/12/2025;1;https://agenciasus.org.br/shared-files/19540/?Anexos-do-Processo-Seletivo-Simplificado-no-88-2025-–-DSEI-Guama-Tocantins.pdf
DSEI Araguaia;MT;90/2025;1;Publicação do Edital;22/10/2025;1;https://agenciasus.org.br/shared-files/19340/?Edital-No-90-Retificacao-Anexos.pdf
DSEI Araguaia;MT;90/2025;2;Impugnação ao Edital;23/10, 24/10 e 25/10;1;https://agenciasus.org.br/shared-files/19340/?Edital-No-90-Retificacao-Anexos.pdf
DSEI Araguaia;MT;90/2025;3;Período de inscrição e Envio dos Documentos Comprobatórios de Requisitos;27/10/2025 a 04/11/2025;1;https://agenciasus.org.br/shared-files/19340/?Edital-No-90-Retificacao-Anexos.pdf
DSEI Araguaia;MT;90/2025;4;Análise Curricular;05/11/2025 a 11/11/2025;1;https://agenciasus.org.br/shared-files/19340/?Edital-No-90-Retificacao-Anexos.pdf
DSEI Araguaia;MT;90/2025;5;Resultado Preliminar da Análise Curricular;12/11/2025;1;https://agenciasus.org.br/shared-files/19340/?Edital-No-90-Retificacao-Anexos.pdf
DSEI Araguaia;MT;90/2025;6;Recurso contra o Resultado Preliminar da Análise Curricular;13/11/2025 e 14/11/2025 *Os recursos devem ser enviados das 9h às 18h (Horário de Brasília/DF);1;https://agenciasus.org.br/shared-files/19340/?Edital-No-90-Retificacao-Anexos.pdf
DSEI Araguaia;MT;90/2025;7;Análise e resposta aos recursos;17/11/2025;1;https://agenciasus.org.br/shared-files/19340/?Edital-No-90-Retificacao-Anexos.pdf
DSEI Araguaia;MT;90/2025;8;Resultado Final da Avaliação Curricular e Convocação para a Entrevista;18/11/2025;1;https://agenciasus.org.br/shared-files/19340/?Edital-No-90-Retificacao-Anexos.pdf
DSEI Araguaia;MT;90/2025;9;Entrevistas;19/11, 21/11, 24/11 e 25/11;1;https://agenciasus.org.br/shared-files/19340/?Edital-No-90-Retificacao-Anexos.pdf
DSEI Araguaia;MT;90/2025;10;Resultado Preliminar da Entrevista;26/11/2025;1;https://agenciasus.org.br/shared-files/19340/?Edital-No-90-Retificacao-Anexos.pdf
DSEI Araguaia;MT;90/2025;11;Recurso contra o Resultado Preliminar da Entrevista;27/11 e 28/11 *Os recursos devem ser enviados das 9h às 18h (Horário de Brasília/DF);1;https://agenciasus.org.br/shared-files/19340/?Edital-No-90-Retificacao-Anexos.pdf
DSEI Araguaia;MT;90/2025;12;Análise e resposta aos recursos;01/12/2025;1;https://agenciasus.org.br/shared-files/19340/?Edital-No-90-Retificacao-Anexos.pdf
DSEI Araguaia;MT;90/2025;13;Resultado Final do Processo Seletivo;02/12/2025;1;https://agenciasus.org.br/shared-files/19340/?Edital-No-90-Retificacao-Anexos.pdf
DSEI Araguaia;MT;90/2025;14;Convocação para realização do Exame Médico Ocupacional;03/12 a 05/12;1;https://agenciasus.org.br/shared-files/19340/?Edital-No-90-Retificacao-Anexos.pdf
DSEI Araguaia;MT;90/2025;15;Data prevista para admissão;08/12/2025;1;https://agenciasus.org.br/shared-files/19340/?Edital-No-90-Retificacao-Anexos.pdf
DSEI Alagoas e Sergipe;AL;34/2026;1;Publicação do Edital;16/06/2026;1;https://agenciasus.org.br/shared-files/32800/?Anexos-do-Processo-Seletivo-Simplificado-Sanitarista-no-342026-–-DSEI-ALSE.pdf
DSEI Alagoas e Sergipe;AL;34/2026;2;Impugnação do Edital;17 a 19/06;1;https://agenciasus.org.br/shared-files/32800/?Anexos-do-Processo-Seletivo-Simplificado-Sanitarista-no-342026-–-DSEI-ALSE.pdf
DSEI Alagoas e Sergipe;AL;34/2026;3;Período de inscrição e Envio dos Documentos Comprobatórios de Requisitos;23 a 28/06;1;https://agenciasus.org.br/shared-files/32800/?Anexos-do-Processo-Seletivo-Simplificado-Sanitarista-no-342026-–-DSEI-ALSE.pdf
DSEI Alagoas e Sergipe;AL;34/2026;4;Resultado Preliminar da Avaliação Documental e de Títulos;09/07;1;https://agenciasus.org.br/shared-files/32800/?Anexos-do-Processo-Seletivo-Simplificado-Sanitarista-no-342026-–-DSEI-ALSE.pdf
DSEI Alagoas e Sergipe;AL;34/2026;5;Prazo de recurso referente ao resultado preliminar da Avaliação Documental e de Títulos;10 e 11/07;1;https://agenciasus.org.br/shared-files/32800/?Anexos-do-Processo-Seletivo-Simplificado-Sanitarista-no-342026-–-DSEI-ALSE.pdf
DSEI Alagoas e Sergipe;AL;34/2026;6;Resultado Final da Avaliação Documental e de Títulos;16/07;1;https://agenciasus.org.br/shared-files/32800/?Anexos-do-Processo-Seletivo-Simplificado-Sanitarista-no-342026-–-DSEI-ALSE.pdf
DSEI Alagoas e Sergipe;AL;34/2026;7;Convocação para a Entrevista;17/07;1;https://agenciasus.org.br/shared-files/32800/?Anexos-do-Processo-Seletivo-Simplificado-Sanitarista-no-342026-–-DSEI-ALSE.pdf
DSEI Alagoas e Sergipe;AL;34/2026;8;Período de Entrevistas;20 a 22/07;1;https://agenciasus.org.br/shared-files/32800/?Anexos-do-Processo-Seletivo-Simplificado-Sanitarista-no-342026-–-DSEI-ALSE.pdf
DSEI Alagoas e Sergipe;AL;34/2026;9;Resultado Preliminar das Entrevistas;23/07;1;https://agenciasus.org.br/shared-files/32800/?Anexos-do-Processo-Seletivo-Simplificado-Sanitarista-no-342026-–-DSEI-ALSE.pdf
DSEI Alagoas e Sergipe;AL;34/2026;10;Prazo para recursos referentes ao resultado preliminar das entrevistas;24/07 e 25/07;1;https://agenciasus.org.br/shared-files/32800/?Anexos-do-Processo-Seletivo-Simplificado-Sanitarista-no-342026-–-DSEI-ALSE.pdf
DSEI Alagoas e Sergipe;AL;34/2026;11;Análise e resposta aos recursos referentes ao resultado preliminar das entrevistas;27 e 28/07;1;https://agenciasus.org.br/shared-files/32800/?Anexos-do-Processo-Seletivo-Simplificado-Sanitarista-no-342026-–-DSEI-ALSE.pdf
DSEI Alagoas e Sergipe;AL;34/2026;12;Resultado final da Entrevista;29/07;1;https://agenciasus.org.br/shared-files/32800/?Anexos-do-Processo-Seletivo-Simplificado-Sanitarista-no-342026-–-DSEI-ALSE.pdf
DSEI Alagoas e Sergipe;AL;34/2026;13;Resultado final do Processo Seletivo;29/07;1;https://agenciasus.org.br/shared-files/32800/?Anexos-do-Processo-Seletivo-Simplificado-Sanitarista-no-342026-–-DSEI-ALSE.pdf
DSEI Altamira;PA;39/2026;1;Publicação do Edital;16/06/2026;1;https://agenciasus.org.br/shared-files/32767/?Anexos-Altamira.pdf
DSEI Altamira;PA;39/2026;2;Impugnação do Edital;17 a 19/06;1;https://agenciasus.org.br/shared-files/32767/?Anexos-Altamira.pdf
DSEI Altamira;PA;39/2026;3;Período de inscrição e Envio dos Documentos Comprobatórios de Requisitos;23 a 28/06;1;https://agenciasus.org.br/shared-files/32767/?Anexos-Altamira.pdf
DSEI Altamira;PA;39/2026;4;Resultado Preliminar da Avaliação Documental e de Títulos;09/07;1;https://agenciasus.org.br/shared-files/32767/?Anexos-Altamira.pdf
DSEI Altamira;PA;39/2026;5;Prazo de recurso referente ao resultado preliminar da Avaliação Documental e de Títulos;10 e 11/07;1;https://agenciasus.org.br/shared-files/32767/?Anexos-Altamira.pdf
DSEI Altamira;PA;39/2026;6;Resultado Final da Avaliação Documental e de Títulos;16/07;1;https://agenciasus.org.br/shared-files/32767/?Anexos-Altamira.pdf
DSEI Altamira;PA;39/2026;7;Convocação para a Entrevista;17/07;1;https://agenciasus.org.br/shared-files/32767/?Anexos-Altamira.pdf
DSEI Altamira;PA;39/2026;8;Período de Entrevistas;20 a 22/07;1;https://agenciasus.org.br/shared-files/32767/?Anexos-Altamira.pdf
DSEI Altamira;PA;39/2026;9;Resultado Preliminar das Entrevistas;23/07;1;https://agenciasus.org.br/shared-files/32767/?Anexos-Altamira.pdf
DSEI Altamira;PA;39/2026;10;Prazo para recursos referentes ao resultado preliminar das entrevistas;24/07 e 25/07;1;https://agenciasus.org.br/shared-files/32767/?Anexos-Altamira.pdf
DSEI Altamira;PA;39/2026;11;Análise e resposta aos recursos referentes ao resultado preliminar das entrevistas;27 e 28/07;1;https://agenciasus.org.br/shared-files/32767/?Anexos-Altamira.pdf
DSEI Altamira;PA;39/2026;12;Resultado final da Entrevista;29/07;1;https://agenciasus.org.br/shared-files/32767/?Anexos-Altamira.pdf
DSEI Altamira;PA;39/2026;13;Resultado final do Processo Seletivo;29/07;1;https://agenciasus.org.br/shared-files/32767/?Anexos-Altamira.pdf
DSEI Alto Rio Juruá;AC;40/2026;1;Publicação do Edital;16/06/2026;1;https://agenciasus.org.br/shared-files/32867/?Anexos-Alto-Rio-Jurua.pdf
DSEI Alto Rio Juruá;AC;40/2026;2;Impugnação do Edital;17 a 19/06;1;https://agenciasus.org.br/shared-files/32867/?Anexos-Alto-Rio-Jurua.pdf
DSEI Alto Rio Juruá;AC;40/2026;3;Período de inscrição e Envio dos Documentos Comprobatórios de Requisitos;23 a 28/06;1;https://agenciasus.org.br/shared-files/32867/?Anexos-Alto-Rio-Jurua.pdf
DSEI Alto Rio Juruá;AC;40/2026;4;Resultado Preliminar da Avaliação Documental e de Títulos;09/07;1;https://agenciasus.org.br/shared-files/32867/?Anexos-Alto-Rio-Jurua.pdf
DSEI Alto Rio Juruá;AC;40/2026;5;Prazo de recurso referente ao resultado preliminar da Avaliação Documental e de Títulos;10 e 11/07;1;https://agenciasus.org.br/shared-files/32867/?Anexos-Alto-Rio-Jurua.pdf
DSEI Alto Rio Juruá;AC;40/2026;6;Resultado Final da Avaliação Documental e de Títulos;16/07;1;https://agenciasus.org.br/shared-files/32867/?Anexos-Alto-Rio-Jurua.pdf
DSEI Alto Rio Juruá;AC;40/2026;7;Convocação para a Entrevista;17/07;1;https://agenciasus.org.br/shared-files/32867/?Anexos-Alto-Rio-Jurua.pdf
DSEI Alto Rio Juruá;AC;40/2026;8;Período de Entrevistas;20 a 22/07;1;https://agenciasus.org.br/shared-files/32867/?Anexos-Alto-Rio-Jurua.pdf
DSEI Alto Rio Juruá;AC;40/2026;9;Resultado Preliminar das Entrevistas;23/07;1;https://agenciasus.org.br/shared-files/32867/?Anexos-Alto-Rio-Jurua.pdf
DSEI Alto Rio Juruá;AC;40/2026;10;Prazo para recursos referentes ao resultado preliminar das entrevistas;24/07 e 25/07;1;https://agenciasus.org.br/shared-files/32867/?Anexos-Alto-Rio-Jurua.pdf
DSEI Alto Rio Juruá;AC;40/2026;11;Análise e resposta aos recursos referentes ao resultado preliminar das entrevistas;27 e 28/07;1;https://agenciasus.org.br/shared-files/32867/?Anexos-Alto-Rio-Jurua.pdf
DSEI Alto Rio Juruá;AC;40/2026;12;Resultado final da Entrevista;29/07;1;https://agenciasus.org.br/shared-files/32867/?Anexos-Alto-Rio-Jurua.pdf
DSEI Alto Rio Juruá;AC;40/2026;13;Resultado final do Processo Seletivo;29/07;1;https://agenciasus.org.br/shared-files/32867/?Anexos-Alto-Rio-Jurua.pdf
DSEI Alto Rio Negro;AM;41/2026;1;Publicação do Edital;16/06/2026;1;https://agenciasus.org.br/shared-files/32822/?anexos-arn.pdf
DSEI Alto Rio Negro;AM;41/2026;2;Impugnação do Edital;17 a 19/06;1;https://agenciasus.org.br/shared-files/32822/?anexos-arn.pdf
DSEI Alto Rio Negro;AM;41/2026;3;Período de inscrição e Envio dos Documentos Comprobatórios de Requisitos;23 a 28/06;1;https://agenciasus.org.br/shared-files/32822/?anexos-arn.pdf
DSEI Alto Rio Negro;AM;41/2026;4;Resultado Preliminar da Avaliação Documental e de Títulos;09/07;1;https://agenciasus.org.br/shared-files/32822/?anexos-arn.pdf
DSEI Alto Rio Negro;AM;41/2026;5;Prazo de recurso referente ao resultado preliminar da Avaliação Documental e de Títulos;10 e 11/07;1;https://agenciasus.org.br/shared-files/32822/?anexos-arn.pdf
DSEI Alto Rio Negro;AM;41/2026;6;Resultado Final da Avaliação Documental e de Títulos;16/07;1;https://agenciasus.org.br/shared-files/32822/?anexos-arn.pdf
DSEI Alto Rio Negro;AM;41/2026;7;Convocação para a Entrevista;17/07;1;https://agenciasus.org.br/shared-files/32822/?anexos-arn.pdf
DSEI Alto Rio Negro;AM;41/2026;8;Período de Entrevistas;20 a 22/07;1;https://agenciasus.org.br/shared-files/32822/?anexos-arn.pdf
DSEI Alto Rio Negro;AM;41/2026;9;Resultado Preliminar das Entrevistas;23/07;1;https://agenciasus.org.br/shared-files/32822/?anexos-arn.pdf
DSEI Alto Rio Negro;AM;41/2026;10;Prazo para recursos referentes ao resultado preliminar das entrevistas;24/07 e 25/07;1;https://agenciasus.org.br/shared-files/32822/?anexos-arn.pdf
DSEI Alto Rio Negro;AM;41/2026;11;Análise e resposta aos recursos referentes ao resultado preliminar das entrevistas;27 e 28/07;1;https://agenciasus.org.br/shared-files/32822/?anexos-arn.pdf
DSEI Alto Rio Negro;AM;41/2026;12;Resultado final da Entrevista;29/07;1;https://agenciasus.org.br/shared-files/32822/?anexos-arn.pdf
DSEI Alto Rio Negro;AM;41/2026;13;Resultado final do Processo Seletivo;29/07;1;https://agenciasus.org.br/shared-files/32822/?anexos-arn.pdf
DSEI Alto Rio Purus;AC;42/2026;1;Publicação do Edital;16/06/2026;1;https://agenciasus.org.br/shared-files/32772/?Anexos-do-Processo-Seletivo-Simplificado-Sanitarista-no-422026-–-DSEI-Alto-Rio-Purus.pdf
DSEI Alto Rio Purus;AC;42/2026;2;Impugnação do Edital;17 a 19/06;1;https://agenciasus.org.br/shared-files/32772/?Anexos-do-Processo-Seletivo-Simplificado-Sanitarista-no-422026-–-DSEI-Alto-Rio-Purus.pdf
DSEI Alto Rio Purus;AC;42/2026;3;Período de inscrição e Envio dos Documentos Comprobatórios de Requisitos;23 a 28/06;1;https://agenciasus.org.br/shared-files/32772/?Anexos-do-Processo-Seletivo-Simplificado-Sanitarista-no-422026-–-DSEI-Alto-Rio-Purus.pdf
DSEI Alto Rio Purus;AC;42/2026;4;Resultado Preliminar da Avaliação Documental e de Títulos;09/07;1;https://agenciasus.org.br/shared-files/32772/?Anexos-do-Processo-Seletivo-Simplificado-Sanitarista-no-422026-–-DSEI-Alto-Rio-Purus.pdf
DSEI Alto Rio Purus;AC;42/2026;5;Prazo de recurso referente ao resultado preliminar da Avaliação Documental e de Títulos;10 e 11/07;1;https://agenciasus.org.br/shared-files/32772/?Anexos-do-Processo-Seletivo-Simplificado-Sanitarista-no-422026-–-DSEI-Alto-Rio-Purus.pdf
DSEI Alto Rio Purus;AC;42/2026;6;Resultado Final da Avaliação Documental e de Títulos;16/07;1;https://agenciasus.org.br/shared-files/32772/?Anexos-do-Processo-Seletivo-Simplificado-Sanitarista-no-422026-–-DSEI-Alto-Rio-Purus.pdf
DSEI Alto Rio Purus;AC;42/2026;7;Convocação para a Entrevista;17/07;1;https://agenciasus.org.br/shared-files/32772/?Anexos-do-Processo-Seletivo-Simplificado-Sanitarista-no-422026-–-DSEI-Alto-Rio-Purus.pdf
DSEI Alto Rio Purus;AC;42/2026;8;Período de Entrevistas;20 a 22/07;1;https://agenciasus.org.br/shared-files/32772/?Anexos-do-Processo-Seletivo-Simplificado-Sanitarista-no-422026-–-DSEI-Alto-Rio-Purus.pdf
DSEI Alto Rio Purus;AC;42/2026;9;Resultado Preliminar das Entrevistas;23/07;1;https://agenciasus.org.br/shared-files/32772/?Anexos-do-Processo-Seletivo-Simplificado-Sanitarista-no-422026-–-DSEI-Alto-Rio-Purus.pdf
DSEI Alto Rio Purus;AC;42/2026;10;Prazo para recursos referentes ao resultado preliminar das entrevistas;24/07 e 25/07;1;https://agenciasus.org.br/shared-files/32772/?Anexos-do-Processo-Seletivo-Simplificado-Sanitarista-no-422026-–-DSEI-Alto-Rio-Purus.pdf
DSEI Alto Rio Purus;AC;42/2026;11;Análise e resposta aos recursos referentes ao resultado preliminar das entrevistas;27 e 28/07;1;https://agenciasus.org.br/shared-files/32772/?Anexos-do-Processo-Seletivo-Simplificado-Sanitarista-no-422026-–-DSEI-Alto-Rio-Purus.pdf
DSEI Alto Rio Purus;AC;42/2026;12;Resultado final da Entrevista;29/07;1;https://agenciasus.org.br/shared-files/32772/?Anexos-do-Processo-Seletivo-Simplificado-Sanitarista-no-422026-–-DSEI-Alto-Rio-Purus.pdf
DSEI Alto Rio Purus;AC;42/2026;13;Resultado final do Processo Seletivo;29/07;1;https://agenciasus.org.br/shared-files/32772/?Anexos-do-Processo-Seletivo-Simplificado-Sanitarista-no-422026-–-DSEI-Alto-Rio-Purus.pdf
DSEI Alto Rio Solimões;AM;43/2026;1;Publicação do Edital;16/06/2026;1;https://agenciasus.org.br/shared-files/32927/?Alto-Rio-Solimoes-1.pdf
DSEI Alto Rio Solimões;AM;43/2026;2;Impugnação do Edital;17 a 19/06;1;https://agenciasus.org.br/shared-files/32927/?Alto-Rio-Solimoes-1.pdf
DSEI Alto Rio Solimões;AM;43/2026;3;Período de inscrição e Envio dos Documentos Comprobatórios de Requisitos;23 a 28/06;1;https://agenciasus.org.br/shared-files/32927/?Alto-Rio-Solimoes-1.pdf
DSEI Alto Rio Solimões;AM;43/2026;4;Resultado Preliminar da Avaliação Documental e de Títulos;09/07;1;https://agenciasus.org.br/shared-files/32927/?Alto-Rio-Solimoes-1.pdf
DSEI Alto Rio Solimões;AM;43/2026;5;Prazo de recurso referente ao resultado preliminar da Avaliação Documental e de Títulos;10 e 11/07;1;https://agenciasus.org.br/shared-files/32927/?Alto-Rio-Solimoes-1.pdf
DSEI Alto Rio Solimões;AM;43/2026;6;Resultado Final da Avaliação Documental e de Títulos;16/07;1;https://agenciasus.org.br/shared-files/32927/?Alto-Rio-Solimoes-1.pdf
DSEI Alto Rio Solimões;AM;43/2026;7;Convocação para a Entrevista;17/07;1;https://agenciasus.org.br/shared-files/32927/?Alto-Rio-Solimoes-1.pdf
DSEI Alto Rio Solimões;AM;43/2026;8;Período de Entrevistas;20 a 22/07;1;https://agenciasus.org.br/shared-files/32927/?Alto-Rio-Solimoes-1.pdf
DSEI Alto Rio Solimões;AM;43/2026;9;Resultado Preliminar das Entrevistas;23/07;1;https://agenciasus.org.br/shared-files/32927/?Alto-Rio-Solimoes-1.pdf
DSEI Alto Rio Solimões;AM;43/2026;10;Prazo para recursos referentes ao resultado preliminar das entrevistas;24/07 e 25/07;1;https://agenciasus.org.br/shared-files/32927/?Alto-Rio-Solimoes-1.pdf
DSEI Alto Rio Solimões;AM;43/2026;11;Análise e resposta aos recursos referentes ao resultado preliminar das entrevistas;27 e 28/07;1;https://agenciasus.org.br/shared-files/32927/?Alto-Rio-Solimoes-1.pdf
DSEI Alto Rio Solimões;AM;43/2026;12;Resultado final da Entrevista;29/07;1;https://agenciasus.org.br/shared-files/32927/?Alto-Rio-Solimoes-1.pdf
DSEI Alto Rio Solimões;AM;43/2026;13;Resultado final do Processo Seletivo;29/07;1;https://agenciasus.org.br/shared-files/32927/?Alto-Rio-Solimoes-1.pdf
DSEI Amapá e Norte do Pará;AP;44/2026;1;Publicação do Edital;16/06/2026;1;https://agenciasus.org.br/shared-files/32860/?Anexos-Amapa-e-Norte-do-Para-1.pdf
DSEI Amapá e Norte do Pará;AP;44/2026;2;Impugnação do Edital;17 a 19/06;1;https://agenciasus.org.br/shared-files/32860/?Anexos-Amapa-e-Norte-do-Para-1.pdf
DSEI Amapá e Norte do Pará;AP;44/2026;3;Período de inscrição e Envio dos Documentos Comprobatórios de Requisitos;23 a 28/06;1;https://agenciasus.org.br/shared-files/32860/?Anexos-Amapa-e-Norte-do-Para-1.pdf
DSEI Amapá e Norte do Pará;AP;44/2026;4;Resultado Preliminar da Avaliação Documental e de Títulos;09/07;1;https://agenciasus.org.br/shared-files/32860/?Anexos-Amapa-e-Norte-do-Para-1.pdf
DSEI Amapá e Norte do Pará;AP;44/2026;5;Prazo de recurso referente ao resultado preliminar da Avaliação Documental e de Títulos;10 e 11/07;1;https://agenciasus.org.br/shared-files/32860/?Anexos-Amapa-e-Norte-do-Para-1.pdf
DSEI Amapá e Norte do Pará;AP;44/2026;6;Resultado Final da Avaliação Documental e de Títulos;16/07;1;https://agenciasus.org.br/shared-files/32860/?Anexos-Amapa-e-Norte-do-Para-1.pdf
DSEI Amapá e Norte do Pará;AP;44/2026;7;Convocação para a Entrevista;17/07;1;https://agenciasus.org.br/shared-files/32860/?Anexos-Amapa-e-Norte-do-Para-1.pdf
DSEI Amapá e Norte do Pará;AP;44/2026;8;Período de Entrevistas;20 a 22/07;1;https://agenciasus.org.br/shared-files/32860/?Anexos-Amapa-e-Norte-do-Para-1.pdf
DSEI Amapá e Norte do Pará;AP;44/2026;9;Resultado Preliminar das Entrevistas;23/07;1;https://agenciasus.org.br/shared-files/32860/?Anexos-Amapa-e-Norte-do-Para-1.pdf
DSEI Amapá e Norte do Pará;AP;44/2026;10;Prazo para recursos referentes ao resultado preliminar das entrevistas;24/07 e 25/07;1;https://agenciasus.org.br/shared-files/32860/?Anexos-Amapa-e-Norte-do-Para-1.pdf
DSEI Amapá e Norte do Pará;AP;44/2026;11;Análise e resposta aos recursos referentes ao resultado preliminar das entrevistas;27 e 28/07;1;https://agenciasus.org.br/shared-files/32860/?Anexos-Amapa-e-Norte-do-Para-1.pdf
DSEI Amapá e Norte do Pará;AP;44/2026;12;Resultado final da Entrevista;29/07;1;https://agenciasus.org.br/shared-files/32860/?Anexos-Amapa-e-Norte-do-Para-1.pdf
DSEI Amapá e Norte do Pará;AP;44/2026;13;Resultado final do Processo Seletivo;29/07;1;https://agenciasus.org.br/shared-files/32860/?Anexos-Amapa-e-Norte-do-Para-1.pdf
DSEI Amapá e Norte do Pará;AP;84/2025;1;Publicação do Edital;22/10/2025;1;https://agenciasus.org.br/shared-files/19338/?Edital-No-84-Retificacao-Anexos.pdf
DSEI Amapá e Norte do Pará;AP;84/2025;2;Impugnação ao Edital;23/10, 24/10 e 25/10;1;https://agenciasus.org.br/shared-files/19338/?Edital-No-84-Retificacao-Anexos.pdf
DSEI Amapá e Norte do Pará;AP;84/2025;3;Período de inscrição e Envio dos Documentos Comprobatórios de Requisitos;27/10/2025 a 04/11/2025;1;https://agenciasus.org.br/shared-files/19338/?Edital-No-84-Retificacao-Anexos.pdf
DSEI Amapá e Norte do Pará;AP;84/2025;4;Análise Curricular;05/11/2025 a 11/11/2025;1;https://agenciasus.org.br/shared-files/19338/?Edital-No-84-Retificacao-Anexos.pdf
DSEI Amapá e Norte do Pará;AP;84/2025;5;Resultado Preliminar da Análise Curricular;12/11/2025;1;https://agenciasus.org.br/shared-files/19338/?Edital-No-84-Retificacao-Anexos.pdf
DSEI Amapá e Norte do Pará;AP;84/2025;6;Recurso contra o Resultado Preliminar da Análise Curricular;13/11/2025 e 14/11/2025 *Os recursos devem ser enviados das 9h às 18h (Horário de Brasília/DF);1;https://agenciasus.org.br/shared-files/19338/?Edital-No-84-Retificacao-Anexos.pdf
DSEI Amapá e Norte do Pará;AP;84/2025;7;Análise e resposta aos recursos;17/11/2025;1;https://agenciasus.org.br/shared-files/19338/?Edital-No-84-Retificacao-Anexos.pdf
DSEI Amapá e Norte do Pará;AP;84/2025;8;Resultado Final da Avaliação Curricular e Convocação para a Entrevista;18/11/2025;1;https://agenciasus.org.br/shared-files/19338/?Edital-No-84-Retificacao-Anexos.pdf
DSEI Amapá e Norte do Pará;AP;84/2025;9;Entrevistas;19/11, 21/11, 24/11 e 25/11;1;https://agenciasus.org.br/shared-files/19338/?Edital-No-84-Retificacao-Anexos.pdf
DSEI Amapá e Norte do Pará;AP;84/2025;10;Resultado Preliminar da Entrevista;26/11/2025;1;https://agenciasus.org.br/shared-files/19338/?Edital-No-84-Retificacao-Anexos.pdf
DSEI Amapá e Norte do Pará;AP;84/2025;11;Recurso contra o Resultado Preliminar da Entrevista;27/11 e 28/11 *Os recursos devem ser enviados das 9h às 18h (Horário de Brasília/DF);1;https://agenciasus.org.br/shared-files/19338/?Edital-No-84-Retificacao-Anexos.pdf
DSEI Amapá e Norte do Pará;AP;84/2025;12;Análise e resposta aos recursos;01/12/2025;1;https://agenciasus.org.br/shared-files/19338/?Edital-No-84-Retificacao-Anexos.pdf
DSEI Amapá e Norte do Pará;AP;84/2025;13;Resultado Final do Processo Seletivo;02/12/2025;1;https://agenciasus.org.br/shared-files/19338/?Edital-No-84-Retificacao-Anexos.pdf
DSEI Amapá e Norte do Pará;AP;84/2025;14;Convocação para realização do Exame Médico Ocupacional;03/12 a 05/12;1;https://agenciasus.org.br/shared-files/19338/?Edital-No-84-Retificacao-Anexos.pdf
DSEI Amapá e Norte do Pará;AP;84/2025;15;Data prevista para admissão;08/12/2025;1;https://agenciasus.org.br/shared-files/19338/?Edital-No-84-Retificacao-Anexos.pdf
DSEI Araguaia;MT;45/2026;1;Publicação do Edital;16/06/2026;1;https://agenciasus.org.br/shared-files/32857/?DSEI-Araguaia.pdf
DSEI Araguaia;MT;45/2026;2;Impugnação do Edital;17 a 19/06;1;https://agenciasus.org.br/shared-files/32857/?DSEI-Araguaia.pdf
DSEI Araguaia;MT;45/2026;3;Período de inscrição e Envio dos Documentos Comprobatórios de Requisitos;23 a 28/06;1;https://agenciasus.org.br/shared-files/32857/?DSEI-Araguaia.pdf
DSEI Araguaia;MT;45/2026;4;Resultado Preliminar da Avaliação Documental e de Títulos;09/07;1;https://agenciasus.org.br/shared-files/32857/?DSEI-Araguaia.pdf
DSEI Araguaia;MT;45/2026;5;Prazo de recurso referente ao resultado preliminar da Avaliação Documental e de Títulos;10 e 11/07;1;https://agenciasus.org.br/shared-files/32857/?DSEI-Araguaia.pdf
DSEI Araguaia;MT;45/2026;6;Resultado Final da Avaliação Documental e de Títulos;16/07;1;https://agenciasus.org.br/shared-files/32857/?DSEI-Araguaia.pdf
DSEI Araguaia;MT;45/2026;7;Convocação para a Entrevista;17/07;1;https://agenciasus.org.br/shared-files/32857/?DSEI-Araguaia.pdf
DSEI Araguaia;MT;45/2026;8;Período de Entrevistas;20 a 22/07;1;https://agenciasus.org.br/shared-files/32857/?DSEI-Araguaia.pdf
DSEI Araguaia;MT;45/2026;9;Resultado Preliminar das Entrevistas;23/07;1;https://agenciasus.org.br/shared-files/32857/?DSEI-Araguaia.pdf
DSEI Araguaia;MT;45/2026;10;Prazo para recursos referentes ao resultado preliminar das entrevistas;24/07 e 25/07;1;https://agenciasus.org.br/shared-files/32857/?DSEI-Araguaia.pdf
DSEI Araguaia;MT;45/2026;11;Análise e resposta aos recursos referentes ao resultado preliminar das entrevistas;27 e 28/07;1;https://agenciasus.org.br/shared-files/32857/?DSEI-Araguaia.pdf
DSEI Araguaia;MT;45/2026;12;Resultado final da Entrevista;29/07;1;https://agenciasus.org.br/shared-files/32857/?DSEI-Araguaia.pdf
DSEI Araguaia;MT;45/2026;13;Resultado final do Processo Seletivo;29/07;1;https://agenciasus.org.br/shared-files/32857/?DSEI-Araguaia.pdf
DSEI Bahia;BA;46/2026;1;Publicação do Edital;16/06/2026;1;https://agenciasus.org.br/shared-files/32931/?Anexos-do-Processo-Seletivo-Simplificado-Sanitarista-no-46.2026-DSEI-Bahia.pdf
DSEI Bahia;BA;46/2026;2;Impugnação do Edital;17 a 19/06;1;https://agenciasus.org.br/shared-files/32931/?Anexos-do-Processo-Seletivo-Simplificado-Sanitarista-no-46.2026-DSEI-Bahia.pdf
DSEI Bahia;BA;46/2026;3;Período de inscrição e Envio dos Documentos Comprobatórios de Requisitos;23 a 28/06;1;https://agenciasus.org.br/shared-files/32931/?Anexos-do-Processo-Seletivo-Simplificado-Sanitarista-no-46.2026-DSEI-Bahia.pdf
DSEI Bahia;BA;46/2026;4;Resultado Preliminar da Avaliação Documental e de Títulos;09/07;1;https://agenciasus.org.br/shared-files/32931/?Anexos-do-Processo-Seletivo-Simplificado-Sanitarista-no-46.2026-DSEI-Bahia.pdf
DSEI Bahia;BA;46/2026;5;Prazo de recurso referente ao resultado preliminar da Avaliação Documental e de Títulos;10 e 11/07;1;https://agenciasus.org.br/shared-files/32931/?Anexos-do-Processo-Seletivo-Simplificado-Sanitarista-no-46.2026-DSEI-Bahia.pdf
DSEI Bahia;BA;46/2026;6;Resultado Final da Avaliação Documental e de Títulos;16/07;1;https://agenciasus.org.br/shared-files/32931/?Anexos-do-Processo-Seletivo-Simplificado-Sanitarista-no-46.2026-DSEI-Bahia.pdf
DSEI Bahia;BA;46/2026;7;Convocação para a Entrevista;17/07;1;https://agenciasus.org.br/shared-files/32931/?Anexos-do-Processo-Seletivo-Simplificado-Sanitarista-no-46.2026-DSEI-Bahia.pdf
DSEI Bahia;BA;46/2026;8;Período de Entrevistas;20 a 22/07;1;https://agenciasus.org.br/shared-files/32931/?Anexos-do-Processo-Seletivo-Simplificado-Sanitarista-no-46.2026-DSEI-Bahia.pdf
DSEI Bahia;BA;46/2026;9;Resultado Preliminar das Entrevistas;23/07;1;https://agenciasus.org.br/shared-files/32931/?Anexos-do-Processo-Seletivo-Simplificado-Sanitarista-no-46.2026-DSEI-Bahia.pdf
DSEI Bahia;BA;46/2026;10;Prazo para recursos referentes ao resultado preliminar das entrevistas;24/07 e 25/07;1;https://agenciasus.org.br/shared-files/32931/?Anexos-do-Processo-Seletivo-Simplificado-Sanitarista-no-46.2026-DSEI-Bahia.pdf
DSEI Bahia;BA;46/2026;11;Análise e resposta aos recursos referentes ao resultado preliminar das entrevistas;27 e 28/07;1;https://agenciasus.org.br/shared-files/32931/?Anexos-do-Processo-Seletivo-Simplificado-Sanitarista-no-46.2026-DSEI-Bahia.pdf
DSEI Bahia;BA;46/2026;12;Resultado final da Entrevista;29/07;1;https://agenciasus.org.br/shared-files/32931/?Anexos-do-Processo-Seletivo-Simplificado-Sanitarista-no-46.2026-DSEI-Bahia.pdf
DSEI Bahia;BA;46/2026;13;Resultado final do Processo Seletivo;29/07;1;https://agenciasus.org.br/shared-files/32931/?Anexos-do-Processo-Seletivo-Simplificado-Sanitarista-no-46.2026-DSEI-Bahia.pdf
DSEI Cuiabá;MT;48/2026;1;Publicação do Edital;16/06/2026;1;https://agenciasus.org.br/shared-files/32784/?Anexos-CGB.pdf
DSEI Cuiabá;MT;48/2026;2;Impugnação do Edital;17 a 19/06;1;https://agenciasus.org.br/shared-files/32784/?Anexos-CGB.pdf
DSEI Cuiabá;MT;48/2026;3;Período de inscrição e Envio dos Documentos Comprobatórios de Requisitos;23 a 28/06;1;https://agenciasus.org.br/shared-files/32784/?Anexos-CGB.pdf
DSEI Cuiabá;MT;48/2026;4;Resultado Preliminar da Avaliação Documental e de Títulos;09/07;1;https://agenciasus.org.br/shared-files/32784/?Anexos-CGB.pdf
DSEI Cuiabá;MT;48/2026;5;Prazo de recurso referente ao resultado preliminar da Avaliação Documental e de Títulos;10 e 11/07;1;https://agenciasus.org.br/shared-files/32784/?Anexos-CGB.pdf
DSEI Cuiabá;MT;48/2026;6;Resultado Final da Avaliação Documental e de Títulos;16/07;1;https://agenciasus.org.br/shared-files/32784/?Anexos-CGB.pdf
DSEI Cuiabá;MT;48/2026;7;Convocação para a Entrevista;17/07;1;https://agenciasus.org.br/shared-files/32784/?Anexos-CGB.pdf
DSEI Cuiabá;MT;48/2026;8;Período de Entrevistas;20 a 22/07;1;https://agenciasus.org.br/shared-files/32784/?Anexos-CGB.pdf
DSEI Cuiabá;MT;48/2026;9;Resultado Preliminar das Entrevistas;23/07;1;https://agenciasus.org.br/shared-files/32784/?Anexos-CGB.pdf
DSEI Cuiabá;MT;48/2026;10;Prazo para recursos referentes ao resultado preliminar das entrevistas;24/07 e 25/07;1;https://agenciasus.org.br/shared-files/32784/?Anexos-CGB.pdf
DSEI Cuiabá;MT;48/2026;11;Análise e resposta aos recursos referentes ao resultado preliminar das entrevistas;27 e 28/07;1;https://agenciasus.org.br/shared-files/32784/?Anexos-CGB.pdf
DSEI Cuiabá;MT;48/2026;12;Resultado final da Entrevista;29/07;1;https://agenciasus.org.br/shared-files/32784/?Anexos-CGB.pdf
DSEI Cuiabá;MT;48/2026;13;Resultado final do Processo Seletivo;29/07;1;https://agenciasus.org.br/shared-files/32784/?Anexos-CGB.pdf
DSEI Interior Sul;SC;50/2026;1;Publicação do Edital;16/06/2026;1;https://agenciasus.org.br/shared-files/32828/?Anexos-ISUL-2.pdf
DSEI Interior Sul;SC;50/2026;2;Impugnação do Edital;17 a 19/06;1;https://agenciasus.org.br/shared-files/32828/?Anexos-ISUL-2.pdf
DSEI Interior Sul;SC;50/2026;3;Período de inscrição e Envio dos Documentos Comprobatórios de Requisitos;23 a 28/06;1;https://agenciasus.org.br/shared-files/32828/?Anexos-ISUL-2.pdf
DSEI Interior Sul;SC;50/2026;4;Resultado Preliminar da Avaliação Documental e de Títulos;09/07;1;https://agenciasus.org.br/shared-files/32828/?Anexos-ISUL-2.pdf
DSEI Interior Sul;SC;50/2026;5;Prazo de recurso referente ao resultado preliminar da Avaliação Documental e de Títulos;10 e 11/07;1;https://agenciasus.org.br/shared-files/32828/?Anexos-ISUL-2.pdf
DSEI Interior Sul;SC;50/2026;6;Resultado Final da Avaliação Documental e de Títulos;16/07;1;https://agenciasus.org.br/shared-files/32828/?Anexos-ISUL-2.pdf
DSEI Interior Sul;SC;50/2026;7;Convocação para a Entrevista;17/07;1;https://agenciasus.org.br/shared-files/32828/?Anexos-ISUL-2.pdf
DSEI Interior Sul;SC;50/2026;8;Período de Entrevistas;20 a 22/07;1;https://agenciasus.org.br/shared-files/32828/?Anexos-ISUL-2.pdf
DSEI Interior Sul;SC;50/2026;9;Resultado Preliminar das Entrevistas;23/07;1;https://agenciasus.org.br/shared-files/32828/?Anexos-ISUL-2.pdf
DSEI Interior Sul;SC;50/2026;10;Prazo para recursos referentes ao resultado preliminar das entrevistas;24/07 e 25/07;1;https://agenciasus.org.br/shared-files/32828/?Anexos-ISUL-2.pdf
DSEI Interior Sul;SC;50/2026;11;Análise e resposta aos recursos referentes ao resultado preliminar das entrevistas;27 e 28/07;1;https://agenciasus.org.br/shared-files/32828/?Anexos-ISUL-2.pdf
DSEI Interior Sul;SC;50/2026;12;Resultado final da Entrevista;29/07;1;https://agenciasus.org.br/shared-files/32828/?Anexos-ISUL-2.pdf
DSEI Interior Sul;SC;50/2026;13;Resultado final do Processo Seletivo;29/07;1;https://agenciasus.org.br/shared-files/32828/?Anexos-ISUL-2.pdf
DSEI Kaiapó de Mato Grosso;MT;51/2026;1;Publicação do Edital;16/06/2026;1;https://agenciasus.org.br/shared-files/32839/?Anexo-KMT.pdf
DSEI Kaiapó de Mato Grosso;MT;51/2026;2;Impugnação do Edital;17 a 19/06;1;https://agenciasus.org.br/shared-files/32839/?Anexo-KMT.pdf
DSEI Kaiapó de Mato Grosso;MT;51/2026;3;Período de inscrição e Envio dos Documentos Comprobatórios de Requisitos;23 a 28/06;1;https://agenciasus.org.br/shared-files/32839/?Anexo-KMT.pdf
DSEI Kaiapó de Mato Grosso;MT;51/2026;4;Resultado Preliminar da Avaliação Documental e de Títulos;09/07;1;https://agenciasus.org.br/shared-files/32839/?Anexo-KMT.pdf
DSEI Kaiapó de Mato Grosso;MT;51/2026;5;Prazo de recurso referente ao resultado preliminar da Avaliação Documental e de Títulos;10 e 11/07;1;https://agenciasus.org.br/shared-files/32839/?Anexo-KMT.pdf
DSEI Kaiapó de Mato Grosso;MT;51/2026;6;Resultado Final da Avaliação Documental e de Títulos;16/07;1;https://agenciasus.org.br/shared-files/32839/?Anexo-KMT.pdf
DSEI Kaiapó de Mato Grosso;MT;51/2026;7;Convocação para a Entrevista;17/07;1;https://agenciasus.org.br/shared-files/32839/?Anexo-KMT.pdf
DSEI Kaiapó de Mato Grosso;MT;51/2026;8;Período de Entrevistas;20 a 22/07;1;https://agenciasus.org.br/shared-files/32839/?Anexo-KMT.pdf
DSEI Kaiapó de Mato Grosso;MT;51/2026;9;Resultado Preliminar das Entrevistas;23/07;1;https://agenciasus.org.br/shared-files/32839/?Anexo-KMT.pdf
DSEI Kaiapó de Mato Grosso;MT;51/2026;10;Prazo para recursos referentes ao resultado preliminar das entrevistas;24/07 e 25/07;1;https://agenciasus.org.br/shared-files/32839/?Anexo-KMT.pdf
DSEI Kaiapó de Mato Grosso;MT;51/2026;11;Análise e resposta aos recursos referentes ao resultado preliminar das entrevistas;27 e 28/07;1;https://agenciasus.org.br/shared-files/32839/?Anexo-KMT.pdf
DSEI Kaiapó de Mato Grosso;MT;51/2026;12;Resultado final da Entrevista;29/07;1;https://agenciasus.org.br/shared-files/32839/?Anexo-KMT.pdf
DSEI Kaiapó de Mato Grosso;MT;51/2026;13;Resultado final do Processo Seletivo;29/07;1;https://agenciasus.org.br/shared-files/32839/?Anexo-KMT.pdf
DSEI Kaiapó do Pará;PA;52/2026;1;Publicação do Edital;16/06/2026;1;https://agenciasus.org.br/shared-files/32812/?Anexos-do-Processo-Seletivo-Simplificado-Sanitarista-no-522026-–-DSEI-KPA.pdf
DSEI Kaiapó do Pará;PA;52/2026;2;Impugnação do Edital;17 a 19/06;1;https://agenciasus.org.br/shared-files/32812/?Anexos-do-Processo-Seletivo-Simplificado-Sanitarista-no-522026-–-DSEI-KPA.pdf
DSEI Kaiapó do Pará;PA;52/2026;3;Período de inscrição e Envio dos Documentos Comprobatórios de Requisitos;23 a 28/06;1;https://agenciasus.org.br/shared-files/32812/?Anexos-do-Processo-Seletivo-Simplificado-Sanitarista-no-522026-–-DSEI-KPA.pdf
DSEI Kaiapó do Pará;PA;52/2026;4;Resultado Preliminar da Avaliação Documental e de Títulos;09/07;1;https://agenciasus.org.br/shared-files/32812/?Anexos-do-Processo-Seletivo-Simplificado-Sanitarista-no-522026-–-DSEI-KPA.pdf
DSEI Kaiapó do Pará;PA;52/2026;5;Prazo de recurso referente ao resultado preliminar da Avaliação Documental e de Títulos;10 e 11/07;1;https://agenciasus.org.br/shared-files/32812/?Anexos-do-Processo-Seletivo-Simplificado-Sanitarista-no-522026-–-DSEI-KPA.pdf
DSEI Kaiapó do Pará;PA;52/2026;6;Resultado Final da Avaliação Documental e de Títulos;16/07;1;https://agenciasus.org.br/shared-files/32812/?Anexos-do-Processo-Seletivo-Simplificado-Sanitarista-no-522026-–-DSEI-KPA.pdf
DSEI Kaiapó do Pará;PA;52/2026;7;Convocação para a Entrevista;17/07;1;https://agenciasus.org.br/shared-files/32812/?Anexos-do-Processo-Seletivo-Simplificado-Sanitarista-no-522026-–-DSEI-KPA.pdf
DSEI Kaiapó do Pará;PA;52/2026;8;Período de Entrevistas;20 a 22/07;1;https://agenciasus.org.br/shared-files/32812/?Anexos-do-Processo-Seletivo-Simplificado-Sanitarista-no-522026-–-DSEI-KPA.pdf
DSEI Kaiapó do Pará;PA;52/2026;9;Resultado Preliminar das Entrevistas;23/07;1;https://agenciasus.org.br/shared-files/32812/?Anexos-do-Processo-Seletivo-Simplificado-Sanitarista-no-522026-–-DSEI-KPA.pdf
DSEI Kaiapó do Pará;PA;52/2026;10;Prazo para recursos referentes ao resultado preliminar das entrevistas;24/07 e 25/07;1;https://agenciasus.org.br/shared-files/32812/?Anexos-do-Processo-Seletivo-Simplificado-Sanitarista-no-522026-–-DSEI-KPA.pdf
DSEI Kaiapó do Pará;PA;52/2026;11;Análise e resposta aos recursos referentes ao resultado preliminar das entrevistas;27 e 28/07;1;https://agenciasus.org.br/shared-files/32812/?Anexos-do-Processo-Seletivo-Simplificado-Sanitarista-no-522026-–-DSEI-KPA.pdf
DSEI Kaiapó do Pará;PA;52/2026;12;Resultado final da Entrevista;29/07;1;https://agenciasus.org.br/shared-files/32812/?Anexos-do-Processo-Seletivo-Simplificado-Sanitarista-no-522026-–-DSEI-KPA.pdf
DSEI Kaiapó do Pará;PA;52/2026;13;Resultado final do Processo Seletivo;29/07;1;https://agenciasus.org.br/shared-files/32812/?Anexos-do-Processo-Seletivo-Simplificado-Sanitarista-no-522026-–-DSEI-KPA.pdf
DSEI Leste de Roraima;RR;53/2026;1;Publicação do Edital;16/06/2026;1;https://agenciasus.org.br/shared-files/32880/?Anexos-do-Processo-Seletivo-Simplificado-Sanitarista-no-532026-–-DSEI-LRR.pdf
DSEI Leste de Roraima;RR;53/2026;2;Impugnação do Edital;17 a 19/06;1;https://agenciasus.org.br/shared-files/32880/?Anexos-do-Processo-Seletivo-Simplificado-Sanitarista-no-532026-–-DSEI-LRR.pdf
DSEI Leste de Roraima;RR;53/2026;3;Período de inscrição e Envio dos Documentos Comprobatórios de Requisitos;23 a 28/06;1;https://agenciasus.org.br/shared-files/32880/?Anexos-do-Processo-Seletivo-Simplificado-Sanitarista-no-532026-–-DSEI-LRR.pdf
DSEI Leste de Roraima;RR;53/2026;4;Resultado Preliminar da Avaliação Documental e de Títulos;09/07;1;https://agenciasus.org.br/shared-files/32880/?Anexos-do-Processo-Seletivo-Simplificado-Sanitarista-no-532026-–-DSEI-LRR.pdf
DSEI Leste de Roraima;RR;53/2026;5;Prazo de recurso referente ao resultado preliminar da Avaliação Documental e de Títulos;10 e 11/07;1;https://agenciasus.org.br/shared-files/32880/?Anexos-do-Processo-Seletivo-Simplificado-Sanitarista-no-532026-–-DSEI-LRR.pdf
DSEI Leste de Roraima;RR;53/2026;6;Resultado Final da Avaliação Documental e de Títulos;16/07;1;https://agenciasus.org.br/shared-files/32880/?Anexos-do-Processo-Seletivo-Simplificado-Sanitarista-no-532026-–-DSEI-LRR.pdf
DSEI Leste de Roraima;RR;53/2026;7;Convocação para a Entrevista;17/07;1;https://agenciasus.org.br/shared-files/32880/?Anexos-do-Processo-Seletivo-Simplificado-Sanitarista-no-532026-–-DSEI-LRR.pdf
DSEI Leste de Roraima;RR;53/2026;8;Período de Entrevistas;20 a 22/07;1;https://agenciasus.org.br/shared-files/32880/?Anexos-do-Processo-Seletivo-Simplificado-Sanitarista-no-532026-–-DSEI-LRR.pdf
DSEI Leste de Roraima;RR;53/2026;9;Resultado Preliminar das Entrevistas;23/07;1;https://agenciasus.org.br/shared-files/32880/?Anexos-do-Processo-Seletivo-Simplificado-Sanitarista-no-532026-–-DSEI-LRR.pdf
DSEI Leste de Roraima;RR;53/2026;10;Prazo para recursos referentes ao resultado preliminar das entrevistas;24/07 e 25/07;1;https://agenciasus.org.br/shared-files/32880/?Anexos-do-Processo-Seletivo-Simplificado-Sanitarista-no-532026-–-DSEI-LRR.pdf
DSEI Leste de Roraima;RR;53/2026;11;Análise e resposta aos recursos referentes ao resultado preliminar das entrevistas;27 e 28/07;1;https://agenciasus.org.br/shared-files/32880/?Anexos-do-Processo-Seletivo-Simplificado-Sanitarista-no-532026-–-DSEI-LRR.pdf
DSEI Leste de Roraima;RR;53/2026;12;Resultado final da Entrevista;29/07;1;https://agenciasus.org.br/shared-files/32880/?Anexos-do-Processo-Seletivo-Simplificado-Sanitarista-no-532026-–-DSEI-LRR.pdf
DSEI Leste de Roraima;RR;53/2026;13;Resultado final do Processo Seletivo;29/07;1;https://agenciasus.org.br/shared-files/32880/?Anexos-do-Processo-Seletivo-Simplificado-Sanitarista-no-532026-–-DSEI-LRR.pdf
DSEI Manaus;AM;55/2026;1;Publicação do Edital;16/06/2026;1;https://agenciasus.org.br/shared-files/32836/?Anexos-MAO.pdf
DSEI Manaus;AM;55/2026;2;Impugnação do Edital;17 a 19/06;1;https://agenciasus.org.br/shared-files/32836/?Anexos-MAO.pdf
DSEI Manaus;AM;55/2026;3;Período de inscrição e Envio dos Documentos Comprobatórios de Requisitos;23 a 28/06;1;https://agenciasus.org.br/shared-files/32836/?Anexos-MAO.pdf
DSEI Manaus;AM;55/2026;4;Resultado Preliminar da Avaliação Documental e de Títulos;09/07;1;https://agenciasus.org.br/shared-files/32836/?Anexos-MAO.pdf
DSEI Manaus;AM;55/2026;5;Prazo de recurso referente ao resultado preliminar da Avaliação Documental e de Títulos;10 e 11/07;1;https://agenciasus.org.br/shared-files/32836/?Anexos-MAO.pdf
DSEI Manaus;AM;55/2026;6;Resultado Final da Avaliação Documental e de Títulos;16/07;1;https://agenciasus.org.br/shared-files/32836/?Anexos-MAO.pdf
DSEI Manaus;AM;55/2026;7;Convocação para a Entrevista;17/07;1;https://agenciasus.org.br/shared-files/32836/?Anexos-MAO.pdf
DSEI Manaus;AM;55/2026;8;Período de Entrevistas;20 a 22/07;1;https://agenciasus.org.br/shared-files/32836/?Anexos-MAO.pdf
DSEI Manaus;AM;55/2026;9;Resultado Preliminar das Entrevistas;23/07;1;https://agenciasus.org.br/shared-files/32836/?Anexos-MAO.pdf
DSEI Manaus;AM;55/2026;10;Prazo para recursos referentes ao resultado preliminar das entrevistas;24/07 e 25/07;1;https://agenciasus.org.br/shared-files/32836/?Anexos-MAO.pdf
DSEI Manaus;AM;55/2026;11;Análise e resposta aos recursos referentes ao resultado preliminar das entrevistas;27 e 28/07;1;https://agenciasus.org.br/shared-files/32836/?Anexos-MAO.pdf
DSEI Manaus;AM;55/2026;12;Resultado final da Entrevista;29/07;1;https://agenciasus.org.br/shared-files/32836/?Anexos-MAO.pdf
DSEI Manaus;AM;55/2026;13;Resultado final do Processo Seletivo;29/07;1;https://agenciasus.org.br/shared-files/32836/?Anexos-MAO.pdf
DSEI Maranhão;MA;56/2026;1;Publicação do Edital;16/06/2026;1;https://agenciasus.org.br/shared-files/32870/?Anexos-MA.pdf
DSEI Maranhão;MA;56/2026;2;Impugnação do Edital;17 a 19/06;1;https://agenciasus.org.br/shared-files/32870/?Anexos-MA.pdf
DSEI Maranhão;MA;56/2026;3;Período de inscrição e Envio dos Documentos Comprobatórios de Requisitos;23 a 28/06;1;https://agenciasus.org.br/shared-files/32870/?Anexos-MA.pdf
DSEI Maranhão;MA;56/2026;4;Resultado Preliminar da Avaliação Documental e de Títulos;09/07;1;https://agenciasus.org.br/shared-files/32870/?Anexos-MA.pdf
DSEI Maranhão;MA;56/2026;5;Prazo de recurso referente ao resultado preliminar da Avaliação Documental e de Títulos;10 e 11/07;1;https://agenciasus.org.br/shared-files/32870/?Anexos-MA.pdf
DSEI Maranhão;MA;56/2026;6;Resultado Final da Avaliação Documental e de Títulos;16/07;1;https://agenciasus.org.br/shared-files/32870/?Anexos-MA.pdf
DSEI Maranhão;MA;56/2026;7;Convocação para a Entrevista;17/07;1;https://agenciasus.org.br/shared-files/32870/?Anexos-MA.pdf
DSEI Maranhão;MA;56/2026;8;Período de Entrevistas;20 a 22/07;1;https://agenciasus.org.br/shared-files/32870/?Anexos-MA.pdf
DSEI Maranhão;MA;56/2026;9;Resultado Preliminar das Entrevistas;23/07;1;https://agenciasus.org.br/shared-files/32870/?Anexos-MA.pdf
DSEI Maranhão;MA;56/2026;10;Prazo para recursos referentes ao resultado preliminar das entrevistas;24/07 e 25/07;1;https://agenciasus.org.br/shared-files/32870/?Anexos-MA.pdf
DSEI Maranhão;MA;56/2026;11;Análise e resposta aos recursos referentes ao resultado preliminar das entrevistas;27 e 28/07;1;https://agenciasus.org.br/shared-files/32870/?Anexos-MA.pdf
DSEI Maranhão;MA;56/2026;12;Resultado final da Entrevista;29/07;1;https://agenciasus.org.br/shared-files/32870/?Anexos-MA.pdf
DSEI Maranhão;MA;56/2026;13;Resultado final do Processo Seletivo;29/07;1;https://agenciasus.org.br/shared-files/32870/?Anexos-MA.pdf
DSEI Médio Rio Purus;AM;58/2026;1;Publicação do Edital;16/06/2026;1;https://agenciasus.org.br/shared-files/32803/?Anexos-do-Processo-Seletivo-Simplificado-Sanitarista-no-582026-–-DSEI-MRP.pdf
DSEI Médio Rio Purus;AM;58/2026;2;Impugnação do Edital;17 a 19/06;1;https://agenciasus.org.br/shared-files/32803/?Anexos-do-Processo-Seletivo-Simplificado-Sanitarista-no-582026-–-DSEI-MRP.pdf
DSEI Médio Rio Purus;AM;58/2026;3;Período de inscrição e Envio dos Documentos Comprobatórios de Requisitos;23 a 28/06;1;https://agenciasus.org.br/shared-files/32803/?Anexos-do-Processo-Seletivo-Simplificado-Sanitarista-no-582026-–-DSEI-MRP.pdf
DSEI Médio Rio Purus;AM;58/2026;4;Resultado Preliminar da Avaliação Documental e de Títulos;09/07;1;https://agenciasus.org.br/shared-files/32803/?Anexos-do-Processo-Seletivo-Simplificado-Sanitarista-no-582026-–-DSEI-MRP.pdf
DSEI Médio Rio Purus;AM;58/2026;5;Prazo de recurso referente ao resultado preliminar da Avaliação Documental e de Títulos;10 e 11/07;1;https://agenciasus.org.br/shared-files/32803/?Anexos-do-Processo-Seletivo-Simplificado-Sanitarista-no-582026-–-DSEI-MRP.pdf
DSEI Médio Rio Purus;AM;58/2026;6;Resultado Final da Avaliação Documental e de Títulos;16/07;1;https://agenciasus.org.br/shared-files/32803/?Anexos-do-Processo-Seletivo-Simplificado-Sanitarista-no-582026-–-DSEI-MRP.pdf
DSEI Médio Rio Purus;AM;58/2026;7;Convocação para a Entrevista;17/07;1;https://agenciasus.org.br/shared-files/32803/?Anexos-do-Processo-Seletivo-Simplificado-Sanitarista-no-582026-–-DSEI-MRP.pdf
DSEI Médio Rio Purus;AM;58/2026;8;Período de Entrevistas;20 a 22/07;1;https://agenciasus.org.br/shared-files/32803/?Anexos-do-Processo-Seletivo-Simplificado-Sanitarista-no-582026-–-DSEI-MRP.pdf
DSEI Médio Rio Purus;AM;58/2026;9;Resultado Preliminar das Entrevistas;23/07;1;https://agenciasus.org.br/shared-files/32803/?Anexos-do-Processo-Seletivo-Simplificado-Sanitarista-no-582026-–-DSEI-MRP.pdf
DSEI Médio Rio Purus;AM;58/2026;10;Prazo para recursos referentes ao resultado preliminar das entrevistas;24/07 e 25/07;1;https://agenciasus.org.br/shared-files/32803/?Anexos-do-Processo-Seletivo-Simplificado-Sanitarista-no-582026-–-DSEI-MRP.pdf
DSEI Médio Rio Purus;AM;58/2026;11;Análise e resposta aos recursos referentes ao resultado preliminar das entrevistas;27 e 28/07;1;https://agenciasus.org.br/shared-files/32803/?Anexos-do-Processo-Seletivo-Simplificado-Sanitarista-no-582026-–-DSEI-MRP.pdf
DSEI Médio Rio Purus;AM;58/2026;12;Resultado final da Entrevista;29/07;1;https://agenciasus.org.br/shared-files/32803/?Anexos-do-Processo-Seletivo-Simplificado-Sanitarista-no-582026-–-DSEI-MRP.pdf
DSEI Médio Rio Purus;AM;58/2026;13;Resultado final do Processo Seletivo;29/07;1;https://agenciasus.org.br/shared-files/32803/?Anexos-do-Processo-Seletivo-Simplificado-Sanitarista-no-582026-–-DSEI-MRP.pdf
DSEI Porto Velho;RO;63/2026;1;Publicação do Edital;16/06/2026;1;https://agenciasus.org.br/shared-files/32819/?Anexos-de-processo-simplificado-sanitarista-Porto-Velho.pdf
DSEI Porto Velho;RO;63/2026;2;Impugnação do Edital;17 a 19/06;1;https://agenciasus.org.br/shared-files/32819/?Anexos-de-processo-simplificado-sanitarista-Porto-Velho.pdf
DSEI Porto Velho;RO;63/2026;3;Período de inscrição e Envio dos Documentos Comprobatórios de Requisitos;23 a 28/06;1;https://agenciasus.org.br/shared-files/32819/?Anexos-de-processo-simplificado-sanitarista-Porto-Velho.pdf
DSEI Porto Velho;RO;63/2026;4;Resultado Preliminar da Avaliação Documental e de Títulos;09/07;1;https://agenciasus.org.br/shared-files/32819/?Anexos-de-processo-simplificado-sanitarista-Porto-Velho.pdf
DSEI Porto Velho;RO;63/2026;5;Prazo de recurso referente ao resultado preliminar da Avaliação Documental e de Títulos;10 e 11/07;1;https://agenciasus.org.br/shared-files/32819/?Anexos-de-processo-simplificado-sanitarista-Porto-Velho.pdf
DSEI Porto Velho;RO;63/2026;6;Resultado Final da Avaliação Documental e de Títulos;16/07;1;https://agenciasus.org.br/shared-files/32819/?Anexos-de-processo-simplificado-sanitarista-Porto-Velho.pdf
DSEI Porto Velho;RO;63/2026;7;Convocação para a Entrevista;17/07;1;https://agenciasus.org.br/shared-files/32819/?Anexos-de-processo-simplificado-sanitarista-Porto-Velho.pdf
DSEI Porto Velho;RO;63/2026;8;Período de Entrevistas;20 a 22/07;1;https://agenciasus.org.br/shared-files/32819/?Anexos-de-processo-simplificado-sanitarista-Porto-Velho.pdf
DSEI Porto Velho;RO;63/2026;9;Resultado Preliminar das Entrevistas;23/07;1;https://agenciasus.org.br/shared-files/32819/?Anexos-de-processo-simplificado-sanitarista-Porto-Velho.pdf
DSEI Porto Velho;RO;63/2026;10;Prazo para recursos referentes ao resultado preliminar das entrevistas;24/07 e 25/07;1;https://agenciasus.org.br/shared-files/32819/?Anexos-de-processo-simplificado-sanitarista-Porto-Velho.pdf
DSEI Porto Velho;RO;63/2026;11;Análise e resposta aos recursos referentes ao resultado preliminar das entrevistas;27 e 28/07;1;https://agenciasus.org.br/shared-files/32819/?Anexos-de-processo-simplificado-sanitarista-Porto-Velho.pdf
DSEI Porto Velho;RO;63/2026;12;Resultado final da Entrevista;29/07;1;https://agenciasus.org.br/shared-files/32819/?Anexos-de-processo-simplificado-sanitarista-Porto-Velho.pdf
DSEI Porto Velho;RO;63/2026;13;Resultado final do Processo Seletivo;29/07;1;https://agenciasus.org.br/shared-files/32819/?Anexos-de-processo-simplificado-sanitarista-Porto-Velho.pdf
DSEI Rio Tapajós;PA;65/2025;1;Publicação do Edital;16/06/2026;1;https://agenciasus.org.br/shared-files/32816/?Anexos-de-processo-simplificado-sanitarista-Rio-Tapajos-1.pdf
DSEI Rio Tapajós;PA;65/2025;2;Impugnação do Edital;17 a 19/06;1;https://agenciasus.org.br/shared-files/32816/?Anexos-de-processo-simplificado-sanitarista-Rio-Tapajos-1.pdf
DSEI Rio Tapajós;PA;65/2025;3;Período de inscrição e Envio dos Documentos Comprobatórios de Requisitos;23 a 28/06;1;https://agenciasus.org.br/shared-files/32816/?Anexos-de-processo-simplificado-sanitarista-Rio-Tapajos-1.pdf
DSEI Rio Tapajós;PA;65/2025;4;Resultado Preliminar da Avaliação Documental e de Títulos;09/07;1;https://agenciasus.org.br/shared-files/32816/?Anexos-de-processo-simplificado-sanitarista-Rio-Tapajos-1.pdf
DSEI Rio Tapajós;PA;65/2025;5;Prazo de recurso referente ao resultado preliminar da Avaliação Documental e de Títulos;10 e 11/07;1;https://agenciasus.org.br/shared-files/32816/?Anexos-de-processo-simplificado-sanitarista-Rio-Tapajos-1.pdf
DSEI Rio Tapajós;PA;65/2025;6;Resultado Final da Avaliação Documental e de Títulos;16/07;1;https://agenciasus.org.br/shared-files/32816/?Anexos-de-processo-simplificado-sanitarista-Rio-Tapajos-1.pdf
DSEI Rio Tapajós;PA;65/2025;7;Convocação para a Entrevista;17/07;1;https://agenciasus.org.br/shared-files/32816/?Anexos-de-processo-simplificado-sanitarista-Rio-Tapajos-1.pdf
DSEI Rio Tapajós;PA;65/2025;8;Período de Entrevistas;20 a 22/07;1;https://agenciasus.org.br/shared-files/32816/?Anexos-de-processo-simplificado-sanitarista-Rio-Tapajos-1.pdf
DSEI Rio Tapajós;PA;65/2025;9;Resultado Preliminar das Entrevistas;23/07;1;https://agenciasus.org.br/shared-files/32816/?Anexos-de-processo-simplificado-sanitarista-Rio-Tapajos-1.pdf
DSEI Rio Tapajós;PA;65/2025;10;Prazo para recursos referentes ao resultado preliminar das entrevistas;24/07 e 25/07;1;https://agenciasus.org.br/shared-files/32816/?Anexos-de-processo-simplificado-sanitarista-Rio-Tapajos-1.pdf
DSEI Rio Tapajós;PA;65/2025;11;Análise e resposta aos recursos referentes ao resultado preliminar das entrevistas;27 e 28/07;1;https://agenciasus.org.br/shared-files/32816/?Anexos-de-processo-simplificado-sanitarista-Rio-Tapajos-1.pdf
DSEI Rio Tapajós;PA;65/2025;12;Resultado final da Entrevista;29/07;1;https://agenciasus.org.br/shared-files/32816/?Anexos-de-processo-simplificado-sanitarista-Rio-Tapajos-1.pdf
DSEI Rio Tapajós;PA;65/2025;13;Resultado final do Processo Seletivo;29/07;1;https://agenciasus.org.br/shared-files/32816/?Anexos-de-processo-simplificado-sanitarista-Rio-Tapajos-1.pdf
DSEI Tocantins;TO;66/2026;1;Publicação do Edital;16/06/2026;1;https://agenciasus.org.br/shared-files/32863/?Anexos-de-processo-simplificado-sanitarista-Tocantins-1.pdf
DSEI Tocantins;TO;66/2026;2;Impugnação do Edital;17 a 19/06;1;https://agenciasus.org.br/shared-files/32863/?Anexos-de-processo-simplificado-sanitarista-Tocantins-1.pdf
DSEI Tocantins;TO;66/2026;3;Período de inscrição e Envio dos Documentos Comprobatórios de Requisitos;23 a 28/06;1;https://agenciasus.org.br/shared-files/32863/?Anexos-de-processo-simplificado-sanitarista-Tocantins-1.pdf
DSEI Tocantins;TO;66/2026;4;Resultado Preliminar da Avaliação Documental e de Títulos;09/07;1;https://agenciasus.org.br/shared-files/32863/?Anexos-de-processo-simplificado-sanitarista-Tocantins-1.pdf
DSEI Tocantins;TO;66/2026;5;Prazo de recurso referente ao resultado preliminar da Avaliação Documental e de Títulos;10 e 11/07;1;https://agenciasus.org.br/shared-files/32863/?Anexos-de-processo-simplificado-sanitarista-Tocantins-1.pdf
DSEI Tocantins;TO;66/2026;6;Resultado Final da Avaliação Documental e de Títulos;16/07;1;https://agenciasus.org.br/shared-files/32863/?Anexos-de-processo-simplificado-sanitarista-Tocantins-1.pdf
DSEI Tocantins;TO;66/2026;7;Convocação para a Entrevista;17/07;1;https://agenciasus.org.br/shared-files/32863/?Anexos-de-processo-simplificado-sanitarista-Tocantins-1.pdf
DSEI Tocantins;TO;66/2026;8;Período de Entrevistas;20 a 22/07;1;https://agenciasus.org.br/shared-files/32863/?Anexos-de-processo-simplificado-sanitarista-Tocantins-1.pdf
DSEI Tocantins;TO;66/2026;9;Resultado Preliminar das Entrevistas;23/07;1;https://agenciasus.org.br/shared-files/32863/?Anexos-de-processo-simplificado-sanitarista-Tocantins-1.pdf
DSEI Tocantins;TO;66/2026;10;Prazo para recursos referentes ao resultado preliminar das entrevistas;24/07 e 25/07;1;https://agenciasus.org.br/shared-files/32863/?Anexos-de-processo-simplificado-sanitarista-Tocantins-1.pdf
DSEI Tocantins;TO;66/2026;11;Análise e resposta aos recursos referentes ao resultado preliminar das entrevistas;27 e 28/07;1;https://agenciasus.org.br/shared-files/32863/?Anexos-de-processo-simplificado-sanitarista-Tocantins-1.pdf
DSEI Tocantins;TO;66/2026;12;Resultado final da Entrevista;29/07;1;https://agenciasus.org.br/shared-files/32863/?Anexos-de-processo-simplificado-sanitarista-Tocantins-1.pdf
DSEI Tocantins;TO;66/2026;13;Resultado final do Processo Seletivo;29/07;1;https://agenciasus.org.br/shared-files/32863/?Anexos-de-processo-simplificado-sanitarista-Tocantins-1.pdf
DSEI Vilhena;RO;68/2026;1;Publicação do Edital;16/06/2026;1;https://agenciasus.org.br/shared-files/32791/?Anexos-do-Processo-Seletivo-Simplificado-Sanitarista-no-682026-–-DSEI-Vilhena.pdf
DSEI Vilhena;RO;68/2026;2;Impugnação do Edital;17 a 19/06;1;https://agenciasus.org.br/shared-files/32791/?Anexos-do-Processo-Seletivo-Simplificado-Sanitarista-no-682026-–-DSEI-Vilhena.pdf
DSEI Vilhena;RO;68/2026;3;Período de inscrição e Envio dos Documentos Comprobatórios de Requisitos;23 a 28/06;1;https://agenciasus.org.br/shared-files/32791/?Anexos-do-Processo-Seletivo-Simplificado-Sanitarista-no-682026-–-DSEI-Vilhena.pdf
DSEI Vilhena;RO;68/2026;4;Resultado Preliminar da Avaliação Documental e de Títulos;09/07;1;https://agenciasus.org.br/shared-files/32791/?Anexos-do-Processo-Seletivo-Simplificado-Sanitarista-no-682026-–-DSEI-Vilhena.pdf
DSEI Vilhena;RO;68/2026;5;Prazo de recurso referente ao resultado preliminar da Avaliação Documental e de Títulos;10 e 11/07;1;https://agenciasus.org.br/shared-files/32791/?Anexos-do-Processo-Seletivo-Simplificado-Sanitarista-no-682026-–-DSEI-Vilhena.pdf
DSEI Vilhena;RO;68/2026;6;Resultado Final da Avaliação Documental e de Títulos;16/07;1;https://agenciasus.org.br/shared-files/32791/?Anexos-do-Processo-Seletivo-Simplificado-Sanitarista-no-682026-–-DSEI-Vilhena.pdf
DSEI Vilhena;RO;68/2026;7;Convocação para a Entrevista;17/07;1;https://agenciasus.org.br/shared-files/32791/?Anexos-do-Processo-Seletivo-Simplificado-Sanitarista-no-682026-–-DSEI-Vilhena.pdf
DSEI Vilhena;RO;68/2026;8;Período de Entrevistas;20 a 22/07;1;https://agenciasus.org.br/shared-files/32791/?Anexos-do-Processo-Seletivo-Simplificado-Sanitarista-no-682026-–-DSEI-Vilhena.pdf
DSEI Vilhena;RO;68/2026;9;Resultado Preliminar das Entrevistas;23/07;1;https://agenciasus.org.br/shared-files/32791/?Anexos-do-Processo-Seletivo-Simplificado-Sanitarista-no-682026-–-DSEI-Vilhena.pdf
DSEI Vilhena;RO;68/2026;10;Prazo para recursos referentes ao resultado preliminar das entrevistas;24/07 e 25/07;1;https://agenciasus.org.br/shared-files/32791/?Anexos-do-Processo-Seletivo-Simplificado-Sanitarista-no-682026-–-DSEI-Vilhena.pdf
DSEI Vilhena;RO;68/2026;11;Análise e resposta aos recursos referentes ao resultado preliminar das entrevistas;27 e 28/07;1;https://agenciasus.org.br/shared-files/32791/?Anexos-do-Processo-Seletivo-Simplificado-Sanitarista-no-682026-–-DSEI-Vilhena.pdf
DSEI Vilhena;RO;68/2026;12;Resultado final da Entrevista;29/07;1;https://agenciasus.org.br/shared-files/32791/?Anexos-do-Processo-Seletivo-Simplificado-Sanitarista-no-682026-–-DSEI-Vilhena.pdf
DSEI Vilhena;RO;68/2026;13;Resultado final do Processo Seletivo;29/07;1;https://agenciasus.org.br/shared-files/32791/?Anexos-do-Processo-Seletivo-Simplificado-Sanitarista-no-682026-–-DSEI-Vilhena.pdf
DSEI Xavante;MT;69/2026;1;Publicação do Edital;16/06/2026;1;https://agenciasus.org.br/shared-files/33043/?Anexos-Xavante-Sanitarista.pdf
DSEI Xavante;MT;69/2026;2;Impugnação do Edital;17 a 19/06;1;https://agenciasus.org.br/shared-files/33043/?Anexos-Xavante-Sanitarista.pdf
DSEI Xavante;MT;69/2026;3;Período de inscrição e Envio dos Documentos Comprobatórios de Requisitos;23 a 28/06;1;https://agenciasus.org.br/shared-files/33043/?Anexos-Xavante-Sanitarista.pdf
DSEI Xavante;MT;69/2026;4;Resultado Preliminar da Avaliação Documental e de Títulos;09/07;1;https://agenciasus.org.br/shared-files/33043/?Anexos-Xavante-Sanitarista.pdf
DSEI Xavante;MT;69/2026;5;Prazo de recurso referente ao resultado preliminar da Avaliação Documental e de Títulos;10 e 11/07;1;https://agenciasus.org.br/shared-files/33043/?Anexos-Xavante-Sanitarista.pdf
DSEI Xavante;MT;69/2026;6;Resultado Final da Avaliação Documental e de Títulos;16/07;1;https://agenciasus.org.br/shared-files/33043/?Anexos-Xavante-Sanitarista.pdf
DSEI Xavante;MT;69/2026;7;Convocação para a Entrevista;17/07;1;https://agenciasus.org.br/shared-files/33043/?Anexos-Xavante-Sanitarista.pdf
DSEI Xavante;MT;69/2026;8;Período de Entrevistas;20 a 22/07;1;https://agenciasus.org.br/shared-files/33043/?Anexos-Xavante-Sanitarista.pdf
DSEI Xavante;MT;69/2026;9;Resultado Preliminar das Entrevistas;23/07;1;https://agenciasus.org.br/shared-files/33043/?Anexos-Xavante-Sanitarista.pdf
DSEI Xavante;MT;69/2026;10;Prazo para recursos referentes ao resultado preliminar das entrevistas;24/07 e 25/07;1;https://agenciasus.org.br/shared-files/33043/?Anexos-Xavante-Sanitarista.pdf
DSEI Xavante;MT;69/2026;11;Análise e resposta aos recursos referentes ao resultado preliminar das entrevistas;27 e 28/07;1;https://agenciasus.org.br/shared-files/33043/?Anexos-Xavante-Sanitarista.pdf
DSEI Xavante;MT;69/2026;12;Resultado final da Entrevista;29/07;1;https://agenciasus.org.br/shared-files/33043/?Anexos-Xavante-Sanitarista.pdf
DSEI Xavante;MT;69/2026;13;Resultado final do Processo Seletivo;29/07;1;https://agenciasus.org.br/shared-files/33043/?Anexos-Xavante-Sanitarista.pdf
DSEI Xingu;MT;70/2026;1;Publicação do Edital;16/06/2026;1;https://agenciasus.org.br/shared-files/32852/?Anexos-de-processo-simplificado-sanitarista-Xingu-1-1.pdf
DSEI Xingu;MT;70/2026;2;Impugnação do Edital;17 a 19/06;1;https://agenciasus.org.br/shared-files/32852/?Anexos-de-processo-simplificado-sanitarista-Xingu-1-1.pdf
DSEI Xingu;MT;70/2026;3;Período de inscrição e Envio dos Documentos Comprobatórios de Requisitos;23 a 28/06;1;https://agenciasus.org.br/shared-files/32852/?Anexos-de-processo-simplificado-sanitarista-Xingu-1-1.pdf
DSEI Xingu;MT;70/2026;4;Resultado Preliminar da Avaliação Documental e de Títulos;09/07;1;https://agenciasus.org.br/shared-files/32852/?Anexos-de-processo-simplificado-sanitarista-Xingu-1-1.pdf
DSEI Xingu;MT;70/2026;5;Prazo de recurso referente ao resultado preliminar da Avaliação Documental e de Títulos;10 e 11/07;1;https://agenciasus.org.br/shared-files/32852/?Anexos-de-processo-simplificado-sanitarista-Xingu-1-1.pdf
DSEI Xingu;MT;70/2026;6;Resultado Final da Avaliação Documental e de Títulos;16/07;1;https://agenciasus.org.br/shared-files/32852/?Anexos-de-processo-simplificado-sanitarista-Xingu-1-1.pdf
DSEI Xingu;MT;70/2026;7;Convocação para a Entrevista;17/07;1;https://agenciasus.org.br/shared-files/32852/?Anexos-de-processo-simplificado-sanitarista-Xingu-1-1.pdf
DSEI Xingu;MT;70/2026;8;Período de Entrevistas;20 a 22/07;1;https://agenciasus.org.br/shared-files/32852/?Anexos-de-processo-simplificado-sanitarista-Xingu-1-1.pdf
DSEI Xingu;MT;70/2026;9;Resultado Preliminar das Entrevistas;23/07;1;https://agenciasus.org.br/shared-files/32852/?Anexos-de-processo-simplificado-sanitarista-Xingu-1-1.pdf
DSEI Xingu;MT;70/2026;10;Prazo para recursos referentes ao resultado preliminar das entrevistas;24/07 e 25/07;1;https://agenciasus.org.br/shared-files/32852/?Anexos-de-processo-simplificado-sanitarista-Xingu-1-1.pdf
DSEI Xingu;MT;70/2026;11;Análise e resposta aos recursos referentes ao resultado preliminar das entrevistas;27 e 28/07;1;https://agenciasus.org.br/shared-files/32852/?Anexos-de-processo-simplificado-sanitarista-Xingu-1-1.pdf
DSEI Xingu;MT;70/2026;12;Resultado final da Entrevista;29/07;1;https://agenciasus.org.br/shared-files/32852/?Anexos-de-processo-simplificado-sanitarista-Xingu-1-1.pdf
DSEI Xingu;MT;70/2026;13;Resultado final do Processo Seletivo;29/07;1;https://agenciasus.org.br/shared-files/32852/?Anexos-de-processo-simplificado-sanitarista-Xingu-1-1.pdf
DSEI Yanomami;RR;37/2026;1;Publicação do Edital;17/06/2026;1;https://agenciasus.org.br/shared-files/32969/?Anexos-Yanomami-.pdf
DSEI Yanomami;RR;37/2026;2;Impugnação do Edital;18 a 20/06;1;https://agenciasus.org.br/shared-files/32969/?Anexos-Yanomami-.pdf
DSEI Yanomami;RR;37/2026;3;Período de inscrição e Envio dos Documentos Comprobatórios de Requisitos;25/06 a 01/07;1;https://agenciasus.org.br/shared-files/32969/?Anexos-Yanomami-.pdf
DSEI Yanomami;RR;37/2026;4;Resultado Preliminar da Avaliação Documental e de Títulos;22/07;1;https://agenciasus.org.br/shared-files/32969/?Anexos-Yanomami-.pdf
DSEI Yanomami;RR;37/2026;5;Prazo de recurso referente ao resultado preliminar da Avaliação Documental e de Títulos;23 e 24/07;1;https://agenciasus.org.br/shared-files/32969/?Anexos-Yanomami-.pdf
DSEI Yanomami;RR;37/2026;6;Resultado Final da Avaliação Documental e de Títulos;04/08;1;https://agenciasus.org.br/shared-files/32969/?Anexos-Yanomami-.pdf
DSEI Yanomami;RR;37/2026;7;Convocação para a Entrevista;05/08;1;https://agenciasus.org.br/shared-files/32969/?Anexos-Yanomami-.pdf
DSEI Yanomami;RR;37/2026;8;Período de Entrevistas;11 a 24/08;1;https://agenciasus.org.br/shared-files/32969/?Anexos-Yanomami-.pdf
DSEI Yanomami;RR;37/2026;9;Resultado Preliminar das Entrevistas;26/08;1;https://agenciasus.org.br/shared-files/32969/?Anexos-Yanomami-.pdf
DSEI Yanomami;RR;37/2026;10;Prazo para recursos referentes ao resultado preliminar das entrevistas;27 e 28/08;1;https://agenciasus.org.br/shared-files/32969/?Anexos-Yanomami-.pdf
DSEI Yanomami;RR;37/2026;11;Resultado final da Entrevista;09/09;1;https://agenciasus.org.br/shared-files/32969/?Anexos-Yanomami-.pdf
DSEI Yanomami;RR;37/2026;12;Resultado final do Processo Seletivo;11/09;1;https://agenciasus.org.br/shared-files/32969/?Anexos-Yanomami-.pdf
DSEI Ceará;CE;47/2026;1;Publicação do Edital;16/06/2026;1;https://agenciasus.org.br/shared-files/32787/?Anexos-do-Processo-Seletivo-Simplificado-Sanitarista-no-472026-–-DSEI-CE.pdf
DSEI Ceará;CE;47/2026;2;Impugnação do Edital;17 a 19/06;1;https://agenciasus.org.br/shared-files/32787/?Anexos-do-Processo-Seletivo-Simplificado-Sanitarista-no-472026-–-DSEI-CE.pdf
DSEI Ceará;CE;47/2026;3;Período de inscrição e Envio dos Documentos Comprobatórios de Requisitos;23 a 28/06;1;https://agenciasus.org.br/shared-files/32787/?Anexos-do-Processo-Seletivo-Simplificado-Sanitarista-no-472026-–-DSEI-CE.pdf
DSEI Ceará;CE;47/2026;4;Resultado Preliminar da Avaliação Documental e de Títulos;09/07;1;https://agenciasus.org.br/shared-files/32787/?Anexos-do-Processo-Seletivo-Simplificado-Sanitarista-no-472026-–-DSEI-CE.pdf
DSEI Ceará;CE;47/2026;5;Prazo de recurso referente ao resultado preliminar da Avaliação Documental e de Títulos;10 e 11/07;1;https://agenciasus.org.br/shared-files/32787/?Anexos-do-Processo-Seletivo-Simplificado-Sanitarista-no-472026-–-DSEI-CE.pdf
DSEI Ceará;CE;47/2026;6;Resultado Final da Avaliação Documental e de Títulos;16/07;1;https://agenciasus.org.br/shared-files/32787/?Anexos-do-Processo-Seletivo-Simplificado-Sanitarista-no-472026-–-DSEI-CE.pdf
DSEI Ceará;CE;47/2026;7;Convocação para a Entrevista;17/07;1;https://agenciasus.org.br/shared-files/32787/?Anexos-do-Processo-Seletivo-Simplificado-Sanitarista-no-472026-–-DSEI-CE.pdf
DSEI Ceará;CE;47/2026;8;Período de Entrevistas;20 a 22/07;1;https://agenciasus.org.br/shared-files/32787/?Anexos-do-Processo-Seletivo-Simplificado-Sanitarista-no-472026-–-DSEI-CE.pdf
DSEI Ceará;CE;47/2026;9;Resultado Preliminar das Entrevistas;23/07;1;https://agenciasus.org.br/shared-files/32787/?Anexos-do-Processo-Seletivo-Simplificado-Sanitarista-no-472026-–-DSEI-CE.pdf
DSEI Ceará;CE;47/2026;10;Prazo para recursos referentes ao resultado preliminar das entrevistas;24/07 e 25/07;1;https://agenciasus.org.br/shared-files/32787/?Anexos-do-Processo-Seletivo-Simplificado-Sanitarista-no-472026-–-DSEI-CE.pdf
DSEI Ceará;CE;47/2026;11;Análise e resposta aos recursos referentes ao resultado preliminar das entrevistas;27 e 28/07;1;https://agenciasus.org.br/shared-files/32787/?Anexos-do-Processo-Seletivo-Simplificado-Sanitarista-no-472026-–-DSEI-CE.pdf
DSEI Ceará;CE;47/2026;12;Resultado final da Entrevista;29/07;1;https://agenciasus.org.br/shared-files/32787/?Anexos-do-Processo-Seletivo-Simplificado-Sanitarista-no-472026-–-DSEI-CE.pdf
DSEI Ceará;CE;47/2026;13;Resultado final do Processo Seletivo;29/07;1;https://agenciasus.org.br/shared-files/32787/?Anexos-do-Processo-Seletivo-Simplificado-Sanitarista-no-472026-–-DSEI-CE.pdf
DSEI Litoral Sul;PR;54/2026;1;Publicação do Edital;16/06/2026;1;https://agenciasus.org.br/shared-files/32833/?Anexo-LSUL.pdf
DSEI Litoral Sul;PR;54/2026;2;Impugnação do Edital;17 a 19/06;1;https://agenciasus.org.br/shared-files/32833/?Anexo-LSUL.pdf
DSEI Litoral Sul;PR;54/2026;3;Período de inscrição e Envio dos Documentos Comprobatórios de Requisitos;23 a 28/06;1;https://agenciasus.org.br/shared-files/32833/?Anexo-LSUL.pdf
DSEI Litoral Sul;PR;54/2026;4;Resultado Preliminar da Avaliação Documental e de Títulos;09/07;1;https://agenciasus.org.br/shared-files/32833/?Anexo-LSUL.pdf
DSEI Litoral Sul;PR;54/2026;5;Prazo de recurso referente ao resultado preliminar da Avaliação Documental e de Títulos;10 e 11/07;1;https://agenciasus.org.br/shared-files/32833/?Anexo-LSUL.pdf
DSEI Litoral Sul;PR;54/2026;6;Resultado Final da Avaliação Documental e de Títulos;16/07;1;https://agenciasus.org.br/shared-files/32833/?Anexo-LSUL.pdf
DSEI Litoral Sul;PR;54/2026;7;Convocação para a Entrevista;17/07;1;https://agenciasus.org.br/shared-files/32833/?Anexo-LSUL.pdf
DSEI Litoral Sul;PR;54/2026;8;Período de Entrevistas;20 a 22/07;1;https://agenciasus.org.br/shared-files/32833/?Anexo-LSUL.pdf
DSEI Litoral Sul;PR;54/2026;9;Resultado Preliminar das Entrevistas;23/07;1;https://agenciasus.org.br/shared-files/32833/?Anexo-LSUL.pdf
DSEI Litoral Sul;PR;54/2026;10;Prazo para recursos referentes ao resultado preliminar das entrevistas;24/07 e 25/07;1;https://agenciasus.org.br/shared-files/32833/?Anexo-LSUL.pdf
DSEI Litoral Sul;PR;54/2026;11;Análise e resposta aos recursos referentes ao resultado preliminar das entrevistas;27 e 28/07;1;https://agenciasus.org.br/shared-files/32833/?Anexo-LSUL.pdf
DSEI Litoral Sul;PR;54/2026;12;Resultado final da Entrevista;29/07;1;https://agenciasus.org.br/shared-files/32833/?Anexo-LSUL.pdf
DSEI Litoral Sul;PR;54/2026;13;Resultado final do Processo Seletivo;29/07;1;https://agenciasus.org.br/shared-files/32833/?Anexo-LSUL.pdf
DSEI Maranhão;MA;76/2025;1;Publicação do Edital;22/10/2025;1;https://agenciasus.org.br/shared-files/19342/?Edital-No-76-Retificacao-Anexos.pdf
DSEI Maranhão;MA;76/2025;2;Impugnação ao Edital;23/10, 24/10 e 25/10;1;https://agenciasus.org.br/shared-files/19342/?Edital-No-76-Retificacao-Anexos.pdf
DSEI Maranhão;MA;76/2025;3;Período de inscrição e Envio dos Documentos Comprobatórios de Requisitos;27/10/2025 a 04/11/2025;1;https://agenciasus.org.br/shared-files/19342/?Edital-No-76-Retificacao-Anexos.pdf
DSEI Maranhão;MA;76/2025;4;Análise Curricular;05/11/2025 a 11/11/2025;1;https://agenciasus.org.br/shared-files/19342/?Edital-No-76-Retificacao-Anexos.pdf
DSEI Maranhão;MA;76/2025;5;Resultado Preliminar da Análise Curricular;12/11/2025;1;https://agenciasus.org.br/shared-files/19342/?Edital-No-76-Retificacao-Anexos.pdf
DSEI Maranhão;MA;76/2025;6;Recurso contra o Resultado Preliminar da Análise Curricular;13/11/2025 e 14/11/2025 *Os recursos devem ser enviados das 9h às 18h (Horário de Brasília/DF);1;https://agenciasus.org.br/shared-files/19342/?Edital-No-76-Retificacao-Anexos.pdf
DSEI Maranhão;MA;76/2025;7;Análise e resposta aos recursos;17/11/2025;1;https://agenciasus.org.br/shared-files/19342/?Edital-No-76-Retificacao-Anexos.pdf
DSEI Maranhão;MA;76/2025;8;Resultado Final da Avaliação Curricular e Convocação para a Entrevista;18/11/2025;1;https://agenciasus.org.br/shared-files/19342/?Edital-No-76-Retificacao-Anexos.pdf
DSEI Maranhão;MA;76/2025;9;Entrevistas;19/11, 21/11, 24/11 e 25/11;1;https://agenciasus.org.br/shared-files/19342/?Edital-No-76-Retificacao-Anexos.pdf
DSEI Maranhão;MA;76/2025;10;Resultado Preliminar da Entrevista;26/11/2025;1;https://agenciasus.org.br/shared-files/19342/?Edital-No-76-Retificacao-Anexos.pdf
DSEI Maranhão;MA;76/2025;11;Recurso contra o Resultado Preliminar da Entrevista;27/11 e 28/11 *Os recursos devem ser enviados das 9h às 18h (Horário de Brasília/DF);1;https://agenciasus.org.br/shared-files/19342/?Edital-No-76-Retificacao-Anexos.pdf
DSEI Maranhão;MA;76/2025;12;Análise e resposta aos recursos;01/12/2025;1;https://agenciasus.org.br/shared-files/19342/?Edital-No-76-Retificacao-Anexos.pdf
DSEI Maranhão;MA;76/2025;13;Resultado Final do Processo Seletivo;02/12/2025;1;https://agenciasus.org.br/shared-files/19342/?Edital-No-76-Retificacao-Anexos.pdf
DSEI Maranhão;MA;76/2025;14;Convocação para realização do Exame Médico Ocupacional;03/12 a 05/12;1;https://agenciasus.org.br/shared-files/19342/?Edital-No-76-Retificacao-Anexos.pdf
DSEI Maranhão;MA;76/2025;15;Data prevista para admissão;08/12/2025;1;https://agenciasus.org.br/shared-files/19342/?Edital-No-76-Retificacao-Anexos.pdf
DSEI Mato Grosso do Sul;MS;57/2026;1;Publicação do Edital;16/06/2026;1;https://agenciasus.org.br/shared-files/32810/?Anexos-MS-1.pdf
DSEI Mato Grosso do Sul;MS;57/2026;2;Impugnação do Edital;17 a 19/06;1;https://agenciasus.org.br/shared-files/32810/?Anexos-MS-1.pdf
DSEI Mato Grosso do Sul;MS;57/2026;3;Período de inscrição e Envio dos Documentos Comprobatórios de Requisitos;23 a 28/06;1;https://agenciasus.org.br/shared-files/32810/?Anexos-MS-1.pdf
DSEI Mato Grosso do Sul;MS;57/2026;4;Resultado Preliminar da Avaliação Documental e de Títulos;09/07;1;https://agenciasus.org.br/shared-files/32810/?Anexos-MS-1.pdf
DSEI Mato Grosso do Sul;MS;57/2026;5;Prazo de recurso referente ao resultado preliminar da Avaliação Documental e de Títulos;10 e 11/07;1;https://agenciasus.org.br/shared-files/32810/?Anexos-MS-1.pdf
DSEI Mato Grosso do Sul;MS;57/2026;6;Resultado Final da Avaliação Documental e de Títulos;16/07;1;https://agenciasus.org.br/shared-files/32810/?Anexos-MS-1.pdf
DSEI Mato Grosso do Sul;MS;57/2026;7;Convocação para a Entrevista;17/07;1;https://agenciasus.org.br/shared-files/32810/?Anexos-MS-1.pdf
DSEI Mato Grosso do Sul;MS;57/2026;8;Período de Entrevistas;20 a 22/07;1;https://agenciasus.org.br/shared-files/32810/?Anexos-MS-1.pdf
DSEI Mato Grosso do Sul;MS;57/2026;9;Resultado Preliminar das Entrevistas;23/07;1;https://agenciasus.org.br/shared-files/32810/?Anexos-MS-1.pdf
DSEI Mato Grosso do Sul;MS;57/2026;10;Prazo para recursos referentes ao resultado preliminar das entrevistas;24/07 e 25/07;1;https://agenciasus.org.br/shared-files/32810/?Anexos-MS-1.pdf
DSEI Mato Grosso do Sul;MS;57/2026;11;Análise e resposta aos recursos referentes ao resultado preliminar das entrevistas;27 e 28/07;1;https://agenciasus.org.br/shared-files/32810/?Anexos-MS-1.pdf
DSEI Mato Grosso do Sul;MS;57/2026;12;Resultado final da Entrevista;29/07;1;https://agenciasus.org.br/shared-files/32810/?Anexos-MS-1.pdf
DSEI Mato Grosso do Sul;MS;57/2026;13;Resultado final do Processo Seletivo;29/07;1;https://agenciasus.org.br/shared-files/32810/?Anexos-MS-1.pdf
DSEI Minas Gerais e Espírito Santo;MG;60/2026;1;Publicação do Edital;16/06/2026;1;https://agenciasus.org.br/shared-files/32877/?Anexos-do-Processo-Seletivo-Simplificado-Sanitarista-no-602026-–-DSEI-MGES.pdf
DSEI Minas Gerais e Espírito Santo;MG;60/2026;2;Impugnação do Edital;17 a 19/06;1;https://agenciasus.org.br/shared-files/32877/?Anexos-do-Processo-Seletivo-Simplificado-Sanitarista-no-602026-–-DSEI-MGES.pdf
DSEI Minas Gerais e Espírito Santo;MG;60/2026;3;Período de inscrição e Envio dos Documentos Comprobatórios de Requisitos;23 a 28/06;1;https://agenciasus.org.br/shared-files/32877/?Anexos-do-Processo-Seletivo-Simplificado-Sanitarista-no-602026-–-DSEI-MGES.pdf
DSEI Minas Gerais e Espírito Santo;MG;60/2026;4;Resultado Preliminar da Avaliação Documental e de Títulos;09/07;1;https://agenciasus.org.br/shared-files/32877/?Anexos-do-Processo-Seletivo-Simplificado-Sanitarista-no-602026-–-DSEI-MGES.pdf
DSEI Minas Gerais e Espírito Santo;MG;60/2026;5;Prazo de recurso referente ao resultado preliminar da Avaliação Documental e de Títulos;10 e 11/07;1;https://agenciasus.org.br/shared-files/32877/?Anexos-do-Processo-Seletivo-Simplificado-Sanitarista-no-602026-–-DSEI-MGES.pdf
DSEI Minas Gerais e Espírito Santo;MG;60/2026;6;Resultado Final da Avaliação Documental e de Títulos;16/07;1;https://agenciasus.org.br/shared-files/32877/?Anexos-do-Processo-Seletivo-Simplificado-Sanitarista-no-602026-–-DSEI-MGES.pdf
DSEI Minas Gerais e Espírito Santo;MG;60/2026;7;Convocação para a Entrevista;17/07;1;https://agenciasus.org.br/shared-files/32877/?Anexos-do-Processo-Seletivo-Simplificado-Sanitarista-no-602026-–-DSEI-MGES.pdf
DSEI Minas Gerais e Espírito Santo;MG;60/2026;8;Período de Entrevistas;20 a 22/07;1;https://agenciasus.org.br/shared-files/32877/?Anexos-do-Processo-Seletivo-Simplificado-Sanitarista-no-602026-–-DSEI-MGES.pdf
DSEI Minas Gerais e Espírito Santo;MG;60/2026;9;Resultado Preliminar das Entrevistas;23/07;1;https://agenciasus.org.br/shared-files/32877/?Anexos-do-Processo-Seletivo-Simplificado-Sanitarista-no-602026-–-DSEI-MGES.pdf
DSEI Minas Gerais e Espírito Santo;MG;60/2026;10;Prazo para recursos referentes ao resultado preliminar das entrevistas;24/07 e 25/07;1;https://agenciasus.org.br/shared-files/32877/?Anexos-do-Processo-Seletivo-Simplificado-Sanitarista-no-602026-–-DSEI-MGES.pdf
DSEI Minas Gerais e Espírito Santo;MG;60/2026;11;Análise e resposta aos recursos referentes ao resultado preliminar das entrevistas;27 e 28/07;1;https://agenciasus.org.br/shared-files/32877/?Anexos-do-Processo-Seletivo-Simplificado-Sanitarista-no-602026-–-DSEI-MGES.pdf
DSEI Minas Gerais e Espírito Santo;MG;60/2026;12;Resultado final da Entrevista;29/07;1;https://agenciasus.org.br/shared-files/32877/?Anexos-do-Processo-Seletivo-Simplificado-Sanitarista-no-602026-–-DSEI-MGES.pdf
DSEI Minas Gerais e Espírito Santo;MG;60/2026;13;Resultado final do Processo Seletivo;29/07;1;https://agenciasus.org.br/shared-files/32877/?Anexos-do-Processo-Seletivo-Simplificado-Sanitarista-no-602026-–-DSEI-MGES.pdf
DSEI Potiguara;PB;64/2026;1;Publicação do Edital;16/06/2026;1;https://agenciasus.org.br/shared-files/32798/?Anexos-de-processo-simplificado-sanitarista-Potiguara.pdf
DSEI Potiguara;PB;64/2026;2;Impugnação do Edital;17 a 19/06;1;https://agenciasus.org.br/shared-files/32798/?Anexos-de-processo-simplificado-sanitarista-Potiguara.pdf
DSEI Potiguara;PB;64/2026;3;Período de inscrição e Envio dos Documentos Comprobatórios de Requisitos;23 a 28/06;1;https://agenciasus.org.br/shared-files/32798/?Anexos-de-processo-simplificado-sanitarista-Potiguara.pdf
DSEI Potiguara;PB;64/2026;4;Resultado Preliminar da Avaliação Documental e de Títulos;09/07;1;https://agenciasus.org.br/shared-files/32798/?Anexos-de-processo-simplificado-sanitarista-Potiguara.pdf
DSEI Potiguara;PB;64/2026;5;Prazo de recurso referente ao resultado preliminar da Avaliação Documental e de Títulos;10 e 11/07;1;https://agenciasus.org.br/shared-files/32798/?Anexos-de-processo-simplificado-sanitarista-Potiguara.pdf
DSEI Potiguara;PB;64/2026;6;Resultado Final da Avaliação Documental e de Títulos;16/07;1;https://agenciasus.org.br/shared-files/32798/?Anexos-de-processo-simplificado-sanitarista-Potiguara.pdf
DSEI Potiguara;PB;64/2026;7;Convocação para a Entrevista;17/07;1;https://agenciasus.org.br/shared-files/32798/?Anexos-de-processo-simplificado-sanitarista-Potiguara.pdf
DSEI Potiguara;PB;64/2026;8;Período de Entrevistas;20 a 22/07;1;https://agenciasus.org.br/shared-files/32798/?Anexos-de-processo-simplificado-sanitarista-Potiguara.pdf
DSEI Potiguara;PB;64/2026;9;Resultado Preliminar das Entrevistas;23/07;1;https://agenciasus.org.br/shared-files/32798/?Anexos-de-processo-simplificado-sanitarista-Potiguara.pdf
DSEI Potiguara;PB;64/2026;10;Prazo para recursos referentes ao resultado preliminar das entrevistas;24/07 e 25/07;1;https://agenciasus.org.br/shared-files/32798/?Anexos-de-processo-simplificado-sanitarista-Potiguara.pdf
DSEI Potiguara;PB;64/2026;11;Análise e resposta aos recursos referentes ao resultado preliminar das entrevistas;27 e 28/07;1;https://agenciasus.org.br/shared-files/32798/?Anexos-de-processo-simplificado-sanitarista-Potiguara.pdf
DSEI Potiguara;PB;64/2026;12;Resultado final da Entrevista;29/07;1;https://agenciasus.org.br/shared-files/32798/?Anexos-de-processo-simplificado-sanitarista-Potiguara.pdf
DSEI Potiguara;PB;64/2026;13;Resultado final do Processo Seletivo;29/07;1;https://agenciasus.org.br/shared-files/32798/?Anexos-de-processo-simplificado-sanitarista-Potiguara.pdf
CASAI Brasília;DF;39/2025;1;Publicação do Edital;03/10/2025;1;https://agenciasus.org.br/shared-files/18720/?Edital-no-39-2025-–-12-–-Retificacao.pdf
CASAI Brasília;DF;39/2025;2;Impugnação do Edital;03/10, 04/10 e 05/10;1;https://agenciasus.org.br/shared-files/18720/?Edital-no-39-2025-–-12-–-Retificacao.pdf
CASAI Brasília;DF;39/2025;3;Período de inscrição e Envio dos Documentos Comprobatórios de Requisitos;06/10/2025 a 14/10/2025;1;https://agenciasus.org.br/shared-files/18720/?Edital-no-39-2025-–-12-–-Retificacao.pdf
CASAI Brasília;DF;39/2025;4;Análise Curricular;15/10/2025 a 23/10/2025;1;https://agenciasus.org.br/shared-files/18720/?Edital-no-39-2025-–-12-–-Retificacao.pdf
CASAI Brasília;DF;39/2025;5;Resultado Preliminar da Análise Curricular e Abertura do prazo de recurso;24/10/2025 *Os recursos devem ser enviados das 9h às 18h (Horário de Brasília/DF);1;https://agenciasus.org.br/shared-files/18720/?Edital-no-39-2025-–-12-–-Retificacao.pdf
CASAI Brasília;DF;39/2025;6;Análise e resposta aos recursos;27/10 a 28/10;1;https://agenciasus.org.br/shared-files/18720/?Edital-no-39-2025-–-12-–-Retificacao.pdf
CASAI Brasília;DF;39/2025;7;Resultado Final da Avaliação Curricular e convocação para a Entrevista;29/10/2025;1;https://agenciasus.org.br/shared-files/18720/?Edital-no-39-2025-–-12-–-Retificacao.pdf
CASAI Brasília;DF;39/2025;8;Entrevistas;30/10, 31/10, 03/11, 04/11 e 05/11;1;https://agenciasus.org.br/shared-files/18720/?Edital-no-39-2025-–-12-–-Retificacao.pdf
CASAI Brasília;DF;39/2025;9;Resultado Preliminar da Entrevista e abertura do prazo para recursos;06/11/2025 *Os recursos devem ser enviados das 9h às 18h (Horário de Brasília/DF);1;https://agenciasus.org.br/shared-files/18720/?Edital-no-39-2025-–-12-–-Retificacao.pdf
CASAI Brasília;DF;39/2025;10;Análise e resposta aos recursos;07/11/2025;1;https://agenciasus.org.br/shared-files/18720/?Edital-no-39-2025-–-12-–-Retificacao.pdf
CASAI Brasília;DF;39/2025;11;Resultado final da Entrevista;10/11/2025;1;https://agenciasus.org.br/shared-files/18720/?Edital-no-39-2025-–-12-–-Retificacao.pdf
CASAI Brasília;DF;39/2025;12;Resultado final do Processo Seletivo;11/11/2025;1;https://agenciasus.org.br/shared-files/18720/?Edital-no-39-2025-–-12-–-Retificacao.pdf
CASAI Brasília;DF;39/2025;13;Convocação para realização do Exame Médico Ocupacional;12/11/2025 a 14/11/2025;1;https://agenciasus.org.br/shared-files/18720/?Edital-no-39-2025-–-12-–-Retificacao.pdf
CASAI Brasília;DF;39/2025;14;Data prevista para admissão;17/11/2025;1;https://agenciasus.org.br/shared-files/18720/?Edital-no-39-2025-–-12-–-Retificacao.pdf
DSEI Alto Rio Negro;AM;92/2025;1;Publicação do Edital;22/10/2025;1;https://agenciasus.org.br/shared-files/19335/?Edital-No-92-Retificacao-Anexos.pdf
DSEI Alto Rio Negro;AM;92/2025;2;Impugnação ao Edital;23/10, 24/10 e 25/10;1;https://agenciasus.org.br/shared-files/19335/?Edital-No-92-Retificacao-Anexos.pdf
DSEI Alto Rio Negro;AM;92/2025;3;Período de inscrição e Envio dos Documentos Comprobatórios de Requisitos;27/10/2025 a 04/11/2025;1;https://agenciasus.org.br/shared-files/19335/?Edital-No-92-Retificacao-Anexos.pdf
DSEI Alto Rio Negro;AM;92/2025;4;Análise Curricular;05/11/2025 a 11/11/2025;1;https://agenciasus.org.br/shared-files/19335/?Edital-No-92-Retificacao-Anexos.pdf
DSEI Alto Rio Negro;AM;92/2025;5;Resultado Preliminar da Análise Curricular;12/11/2025;1;https://agenciasus.org.br/shared-files/19335/?Edital-No-92-Retificacao-Anexos.pdf
DSEI Alto Rio Negro;AM;92/2025;6;Recurso contra o Resultado Preliminar da Análise Curricular;13/11/2025 e 14/11/2025 *Os recursos devem ser enviados das 9h às 18h (Horário de Brasília/DF);1;https://agenciasus.org.br/shared-files/19335/?Edital-No-92-Retificacao-Anexos.pdf
DSEI Alto Rio Negro;AM;92/2025;7;Análise e resposta aos recursos;17/11/2025;1;https://agenciasus.org.br/shared-files/19335/?Edital-No-92-Retificacao-Anexos.pdf
DSEI Alto Rio Negro;AM;92/2025;8;Resultado Final da Avaliação Curricular e Convocação para a Entrevista;18/11/2025;1;https://agenciasus.org.br/shared-files/19335/?Edital-No-92-Retificacao-Anexos.pdf
DSEI Alto Rio Negro;AM;92/2025;9;Entrevistas;19/11, 21/11, 24/11 e 25/11;1;https://agenciasus.org.br/shared-files/19335/?Edital-No-92-Retificacao-Anexos.pdf
DSEI Alto Rio Negro;AM;92/2025;10;Resultado Preliminar da Entrevista;26/11/2025;1;https://agenciasus.org.br/shared-files/19335/?Edital-No-92-Retificacao-Anexos.pdf
DSEI Alto Rio Negro;AM;92/2025;11;Recurso contra o Resultado Preliminar da Entrevista;27/11 e 28/11 *Os recursos devem ser enviados das 9h às 18h (Horário de Brasília/DF);1;https://agenciasus.org.br/shared-files/19335/?Edital-No-92-Retificacao-Anexos.pdf
DSEI Alto Rio Negro;AM;92/2025;12;Análise e resposta aos recursos;01/12/2025;1;https://agenciasus.org.br/shared-files/19335/?Edital-No-92-Retificacao-Anexos.pdf
DSEI Alto Rio Negro;AM;92/2025;13;Resultado Final do Processo Seletivo;02/12/2025;1;https://agenciasus.org.br/shared-files/19335/?Edital-No-92-Retificacao-Anexos.pdf
DSEI Alto Rio Negro;AM;92/2025;14;Convocação para realização do Exame Médico Ocupacional;03/12 a 05/12;1;https://agenciasus.org.br/shared-files/19335/?Edital-No-92-Retificacao-Anexos.pdf
DSEI Alto Rio Negro;AM;92/2025;15;Data prevista para admissão;08/12/2025;1;https://agenciasus.org.br/shared-files/19335/?Edital-No-92-Retificacao-Anexos.pdf
DSEI Alto Rio Purus;AC;81/2025;1;Publicação do Edital;10/11/2025;1;https://agenciasus.org.br/shared-files/20137/?Edital-no-81-2-ANEXOS-DSEI-Alto-Rio-Purus.pdf
DSEI Alto Rio Purus;AC;81/2025;2;Impugnação ao Edital;11/11/2025, 12/11/2025 e 13/11/2025;1;https://agenciasus.org.br/shared-files/20137/?Edital-no-81-2-ANEXOS-DSEI-Alto-Rio-Purus.pdf
DSEI Alto Rio Purus;AC;81/2025;3;Período de inscrição e Envio dos Documentos Comprobatórios de Requisitos;14/11/2025 a 25/11/2025;1;https://agenciasus.org.br/shared-files/20137/?Edital-no-81-2-ANEXOS-DSEI-Alto-Rio-Purus.pdf
DSEI Alto Rio Purus;AC;81/2025;4;Análise Curricular;26/11/2025 a 03/12/2025;1;https://agenciasus.org.br/shared-files/20137/?Edital-no-81-2-ANEXOS-DSEI-Alto-Rio-Purus.pdf
DSEI Alto Rio Purus;AC;81/2025;5;Resultado Preliminar da Análise Curricular;05/12/2025;1;https://agenciasus.org.br/shared-files/20137/?Edital-no-81-2-ANEXOS-DSEI-Alto-Rio-Purus.pdf
DSEI Alto Rio Purus;AC;81/2025;6;Recurso contra o Resultado Preliminar da Análise Curricular;06/12/2025 e 07/12/2025 *Os recursos devem ser enviados das 9h às 18h (Horário de Brasília/DF);1;https://agenciasus.org.br/shared-files/20137/?Edital-no-81-2-ANEXOS-DSEI-Alto-Rio-Purus.pdf
DSEI Alto Rio Purus;AC;81/2025;7;Análise e resposta aos recursos;08/12/2025 a 09/12/2025;1;https://agenciasus.org.br/shared-files/20137/?Edital-no-81-2-ANEXOS-DSEI-Alto-Rio-Purus.pdf
DSEI Alto Rio Purus;AC;81/2025;8;Resultado Final da Avaliação Curricular e Convocação para a Entrevista;10/12/2025 a 12/12/2025;1;https://agenciasus.org.br/shared-files/20137/?Edital-no-81-2-ANEXOS-DSEI-Alto-Rio-Purus.pdf
DSEI Alto Rio Purus;AC;81/2025;9;Entrevistas;15/12/2025 a 17/12/2025;1;https://agenciasus.org.br/shared-files/20137/?Edital-no-81-2-ANEXOS-DSEI-Alto-Rio-Purus.pdf
DSEI Alto Rio Purus;AC;81/2025;10;Resultado Preliminar da Entrevista;22/12/2025;1;https://agenciasus.org.br/shared-files/20137/?Edital-no-81-2-ANEXOS-DSEI-Alto-Rio-Purus.pdf
DSEI Alto Rio Purus;AC;81/2025;11;Recurso contra o Resultado Preliminar da Entrevista;23/12/2025 e 24/12/2025 *Os recursos devem ser enviados das 9h às 18h (Horário de Brasília/DF);1;https://agenciasus.org.br/shared-files/20137/?Edital-no-81-2-ANEXOS-DSEI-Alto-Rio-Purus.pdf
DSEI Alto Rio Purus;AC;81/2025;12;Análise e resposta aos recursos;29/12/2025 e 30/12/2025;1;https://agenciasus.org.br/shared-files/20137/?Edital-no-81-2-ANEXOS-DSEI-Alto-Rio-Purus.pdf
DSEI Alto Rio Purus;AC;81/2025;13;Resultado Final do Processo Seletivo;05/01/2026;1;https://agenciasus.org.br/shared-files/20137/?Edital-no-81-2-ANEXOS-DSEI-Alto-Rio-Purus.pdf
DSEI Alto Rio Purus;AC;81/2025;14;Convocação para realização do Exame Médico Ocupacional;06/01/2026 a 09/01/206;1;https://agenciasus.org.br/shared-files/20137/?Edital-no-81-2-ANEXOS-DSEI-Alto-Rio-Purus.pdf
DSEI Alto Rio Purus;AC;81/2025;15;Data prevista para admissão;12/01/2026;1;https://agenciasus.org.br/shared-files/20137/?Edital-no-81-2-ANEXOS-DSEI-Alto-Rio-Purus.pdf
DSEI Alto Rio Solimões;AM;03/2025;1;Período de inscrição;20/02/2025 às 18 horas à 28/02/2025 até às 17 horas.;7;https://agenciasus.org.br/wp-content/uploads/2025/02/Edital_n_03-2025-DSEI_Alto_Rio_Solimoes.pdf
DSEI Alto Rio Solimões;AM;03/2025;2;Análise Curricular;10/03/2025 a 14/03/2025;7;https://agenciasus.org.br/wp-content/uploads/2025/02/Edital_n_03-2025-DSEI_Alto_Rio_Solimoes.pdf
DSEI Alto Rio Solimões;AM;03/2025;3;Divulgação do resultado provisório da análise curricular;17/03/2025;7;https://agenciasus.org.br/wp-content/uploads/2025/02/Edital_n_03-2025-DSEI_Alto_Rio_Solimoes.pdf
DSEI Alto Rio Solimões;AM;03/2025;4;Solicitação de recurso do resultado provisório (análise curricular);18/03/2025 a 19/03/2025 das 08h às 22h;7;https://agenciasus.org.br/wp-content/uploads/2025/02/Edital_n_03-2025-DSEI_Alto_Rio_Solimoes.pdf
DSEI Alto Rio Solimões;AM;03/2025;5;Divulgação do resultado final do processo seletivo;20/03/2025;7;https://agenciasus.org.br/wp-content/uploads/2025/02/Edital_n_03-2025-DSEI_Alto_Rio_Solimoes.pdf
DSEI Alto Rio Solimões;AM;03/2025;6;Convocação para realização do Exame Médico Ocupacional;24/03/2025 a 28/03/2025;7;https://agenciasus.org.br/wp-content/uploads/2025/02/Edital_n_03-2025-DSEI_Alto_Rio_Solimoes.pdf
DSEI Alto Rio Solimões;AM;03/2025;7;Previsão para Admissão de Pessoal;31/03/2025;7;https://agenciasus.org.br/wp-content/uploads/2025/02/Edital_n_03-2025-DSEI_Alto_Rio_Solimoes.pdf
DSEI Bahia;BA;95/2025;1;Publicação do Edital;10/11/2025;1;https://agenciasus.org.br/shared-files/20125/?Edital-no-95-2-ANEXOS-DSEI-Bahia.pdf
DSEI Bahia;BA;95/2025;2;Impugnação ao Edital;11/11/2025, 12/11/2025 e 13/11/2025;1;https://agenciasus.org.br/shared-files/20125/?Edital-no-95-2-ANEXOS-DSEI-Bahia.pdf
DSEI Bahia;BA;95/2025;3;Período de inscrição e Envio dos Documentos Comprobatórios de Requisitos;14/11/2025 a 25/11/2025;1;https://agenciasus.org.br/shared-files/20125/?Edital-no-95-2-ANEXOS-DSEI-Bahia.pdf
DSEI Bahia;BA;95/2025;4;Análise Curricular;26/11/2025 a 03/12/2025;1;https://agenciasus.org.br/shared-files/20125/?Edital-no-95-2-ANEXOS-DSEI-Bahia.pdf
DSEI Bahia;BA;95/2025;5;Resultado Preliminar da Análise Curricular;05/12/2025;1;https://agenciasus.org.br/shared-files/20125/?Edital-no-95-2-ANEXOS-DSEI-Bahia.pdf
DSEI Bahia;BA;95/2025;6;Recurso contra o Resultado Preliminar da Análise Curricular;06/12/2025 e 07/12/2025 *Os recursos devem ser enviados das 9h às 18h (Horário de Brasília/DF);1;https://agenciasus.org.br/shared-files/20125/?Edital-no-95-2-ANEXOS-DSEI-Bahia.pdf
DSEI Bahia;BA;95/2025;7;Análise e resposta aos recursos;08/12/2025 a 09/12/2025;1;https://agenciasus.org.br/shared-files/20125/?Edital-no-95-2-ANEXOS-DSEI-Bahia.pdf
DSEI Bahia;BA;95/2025;8;Resultado Final da Avaliação Curricular e Convocação para a Entrevista;10/12/2025 a 12/12/2025;1;https://agenciasus.org.br/shared-files/20125/?Edital-no-95-2-ANEXOS-DSEI-Bahia.pdf
DSEI Bahia;BA;95/2025;9;Entrevistas;15/12/2025 a 17/12/2025;1;https://agenciasus.org.br/shared-files/20125/?Edital-no-95-2-ANEXOS-DSEI-Bahia.pdf
DSEI Bahia;BA;95/2025;10;Resultado Preliminar da Entrevista;22/12/2025;1;https://agenciasus.org.br/shared-files/20125/?Edital-no-95-2-ANEXOS-DSEI-Bahia.pdf
DSEI Bahia;BA;95/2025;11;Recurso contra o Resultado Preliminar da Entrevista;23/12/2025 e 24/12/2025 *Os recursos devem ser enviados das 9h às 18h (Horário de Brasília/DF);1;https://agenciasus.org.br/shared-files/20125/?Edital-no-95-2-ANEXOS-DSEI-Bahia.pdf
DSEI Bahia;BA;95/2025;12;Análise e resposta aos recursos;29/12/2025 e 30/12/2025;1;https://agenciasus.org.br/shared-files/20125/?Edital-no-95-2-ANEXOS-DSEI-Bahia.pdf
DSEI Bahia;BA;95/2025;13;Resultado Final do Processo Seletivo;05/01/2026;1;https://agenciasus.org.br/shared-files/20125/?Edital-no-95-2-ANEXOS-DSEI-Bahia.pdf
DSEI Bahia;BA;95/2025;14;Convocação para realização do Exame Médico Ocupacional;06/01/2026 a 09/01/206;1;https://agenciasus.org.br/shared-files/20125/?Edital-no-95-2-ANEXOS-DSEI-Bahia.pdf
DSEI Bahia;BA;95/2025;15;Data prevista para admissão;12/01/2026;1;https://agenciasus.org.br/shared-files/20125/?Edital-no-95-2-ANEXOS-DSEI-Bahia.pdf
DSEI Ceará;CE;72/2025;1;Publicação do Edital;10/10/2025;1;https://agenciasus.org.br/shared-files/19105/?ANEXOS-DSEI-CEARA-1.pdf
DSEI Ceará;CE;72/2025;2;Impugnação ao Edital;11/10, 12/10 e 13/10;1;https://agenciasus.org.br/shared-files/19105/?ANEXOS-DSEI-CEARA-1.pdf
DSEI Ceará;CE;72/2025;3;Período de inscrição e Envio dos Documentos Comprobatórios de Requisitos;14/10/2025 a 22/10/2025;1;https://agenciasus.org.br/shared-files/19105/?ANEXOS-DSEI-CEARA-1.pdf
DSEI Ceará;CE;72/2025;4;Análise Curricular;23/10/2025 a 29/10/2025;1;https://agenciasus.org.br/shared-files/19105/?ANEXOS-DSEI-CEARA-1.pdf
DSEI Ceará;CE;72/2025;5;Resultado Preliminar da Análise Curricular;30/10/2025;1;https://agenciasus.org.br/shared-files/19105/?ANEXOS-DSEI-CEARA-1.pdf
DSEI Ceará;CE;72/2025;6;Recurso contra o Resultado Preliminar da Análise Curricular;31/10/2025 a 03/11/2025 *Os recursos devem ser enviados das 9h às 18h (Horário de Brasília/DF);1;https://agenciasus.org.br/shared-files/19105/?ANEXOS-DSEI-CEARA-1.pdf
DSEI Ceará;CE;72/2025;7;Análise e resposta aos recursos;04/11/2025;1;https://agenciasus.org.br/shared-files/19105/?ANEXOS-DSEI-CEARA-1.pdf
DSEI Ceará;CE;72/2025;8;Resultado Final da Avaliação Curricular e Convocação para a Entrevista;05/11, 06/11 e 07/11;1;https://agenciasus.org.br/shared-files/19105/?ANEXOS-DSEI-CEARA-1.pdf
DSEI Ceará;CE;72/2025;9;Entrevistas;10/11 a 14/11;1;https://agenciasus.org.br/shared-files/19105/?ANEXOS-DSEI-CEARA-1.pdf
DSEI Ceará;CE;72/2025;10;Resultado Preliminar da Entrevista;17/11/2025;1;https://agenciasus.org.br/shared-files/19105/?ANEXOS-DSEI-CEARA-1.pdf
DSEI Ceará;CE;72/2025;11;Recurso contra o Resultado Preliminar da Entrevista;18/11 a 19/11 *Os recursos devem ser enviados das 9h às 18h (Horário de Brasília/DF);1;https://agenciasus.org.br/shared-files/19105/?ANEXOS-DSEI-CEARA-1.pdf
DSEI Ceará;CE;72/2025;12;Análise e resposta aos recursos;24/11 e 25/11;1;https://agenciasus.org.br/shared-files/19105/?ANEXOS-DSEI-CEARA-1.pdf
DSEI Ceará;CE;72/2025;13;Resultado Final do Processo Seletivo;26/11/2025;1;https://agenciasus.org.br/shared-files/19105/?ANEXOS-DSEI-CEARA-1.pdf
DSEI Ceará;CE;72/2025;14;Convocação para realização do Exame Médico Ocupacional;27/11/ e 28/11;1;https://agenciasus.org.br/shared-files/19105/?ANEXOS-DSEI-CEARA-1.pdf
DSEI Ceará;CE;72/2025;15;Data prevista para admissão;01/12/2025;1;https://agenciasus.org.br/shared-files/19105/?ANEXOS-DSEI-CEARA-1.pdf
DSEI Cuiabá;MT;03/2025;1;Período de inscrição;20/02/2025 às 18 horas à 28/02/2025 até às 17 horas.;7;https://agenciasus.org.br/wp-content/uploads/2025/02/Edital_n_05-2025-DSEICuiaba.pdf
DSEI Cuiabá;MT;03/2025;2;Análise Curricular;10/03/2025 a 14/03/2025;7;https://agenciasus.org.br/wp-content/uploads/2025/02/Edital_n_05-2025-DSEICuiaba.pdf
DSEI Cuiabá;MT;03/2025;3;Divulgação do resultado provisório da análise curricular;17/03/2025;7;https://agenciasus.org.br/wp-content/uploads/2025/02/Edital_n_05-2025-DSEICuiaba.pdf
DSEI Cuiabá;MT;03/2025;4;Solicitação de recurso do resultado provisório (análise curricular);18/03/2025 a 19/03/2025 das 08h às 22h;7;https://agenciasus.org.br/wp-content/uploads/2025/02/Edital_n_05-2025-DSEICuiaba.pdf
DSEI Cuiabá;MT;03/2025;5;Divulgação do resultado final do processo seletivo;20/03/2025;7;https://agenciasus.org.br/wp-content/uploads/2025/02/Edital_n_05-2025-DSEICuiaba.pdf
DSEI Cuiabá;MT;03/2025;6;Convocação para realização do Exame Médico Ocupacional;24/03/2025 a 28/03/2025;7;https://agenciasus.org.br/wp-content/uploads/2025/02/Edital_n_05-2025-DSEICuiaba.pdf
DSEI Cuiabá;MT;03/2025;7;Previsão para Admissão de Pessoal;31/03/2025;7;https://agenciasus.org.br/wp-content/uploads/2025/02/Edital_n_05-2025-DSEICuiaba.pdf
DSEI Interior Sul;SC;83/2025;1;Publicação do Edital;10/11/2025;1;https://agenciasus.org.br/shared-files/20134/?Edital%20nº%2083%20–%202%20–%20ANEXOS.pdf
DSEI Interior Sul;SC;83/2025;2;Impugnação ao Edital;11/11, 12/11 e 13/11;1;https://agenciasus.org.br/shared-files/20134/?Edital%20nº%2083%20–%202%20–%20ANEXOS.pdf
DSEI Interior Sul;SC;83/2025;3;Período de inscrição e Envio dos Documentos Comprobatórios de Requisitos;14/11/2025 a 25/11/2025;1;https://agenciasus.org.br/shared-files/20134/?Edital%20nº%2083%20–%202%20–%20ANEXOS.pdf
DSEI Interior Sul;SC;83/2025;4;Análise Curricular;26/11/2025 a 03/12/2025;1;https://agenciasus.org.br/shared-files/20134/?Edital%20nº%2083%20–%202%20–%20ANEXOS.pdf
DSEI Interior Sul;SC;83/2025;5;Resultado Preliminar da Análise Curricular;05/12/2025;1;https://agenciasus.org.br/shared-files/20134/?Edital%20nº%2083%20–%202%20–%20ANEXOS.pdf
DSEI Interior Sul;SC;83/2025;6;Recurso contra o Resultado Preliminar da Análise Curricular;06/12/2025 e 07/12/2025 *Os recursos devem ser enviados das 9h às 18h (Horário de Brasília/DF);1;https://agenciasus.org.br/shared-files/20134/?Edital%20nº%2083%20–%202%20–%20ANEXOS.pdf
DSEI Interior Sul;SC;83/2025;7;Análise e resposta aos recursos;08/12 a 09/12;1;https://agenciasus.org.br/shared-files/20134/?Edital%20nº%2083%20–%202%20–%20ANEXOS.pdf
DSEI Interior Sul;SC;83/2025;8;Resultado Final da Avaliação Curricular e Convocação para a Entrevista;10/12/2025 a 12/12/2025;1;https://agenciasus.org.br/shared-files/20134/?Edital%20nº%2083%20–%202%20–%20ANEXOS.pdf
DSEI Interior Sul;SC;83/2025;9;Entrevistas;15/12 a 19/12/2025;1;https://agenciasus.org.br/shared-files/20134/?Edital%20nº%2083%20–%202%20–%20ANEXOS.pdf
DSEI Interior Sul;SC;83/2025;10;Resultado Preliminar da Entrevista;22/12/2025;1;https://agenciasus.org.br/shared-files/20134/?Edital%20nº%2083%20–%202%20–%20ANEXOS.pdf
DSEI Interior Sul;SC;83/2025;11;Recurso contra o Resultado Preliminar da Entrevista;23/12 e 24/12 *Os recursos devem ser enviados das 9h às 18h (Horário de Brasília/DF);1;https://agenciasus.org.br/shared-files/20134/?Edital%20nº%2083%20–%202%20–%20ANEXOS.pdf
DSEI Interior Sul;SC;83/2025;12;Análise e resposta aos recursos;29/12/2025 e 30/12/2025;1;https://agenciasus.org.br/shared-files/20134/?Edital%20nº%2083%20–%202%20–%20ANEXOS.pdf
DSEI Interior Sul;SC;83/2025;13;Resultado Final do Processo Seletivo;05/01/2026;1;https://agenciasus.org.br/shared-files/20134/?Edital%20nº%2083%20–%202%20–%20ANEXOS.pdf
DSEI Interior Sul;SC;83/2025;14;Convocação para realização do Exame Médico Ocupacional;06/01/2026 a 09/01/206;1;https://agenciasus.org.br/shared-files/20134/?Edital%20nº%2083%20–%202%20–%20ANEXOS.pdf
DSEI Interior Sul;SC;83/2025;15;Data prevista para admissão;12/01/2026;1;https://agenciasus.org.br/shared-files/20134/?Edital%20nº%2083%20–%202%20–%20ANEXOS.pdf
DSEI Kaiapó do Pará;PA;06/2025;1;Período de inscrição;20/02/2025 às 18 horas à 28/02/2025 até às 17 horas.;7;https://agenciasus.org.br/wp-content/uploads/2025/02/Edital_n_06-2025-DSEI_Kaiapo_do_Para.pdf
DSEI Kaiapó do Pará;PA;06/2025;2;Análise Curricular;10/03/2025 a 14/03/2025;7;https://agenciasus.org.br/wp-content/uploads/2025/02/Edital_n_06-2025-DSEI_Kaiapo_do_Para.pdf
DSEI Kaiapó do Pará;PA;06/2025;3;Divulgação do resultado provisório da análise curricular;17/03/2025;7;https://agenciasus.org.br/wp-content/uploads/2025/02/Edital_n_06-2025-DSEI_Kaiapo_do_Para.pdf
DSEI Kaiapó do Pará;PA;06/2025;4;Solicitação de recurso do resultado provisório (análise curricular);18/03/2025 a 19/03/2025 das 08h às 22h;7;https://agenciasus.org.br/wp-content/uploads/2025/02/Edital_n_06-2025-DSEI_Kaiapo_do_Para.pdf
DSEI Kaiapó do Pará;PA;06/2025;5;Divulgação do resultado final do processo seletivo;20/03/2025;7;https://agenciasus.org.br/wp-content/uploads/2025/02/Edital_n_06-2025-DSEI_Kaiapo_do_Para.pdf
DSEI Kaiapó do Pará;PA;06/2025;6;Convocação para realização do Exame Médico Ocupacional;24/03/2025 a 28/03/2025;7;https://agenciasus.org.br/wp-content/uploads/2025/02/Edital_n_06-2025-DSEI_Kaiapo_do_Para.pdf
DSEI Kaiapó do Pará;PA;06/2025;7;Previsão para Admissão de Pessoal;31/03/2025;7;https://agenciasus.org.br/wp-content/uploads/2025/02/Edital_n_06-2025-DSEI_Kaiapo_do_Para.pdf
DSEI Manaus;AM;70/2025;1;Publicação do Edital;10/10/2025;1;https://agenciasus.org.br/shared-files/19099/?ANEXOS-DSEI-MANAUS-1.pdf
DSEI Manaus;AM;70/2025;2;Impugnação ao Edital;11/10, 12/10 e 13/10;1;https://agenciasus.org.br/shared-files/19099/?ANEXOS-DSEI-MANAUS-1.pdf
DSEI Manaus;AM;70/2025;3;Período de inscrição e Envio dos Documentos Comprobatórios de Requisitos;14/10/2025 a 22/10/2025;1;https://agenciasus.org.br/shared-files/19099/?ANEXOS-DSEI-MANAUS-1.pdf
DSEI Manaus;AM;70/2025;4;Análise Curricular;23/10/2025 a 27/10/2025;1;https://agenciasus.org.br/shared-files/19099/?ANEXOS-DSEI-MANAUS-1.pdf
DSEI Manaus;AM;70/2025;5;Resultado Preliminar da Análise Curricular;28/10/2025;1;https://agenciasus.org.br/shared-files/19099/?ANEXOS-DSEI-MANAUS-1.pdf
DSEI Manaus;AM;70/2025;6;Recurso contra o Resultado Preliminar da Análise Curricular;29/10/2025 e 30/11/2025 *Os recursos devem ser enviados das 9h às 18h (Horário de Brasília/DF);1;https://agenciasus.org.br/shared-files/19099/?ANEXOS-DSEI-MANAUS-1.pdf
DSEI Manaus;AM;70/2025;7;Análise e resposta aos recursos;31/10/2025;1;https://agenciasus.org.br/shared-files/19099/?ANEXOS-DSEI-MANAUS-1.pdf
DSEI Manaus;AM;70/2025;8;Resultado Final da Avaliação Curricular e Convocação para a Entrevista;03/11/2025;1;https://agenciasus.org.br/shared-files/19099/?ANEXOS-DSEI-MANAUS-1.pdf
DSEI Manaus;AM;70/2025;9;Entrevistas;04/11 a 07/11;1;https://agenciasus.org.br/shared-files/19099/?ANEXOS-DSEI-MANAUS-1.pdf
DSEI Manaus;AM;70/2025;10;Resultado Preliminar da Entrevista;10/11/2025;1;https://agenciasus.org.br/shared-files/19099/?ANEXOS-DSEI-MANAUS-1.pdf
DSEI Manaus;AM;70/2025;11;Recurso contra o Resultado Preliminar da Entrevista;11/11 a 12/11 *Os recursos devem ser enviados das 9h às 18h (Horário de Brasília/DF);1;https://agenciasus.org.br/shared-files/19099/?ANEXOS-DSEI-MANAUS-1.pdf
DSEI Manaus;AM;70/2025;12;Análise e resposta aos recursos;13/11 e 14/11;1;https://agenciasus.org.br/shared-files/19099/?ANEXOS-DSEI-MANAUS-1.pdf
DSEI Manaus;AM;70/2025;13;Resultado Final do Processo Seletivo;17/11/2025;1;https://agenciasus.org.br/shared-files/19099/?ANEXOS-DSEI-MANAUS-1.pdf
DSEI Manaus;AM;70/2025;14;Convocação para realização do Exame Médico Ocupacional;18/11 e 19/11;1;https://agenciasus.org.br/shared-files/19099/?ANEXOS-DSEI-MANAUS-1.pdf
DSEI Manaus;AM;70/2025;15;Data prevista para admissão;21/11/2025;1;https://agenciasus.org.br/shared-files/19099/?ANEXOS-DSEI-MANAUS-1.pdf
DSEI Mato Grosso do Sul;MS;65/2025;1;Publicação do Edital;03/10/2025;1;https://agenciasus.org.br/shared-files/18168/?Edital-no-65-Anexos-DSEI-Mato-Grosso-do-Sul.pdf
DSEI Mato Grosso do Sul;MS;65/2025;2;Impugnação do Edital;04/10, 05/10 e 06/10;1;https://agenciasus.org.br/shared-files/18168/?Edital-no-65-Anexos-DSEI-Mato-Grosso-do-Sul.pdf
DSEI Mato Grosso do Sul;MS;65/2025;3;Período de inscrição e Envio dos Documentos Comprobatórios de Requisitos;07/10/2025 a 15/10/2025;1;https://agenciasus.org.br/shared-files/18168/?Edital-no-65-Anexos-DSEI-Mato-Grosso-do-Sul.pdf
DSEI Mato Grosso do Sul;MS;65/2025;4;Análise Curricular;16/10/2025 a 24/10/2025;1;https://agenciasus.org.br/shared-files/18168/?Edital-no-65-Anexos-DSEI-Mato-Grosso-do-Sul.pdf
DSEI Mato Grosso do Sul;MS;65/2025;5;Resultado Preliminar da Análise Curricular e Abertura do prazo de recurso;27/10/2025 *Os recursos devem ser enviados das 9h às 18h (Horário de Brasília/DF);1;https://agenciasus.org.br/shared-files/18168/?Edital-no-65-Anexos-DSEI-Mato-Grosso-do-Sul.pdf
DSEI Mato Grosso do Sul;MS;65/2025;6;Análise dos recursos;28/10 a 29/10;1;https://agenciasus.org.br/shared-files/18168/?Edital-no-65-Anexos-DSEI-Mato-Grosso-do-Sul.pdf
DSEI Mato Grosso do Sul;MS;65/2025;7;Resultado Final da Avaliação Curricular e convocação para a Entrevista;30/10/2025;1;https://agenciasus.org.br/shared-files/18168/?Edital-no-65-Anexos-DSEI-Mato-Grosso-do-Sul.pdf
DSEI Mato Grosso do Sul;MS;65/2025;8;Entrevistas;31/10, 03/11, 04/11, 05/11 e 06/11;1;https://agenciasus.org.br/shared-files/18168/?Edital-no-65-Anexos-DSEI-Mato-Grosso-do-Sul.pdf
DSEI Mato Grosso do Sul;MS;65/2025;9;Resultado Preliminar da Entrevista e abertura do prazo para recursos;07/11/2025 *Os recursos devem ser enviados das 9h às 18h (Horário de Brasília/DF);1;https://agenciasus.org.br/shared-files/18168/?Edital-no-65-Anexos-DSEI-Mato-Grosso-do-Sul.pdf
DSEI Mato Grosso do Sul;MS;65/2025;10;Análise e resposta aos recursos;10/11/2025;1;https://agenciasus.org.br/shared-files/18168/?Edital-no-65-Anexos-DSEI-Mato-Grosso-do-Sul.pdf
DSEI Mato Grosso do Sul;MS;65/2025;11;Resultado final da Entrevista;11/11/2025;1;https://agenciasus.org.br/shared-files/18168/?Edital-no-65-Anexos-DSEI-Mato-Grosso-do-Sul.pdf
DSEI Mato Grosso do Sul;MS;65/2025;12;Resultado final do Processo Seletivo;12/11/2025;1;https://agenciasus.org.br/shared-files/18168/?Edital-no-65-Anexos-DSEI-Mato-Grosso-do-Sul.pdf
DSEI Mato Grosso do Sul;MS;65/2025;13;Data prevista para convocação para realização do Exame Médico Ocupacional;13/11/2025 e 14/11/2025;1;https://agenciasus.org.br/shared-files/18168/?Edital-no-65-Anexos-DSEI-Mato-Grosso-do-Sul.pdf
DSEI Mato Grosso do Sul;MS;65/2025;14;Data prevista para admissão;17/11/2025;1;https://agenciasus.org.br/shared-files/18168/?Edital-no-65-Anexos-DSEI-Mato-Grosso-do-Sul.pdf
DSEI Médio Rio Purus;AM;06/2026;1;Publicação do Edital;09/03/2026;1;https://agenciasus.org.br/shared-files/25541/?Anexos-do-Edital-de-Processo-Seletivo-Simplificado-No-062026-–-DSEI-Medio-Rio-Purus-Anexos-I-a-X.pdf
DSEI Médio Rio Purus;AM;06/2026;2;Impugnação ao Edital;10/03/2026, 11/03/2026 e 12/03/2026;1;https://agenciasus.org.br/shared-files/25541/?Anexos-do-Edital-de-Processo-Seletivo-Simplificado-No-062026-–-DSEI-Medio-Rio-Purus-Anexos-I-a-X.pdf
DSEI Médio Rio Purus;AM;06/2026;3;Período de inscrição e Envio dos Documentos Comprobatórios de Requisitos;13/03/2026 a 23/03/2026;1;https://agenciasus.org.br/shared-files/25541/?Anexos-do-Edital-de-Processo-Seletivo-Simplificado-No-062026-–-DSEI-Medio-Rio-Purus-Anexos-I-a-X.pdf
DSEI Médio Rio Purus;AM;06/2026;4;Análise Curricular;24/03/2026 a 02/04/2026;1;https://agenciasus.org.br/shared-files/25541/?Anexos-do-Edital-de-Processo-Seletivo-Simplificado-No-062026-–-DSEI-Medio-Rio-Purus-Anexos-I-a-X.pdf
DSEI Médio Rio Purus;AM;06/2026;5;Resultado Preliminar da Análise Curricular;08/04/2026;1;https://agenciasus.org.br/shared-files/25541/?Anexos-do-Edital-de-Processo-Seletivo-Simplificado-No-062026-–-DSEI-Medio-Rio-Purus-Anexos-I-a-X.pdf
DSEI Médio Rio Purus;AM;06/2026;6;Recurso contra o Resultado Preliminar da Análise Curricular;09/04/2026 e 10/04/2026 *Os recursos devem ser enviados das 9h às 18h (Horário de Brasília/DF);1;https://agenciasus.org.br/shared-files/25541/?Anexos-do-Edital-de-Processo-Seletivo-Simplificado-No-062026-–-DSEI-Medio-Rio-Purus-Anexos-I-a-X.pdf
DSEI Médio Rio Purus;AM;06/2026;7;Análise e resposta aos recursos;13/04/2026 a 17/04/2026;1;https://agenciasus.org.br/shared-files/25541/?Anexos-do-Edital-de-Processo-Seletivo-Simplificado-No-062026-–-DSEI-Medio-Rio-Purus-Anexos-I-a-X.pdf
DSEI Médio Rio Purus;AM;06/2026;8;Resultado Final da Avaliação Curricular;23/04/2026;1;https://agenciasus.org.br/shared-files/25541/?Anexos-do-Edital-de-Processo-Seletivo-Simplificado-No-062026-–-DSEI-Medio-Rio-Purus-Anexos-I-a-X.pdf
DSEI Médio Rio Purus;AM;06/2026;9;Convocação para a Entrevista;27/04/2026 a 30/04/2026;1;https://agenciasus.org.br/shared-files/25541/?Anexos-do-Edital-de-Processo-Seletivo-Simplificado-No-062026-–-DSEI-Medio-Rio-Purus-Anexos-I-a-X.pdf
DSEI Médio Rio Purus;AM;06/2026;10;Entrevistas;04/05/2026 a 15/05/2026;1;https://agenciasus.org.br/shared-files/25541/?Anexos-do-Edital-de-Processo-Seletivo-Simplificado-No-062026-–-DSEI-Medio-Rio-Purus-Anexos-I-a-X.pdf
DSEI Médio Rio Purus;AM;06/2026;11;Resultado Preliminar da Entrevista;20/05/2026;1;https://agenciasus.org.br/shared-files/25541/?Anexos-do-Edital-de-Processo-Seletivo-Simplificado-No-062026-–-DSEI-Medio-Rio-Purus-Anexos-I-a-X.pdf
DSEI Médio Rio Purus;AM;06/2026;12;Recurso contra o Resultado Preliminar da Entrevista;21/05/2026 a 22/05/2026 *Os recursos devem ser enviados das 9h às 18h (Horário de Brasília/DF);1;https://agenciasus.org.br/shared-files/25541/?Anexos-do-Edital-de-Processo-Seletivo-Simplificado-No-062026-–-DSEI-Medio-Rio-Purus-Anexos-I-a-X.pdf
DSEI Médio Rio Purus;AM;06/2026;13;Análise e resposta aos recursos;25/05/2026 a 29/05/2026;1;https://agenciasus.org.br/shared-files/25541/?Anexos-do-Edital-de-Processo-Seletivo-Simplificado-No-062026-–-DSEI-Medio-Rio-Purus-Anexos-I-a-X.pdf
DSEI Médio Rio Purus;AM;06/2026;14;Resultado Final da Entrevista;03/06/2026;1;https://agenciasus.org.br/shared-files/25541/?Anexos-do-Edital-de-Processo-Seletivo-Simplificado-No-062026-–-DSEI-Medio-Rio-Purus-Anexos-I-a-X.pdf
DSEI Médio Rio Purus;AM;06/2026;15;Resultado Final do Processo Seletivo;05/06/2026;1;https://agenciasus.org.br/shared-files/25541/?Anexos-do-Edital-de-Processo-Seletivo-Simplificado-No-062026-–-DSEI-Medio-Rio-Purus-Anexos-I-a-X.pdf
DSEI Parintins;AM;22/2026;1;Publicação do Edital;23/03/2026;1;https://agenciasus.org.br/shared-files/26346/?Edital-No-22_2026-Anexos.pdf
DSEI Parintins;AM;22/2026;2;Impugnação do Edital;24/03/2026 a 26/03/2026;1;https://agenciasus.org.br/shared-files/26346/?Edital-No-22_2026-Anexos.pdf
DSEI Parintins;AM;22/2026;3;Período de inscrição e Envio dos Documentos Comprobatórios de Requisitos;27/03/2026 a 07/04/2026;1;https://agenciasus.org.br/shared-files/26346/?Edital-No-22_2026-Anexos.pdf
DSEI Parintins;AM;22/2026;4;Análise Curricular;08/04/2026 a 17/04/2026;1;https://agenciasus.org.br/shared-files/26346/?Edital-No-22_2026-Anexos.pdf
DSEI Parintins;AM;22/2026;5;Resultado Preliminar da Análise Curricular;23/04/2026;1;https://agenciasus.org.br/shared-files/26346/?Edital-No-22_2026-Anexos.pdf
DSEI Parintins;AM;22/2026;6;Abertura do prazo de recurso;24/04/2026 e 27/04/2026 *Os recursos devem ser enviados das 9h às 18h (Horário de Brasília/DF);1;https://agenciasus.org.br/shared-files/26346/?Edital-No-22_2026-Anexos.pdf
DSEI Parintins;AM;22/2026;7;Análise dos recursos;28/04/2026 e 30/04/2026;1;https://agenciasus.org.br/shared-files/26346/?Edital-No-22_2026-Anexos.pdf
DSEI Parintins;AM;22/2026;8;Resultado Final da Avaliação Curricular;05/05/2026;1;https://agenciasus.org.br/shared-files/26346/?Edital-No-22_2026-Anexos.pdf
DSEI Parintins;AM;22/2026;9;Convocação para a Entrevista;06/05/2026 a 08/05/2026;1;https://agenciasus.org.br/shared-files/26346/?Edital-No-22_2026-Anexos.pdf
DSEI Parintins;AM;22/2026;10;Entrevistas;11/05/2026 a 15/05/2026;1;https://agenciasus.org.br/shared-files/26346/?Edital-No-22_2026-Anexos.pdf
DSEI Parintins;AM;22/2026;11;Resultado Preliminar da Entrevista;20/05/2026;1;https://agenciasus.org.br/shared-files/26346/?Edital-No-22_2026-Anexos.pdf
DSEI Parintins;AM;22/2026;12;Prazo para recursos;21/05/2026 e 22/05/2026 *Os recursos devem ser enviados das 9h do dia 21/05 às 18h do dia 22/05 (horário de Brasília/DF);1;https://agenciasus.org.br/shared-files/26346/?Edital-No-22_2026-Anexos.pdf
DSEI Parintins;AM;22/2026;13;Análise e resposta aos recursos;25/05/2026 a 28/05/2026;1;https://agenciasus.org.br/shared-files/26346/?Edital-No-22_2026-Anexos.pdf
DSEI Parintins;AM;22/2026;14;Resultado final da Entrevista e Resultado final do Processo Seletivo;29/05/2026;1;https://agenciasus.org.br/shared-files/26346/?Edital-No-22_2026-Anexos.pdf
DSEI Parintins;AM;22/2026;15;Convocação para Exame Admissional;01/06/2026 a 03/06/2026;1;https://agenciasus.org.br/shared-files/26346/?Edital-No-22_2026-Anexos.pdf
DSEI Parintins;AM;22/2026;16;Data prevista para Admissão;08/06/2026;1;https://agenciasus.org.br/shared-files/26346/?Edital-No-22_2026-Anexos.pdf
DSEI Pernambuco;PE;73/2025;1;Publicação do Edital;10/10/2025;1;https://agenciasus.org.br/shared-files/19090/?ANEXOS-DSEI-PERNAMBUCO-1.pdf
DSEI Pernambuco;PE;73/2025;2;Impugnação ao Edital;11/10, 12/10 e 13/10;1;https://agenciasus.org.br/shared-files/19090/?ANEXOS-DSEI-PERNAMBUCO-1.pdf
DSEI Pernambuco;PE;73/2025;3;Período de inscrição e Envio dos Documentos Comprobatórios de Requisitos;14/10/2025 a 22/10/2025;1;https://agenciasus.org.br/shared-files/19090/?ANEXOS-DSEI-PERNAMBUCO-1.pdf
DSEI Pernambuco;PE;73/2025;4;Análise Curricular;23/10/2025 a 27/10/2025;1;https://agenciasus.org.br/shared-files/19090/?ANEXOS-DSEI-PERNAMBUCO-1.pdf
DSEI Pernambuco;PE;73/2025;5;Resultado Preliminar da Análise Curricular;28/10/2025;1;https://agenciasus.org.br/shared-files/19090/?ANEXOS-DSEI-PERNAMBUCO-1.pdf
DSEI Pernambuco;PE;73/2025;6;Recurso contra o Resultado Preliminar da Análise Curricular;29/10/2025 e 30/11/2025 *Os recursos devem ser enviados das 9h às 18h (Horário de Brasília/DF);1;https://agenciasus.org.br/shared-files/19090/?ANEXOS-DSEI-PERNAMBUCO-1.pdf
DSEI Pernambuco;PE;73/2025;7;Análise e resposta aos recursos;31/10/2025;1;https://agenciasus.org.br/shared-files/19090/?ANEXOS-DSEI-PERNAMBUCO-1.pdf
DSEI Pernambuco;PE;73/2025;8;Resultado Final da Avaliação Curricular e Convocação para a Entrevista;03/11/2025;1;https://agenciasus.org.br/shared-files/19090/?ANEXOS-DSEI-PERNAMBUCO-1.pdf
DSEI Pernambuco;PE;73/2025;9;Entrevistas;04/11 a 07/11;1;https://agenciasus.org.br/shared-files/19090/?ANEXOS-DSEI-PERNAMBUCO-1.pdf
DSEI Pernambuco;PE;73/2025;10;Resultado Preliminar da Entrevista;10/11/2025;1;https://agenciasus.org.br/shared-files/19090/?ANEXOS-DSEI-PERNAMBUCO-1.pdf
DSEI Pernambuco;PE;73/2025;11;Recurso contra o Resultado Preliminar da Entrevista;11/11 a 12/11 *Os recursos devem ser enviados das 9h às 18h (Horário de Brasília/DF);1;https://agenciasus.org.br/shared-files/19090/?ANEXOS-DSEI-PERNAMBUCO-1.pdf
DSEI Pernambuco;PE;73/2025;12;Análise e resposta aos recursos;13/11 e 14/11;1;https://agenciasus.org.br/shared-files/19090/?ANEXOS-DSEI-PERNAMBUCO-1.pdf
DSEI Pernambuco;PE;73/2025;13;Resultado Final do Processo Seletivo;17/11/2025;1;https://agenciasus.org.br/shared-files/19090/?ANEXOS-DSEI-PERNAMBUCO-1.pdf
DSEI Pernambuco;PE;73/2025;14;Convocação para realização do Exame Médico Ocupacional;18/11 e 19/11;1;https://agenciasus.org.br/shared-files/19090/?ANEXOS-DSEI-PERNAMBUCO-1.pdf
DSEI Pernambuco;PE;73/2025;15;Data prevista para admissão;21/11/2025;1;https://agenciasus.org.br/shared-files/19090/?ANEXOS-DSEI-PERNAMBUCO-1.pdf
DSEI Porto Velho;RO;18/2026;1;Publicação do Edital;02/03/2026;1;https://agenciasus.org.br/shared-files/24921/?ANEXOS-DSEI-PORTO-VELHO.pdf
DSEI Porto Velho;RO;18/2026;2;Impugnação do Edital;02/03/2026 a 04/03/2026;1;https://agenciasus.org.br/shared-files/24921/?ANEXOS-DSEI-PORTO-VELHO.pdf
DSEI Porto Velho;RO;18/2026;3;Período de inscrição e Envio dos Documentos Comprobatórios de Requisitos;05/03/2026 a 13/03/2026;1;https://agenciasus.org.br/shared-files/24921/?ANEXOS-DSEI-PORTO-VELHO.pdf
DSEI Porto Velho;RO;18/2026;4;Análise Curricular;16/03/2026 a 26/03/2026;1;https://agenciasus.org.br/shared-files/24921/?ANEXOS-DSEI-PORTO-VELHO.pdf
DSEI Porto Velho;RO;18/2026;5;Resultado Preliminar da Análise Curricular;27/03/2026;1;https://agenciasus.org.br/shared-files/24921/?ANEXOS-DSEI-PORTO-VELHO.pdf
DSEI Porto Velho;RO;18/2026;6;Abertura do prazo de recurso;28/03/2026 a 29/03/2026;1;https://agenciasus.org.br/shared-files/24921/?ANEXOS-DSEI-PORTO-VELHO.pdf
DSEI Porto Velho;RO;18/2026;7;Análise e resposta aos recursos;30/03/2026 a 01/04/2026;1;https://agenciasus.org.br/shared-files/24921/?ANEXOS-DSEI-PORTO-VELHO.pdf
DSEI Porto Velho;RO;18/2026;8;Resultado Final da Avaliação Curricular;02/04/2026;1;https://agenciasus.org.br/shared-files/24921/?ANEXOS-DSEI-PORTO-VELHO.pdf
DSEI Porto Velho;RO;18/2026;9;convocação para a Entrevista;06/04/2026 a 08/04/2026;1;https://agenciasus.org.br/shared-files/24921/?ANEXOS-DSEI-PORTO-VELHO.pdf
DSEI Porto Velho;RO;18/2026;10;Entrevistas;13/04/2026 a 17/04/2026;1;https://agenciasus.org.br/shared-files/24921/?ANEXOS-DSEI-PORTO-VELHO.pdf
DSEI Porto Velho;RO;18/2026;11;Resultado Preliminar da Entrevista;24/04/2026;1;https://agenciasus.org.br/shared-files/24921/?ANEXOS-DSEI-PORTO-VELHO.pdf
DSEI Porto Velho;RO;18/2026;12;Abertura do prazo para recursos;25/04/2026 e 26/04/2026;1;https://agenciasus.org.br/shared-files/24921/?ANEXOS-DSEI-PORTO-VELHO.pdf
DSEI Porto Velho;RO;18/2026;13;Análise e resposta aos recursos;27/04/2026 a 29/04/2026;1;https://agenciasus.org.br/shared-files/24921/?ANEXOS-DSEI-PORTO-VELHO.pdf
DSEI Porto Velho;RO;18/2026;14;Resultado final da Entrevista;30/04/2026;1;https://agenciasus.org.br/shared-files/24921/?ANEXOS-DSEI-PORTO-VELHO.pdf
DSEI Porto Velho;RO;18/2026;15;Resultado final do Processo Seletivo;04/05/2026;1;https://agenciasus.org.br/shared-files/24921/?ANEXOS-DSEI-PORTO-VELHO.pdf
DSEI Potiguara;PB;74/2025;1;Publicação do Edital;10/10/2025;1;https://agenciasus.org.br/shared-files/19081/?ANEXOS-DSEI-POTIGUARA-1.pdf
DSEI Potiguara;PB;74/2025;2;Impugnação ao Edital;11/10, 12/10 e 13/10;1;https://agenciasus.org.br/shared-files/19081/?ANEXOS-DSEI-POTIGUARA-1.pdf
DSEI Potiguara;PB;74/2025;3;Período de inscrição e Envio dos Documentos Comprobatórios de Requisitos;14/10/2025 a 22/10/2025;1;https://agenciasus.org.br/shared-files/19081/?ANEXOS-DSEI-POTIGUARA-1.pdf
DSEI Potiguara;PB;74/2025;4;Análise Curricular;23/10/2025 a 27/10/2025;1;https://agenciasus.org.br/shared-files/19081/?ANEXOS-DSEI-POTIGUARA-1.pdf
DSEI Potiguara;PB;74/2025;5;Resultado Preliminar da Análise Curricular;28/10/2025;1;https://agenciasus.org.br/shared-files/19081/?ANEXOS-DSEI-POTIGUARA-1.pdf
DSEI Potiguara;PB;74/2025;6;Recurso contra o Resultado Preliminar da Análise Curricular;29/10/2025 e 30/11/2025 *Os recursos devem ser enviados das 9h às 18h (Horário de Brasília/DF);1;https://agenciasus.org.br/shared-files/19081/?ANEXOS-DSEI-POTIGUARA-1.pdf
DSEI Potiguara;PB;74/2025;7;Análise e resposta aos recursos;31/10/2025;1;https://agenciasus.org.br/shared-files/19081/?ANEXOS-DSEI-POTIGUARA-1.pdf
DSEI Potiguara;PB;74/2025;8;Resultado Final da Avaliação Curricular e Convocação para a Entrevista;03/11/2025;1;https://agenciasus.org.br/shared-files/19081/?ANEXOS-DSEI-POTIGUARA-1.pdf
DSEI Potiguara;PB;74/2025;9;Entrevistas;04/11 a 07/11;1;https://agenciasus.org.br/shared-files/19081/?ANEXOS-DSEI-POTIGUARA-1.pdf
DSEI Potiguara;PB;74/2025;10;Resultado Preliminar da Entrevista;10/11/2025;1;https://agenciasus.org.br/shared-files/19081/?ANEXOS-DSEI-POTIGUARA-1.pdf
DSEI Potiguara;PB;74/2025;11;Recurso contra o Resultado Preliminar da Entrevista;11/11 a 12/11 *Os recursos devem ser enviados das 9h às 18h (Horário de Brasília/DF);1;https://agenciasus.org.br/shared-files/19081/?ANEXOS-DSEI-POTIGUARA-1.pdf
DSEI Potiguara;PB;74/2025;12;Análise e resposta aos recursos;13/11 e 14/11;1;https://agenciasus.org.br/shared-files/19081/?ANEXOS-DSEI-POTIGUARA-1.pdf
DSEI Potiguara;PB;74/2025;13;Resultado Final do Processo Seletivo;17/11/2025;1;https://agenciasus.org.br/shared-files/19081/?ANEXOS-DSEI-POTIGUARA-1.pdf
DSEI Potiguara;PB;74/2025;14;Convocação para realização do Exame Médico Ocupacional;18/11 e 19/11;1;https://agenciasus.org.br/shared-files/19081/?ANEXOS-DSEI-POTIGUARA-1.pdf
DSEI Potiguara;PB;74/2025;15;Data prevista para admissão;21/11/2025;1;https://agenciasus.org.br/shared-files/19081/?ANEXOS-DSEI-POTIGUARA-1.pdf
DSEI Tocantins;TO;94/2025;1;Publicação do Edital;27/10/2025;1;https://agenciasus.org.br/shared-files/19290/?ANEXOS_DSEI-TOCANTINS.pdf
DSEI Tocantins;TO;94/2025;2;Impugnação do Edital;28/10, 29/10 e 30/10;1;https://agenciasus.org.br/shared-files/19290/?ANEXOS_DSEI-TOCANTINS.pdf
DSEI Tocantins;TO;94/2025;3;Período de inscrição e Envio dos Documentos Comprobatórios de Requisitos;31/10/2025 a 10/11/2025;1;https://agenciasus.org.br/shared-files/19290/?ANEXOS_DSEI-TOCANTINS.pdf
DSEI Tocantins;TO;94/2025;4;Análise Curricular;11/11/2025 a 14/11/2025;1;https://agenciasus.org.br/shared-files/19290/?ANEXOS_DSEI-TOCANTINS.pdf
DSEI Tocantins;TO;94/2025;5;Resultado Preliminar da Análise Curricular e Abertura do prazo de recurso;17/11/2025 *Os recursos devem ser enviados das 9h às 18h (Horário de Brasília/DF);1;https://agenciasus.org.br/shared-files/19290/?ANEXOS_DSEI-TOCANTINS.pdf
DSEI Tocantins;TO;94/2025;6;Análise dos recursos;18/11 a 19/11;1;https://agenciasus.org.br/shared-files/19290/?ANEXOS_DSEI-TOCANTINS.pdf
DSEI Tocantins;TO;94/2025;7;Resultado Final da Avaliação Curricular e convocação para a Entrevista;21/11/2025;1;https://agenciasus.org.br/shared-files/19290/?ANEXOS_DSEI-TOCANTINS.pdf
DSEI Tocantins;TO;94/2025;8;Entrevistas;24/11, 25/11 e 26/11;1;https://agenciasus.org.br/shared-files/19290/?ANEXOS_DSEI-TOCANTINS.pdf
DSEI Tocantins;TO;94/2025;9;Resultado Preliminar da Entrevista e abertura do prazo para recursos;27/11/2025 *Os recursos devem ser enviados das 9h às 18h (Horário de Brasília/DF);1;https://agenciasus.org.br/shared-files/19290/?ANEXOS_DSEI-TOCANTINS.pdf
DSEI Tocantins;TO;94/2025;10;Análise e resposta aos recursos;28/11/2025;1;https://agenciasus.org.br/shared-files/19290/?ANEXOS_DSEI-TOCANTINS.pdf
DSEI Tocantins;TO;94/2025;11;Resultado final da Entrevista;01/12/2025;1;https://agenciasus.org.br/shared-files/19290/?ANEXOS_DSEI-TOCANTINS.pdf
DSEI Tocantins;TO;94/2025;12;Resultado final do Processo Seletivo;02/12/2025;1;https://agenciasus.org.br/shared-files/19290/?ANEXOS_DSEI-TOCANTINS.pdf
DSEI Tocantins;TO;94/2025;13;Data prevista para convocação para realização do Exame Médico Ocupacional;03 e 04/12;1;https://agenciasus.org.br/shared-files/19290/?ANEXOS_DSEI-TOCANTINS.pdf
DSEI Tocantins;TO;94/2025;14;Data prevista para admissão;08/12/2025;1;https://agenciasus.org.br/shared-files/19290/?ANEXOS_DSEI-TOCANTINS.pdf
DSEI Vale do Javari;AM;09/2025;1;Período de inscrição;20/02/2025 às 18 horas à 28/02/2025 até às 17 horas.;7;https://agenciasus.org.br/wp-content/uploads/2025/02/Edital_n_09-2025-DSEI_Vale_do_Javari.pdf
DSEI Vale do Javari;AM;09/2025;2;Análise Curricular;10/03/2025 a 14/03/2025;7;https://agenciasus.org.br/wp-content/uploads/2025/02/Edital_n_09-2025-DSEI_Vale_do_Javari.pdf
DSEI Vale do Javari;AM;09/2025;3;Divulgação do resultado provisório da análise curricular;17/03/2025;7;https://agenciasus.org.br/wp-content/uploads/2025/02/Edital_n_09-2025-DSEI_Vale_do_Javari.pdf
DSEI Vale do Javari;AM;09/2025;4;Solicitação de recurso do resultado provisório (análise curricular);18/03/2025 a 19/03/2025 das 08h às 22h;7;https://agenciasus.org.br/wp-content/uploads/2025/02/Edital_n_09-2025-DSEI_Vale_do_Javari.pdf
DSEI Vale do Javari;AM;09/2025;5;Divulgação do resultado final do processo seletivo;20/03/2025;7;https://agenciasus.org.br/wp-content/uploads/2025/02/Edital_n_09-2025-DSEI_Vale_do_Javari.pdf
DSEI Vale do Javari;AM;09/2025;6;Convocação para realização do Exame Médico Ocupacional;24/03/2025 a 28/03/2025;7;https://agenciasus.org.br/wp-content/uploads/2025/02/Edital_n_09-2025-DSEI_Vale_do_Javari.pdf
DSEI Vale do Javari;AM;09/2025;7;Previsão para Admissão de Pessoal;31/03/2025;7;https://agenciasus.org.br/wp-content/uploads/2025/02/Edital_n_09-2025-DSEI_Vale_do_Javari.pdf
DSEI Vilhena;RO;14/2026;1;Publicação do Edital;02/03/2026;1;https://agenciasus.org.br/shared-files/24929/?ANEXOS-DSEI-VILHENA.pdf
DSEI Vilhena;RO;14/2026;2;Impugnação do Edital;03/03/2026, 04/03/2026 e 05/03/2026;1;https://agenciasus.org.br/shared-files/24929/?ANEXOS-DSEI-VILHENA.pdf
DSEI Vilhena;RO;14/2026;3;Período de inscrição e Envio dos Documentos Comprobatórios de Requisitos;06/03/2026 a 16/03/2026;1;https://agenciasus.org.br/shared-files/24929/?ANEXOS-DSEI-VILHENA.pdf
DSEI Vilhena;RO;14/2026;4;Análise Curricular;17/03/2026 a 27/03/2026;1;https://agenciasus.org.br/shared-files/24929/?ANEXOS-DSEI-VILHENA.pdf
DSEI Vilhena;RO;14/2026;5;Resultado Preliminar da Análise Curricular;31/03/2026;1;https://agenciasus.org.br/shared-files/24929/?ANEXOS-DSEI-VILHENA.pdf
DSEI Vilhena;RO;14/2026;6;Abertura do prazo de recurso;01/04/2026 e 02/04/2026;1;https://agenciasus.org.br/shared-files/24929/?ANEXOS-DSEI-VILHENA.pdf
DSEI Vilhena;RO;14/2026;7;Análise e resposta aos recursos;06/04/2026 a 08/04/2026;1;https://agenciasus.org.br/shared-files/24929/?ANEXOS-DSEI-VILHENA.pdf
DSEI Vilhena;RO;14/2026;8;Resultado Final da Avaliação Curricular;09/04/2026;1;https://agenciasus.org.br/shared-files/24929/?ANEXOS-DSEI-VILHENA.pdf
DSEI Vilhena;RO;14/2026;9;convocação para a Entrevista;10/04/2026 a 14/04/2026;1;https://agenciasus.org.br/shared-files/24929/?ANEXOS-DSEI-VILHENA.pdf
DSEI Vilhena;RO;14/2026;10;Entrevistas;22/04/2026 a 30/04/2026;1;https://agenciasus.org.br/shared-files/24929/?ANEXOS-DSEI-VILHENA.pdf
DSEI Vilhena;RO;14/2026;11;Resultado Preliminar da Entrevista;05/05/2026;1;https://agenciasus.org.br/shared-files/24929/?ANEXOS-DSEI-VILHENA.pdf
DSEI Vilhena;RO;14/2026;12;Abertura do prazo para recursos;06/05/2026 e 07/05/2026;1;https://agenciasus.org.br/shared-files/24929/?ANEXOS-DSEI-VILHENA.pdf
DSEI Vilhena;RO;14/2026;13;Análise e resposta aos recursos;08/05/2026 a 11/05/2026;1;https://agenciasus.org.br/shared-files/24929/?ANEXOS-DSEI-VILHENA.pdf
DSEI Vilhena;RO;14/2026;14;Resultado final da Entrevista;12/05/2026;1;https://agenciasus.org.br/shared-files/24929/?ANEXOS-DSEI-VILHENA.pdf
DSEI Vilhena;RO;14/2026;15;Resultado final do Processo Seletivo;13/05/2026;1;https://agenciasus.org.br/shared-files/24929/?ANEXOS-DSEI-VILHENA.pdf
DSEI Xavante;MT;15/2025;1;Publicação do Edital;09/06/2025;1;https://agenciasus.org.br/wp-content/uploads/2025/06/ANEXOS-DSEI-XAVANTE-EDITAL-15_2025-1.pdf
DSEI Xavante;MT;15/2025;2;Período de inscrição e Envio dos Documentos Comprobatórios de Requisitos;12/06/2025 a 23/06/2025;1;https://agenciasus.org.br/wp-content/uploads/2025/06/ANEXOS-DSEI-XAVANTE-EDITAL-15_2025-1.pdf
DSEI Xavante;MT;15/2025;3;Análise Curricular;24/06/2025 a 08/07/2025;1;https://agenciasus.org.br/wp-content/uploads/2025/06/ANEXOS-DSEI-XAVANTE-EDITAL-15_2025-1.pdf
DSEI Xavante;MT;15/2025;4;Resultado Preliminar da Análise Curricular;10/07/2025;1;https://agenciasus.org.br/wp-content/uploads/2025/06/ANEXOS-DSEI-XAVANTE-EDITAL-15_2025-1.pdf
DSEI Xavante;MT;15/2025;5;Recurso contra o Resultado Preliminar da Análise Curricular;11/07/2025 a 14/07/2025;1;https://agenciasus.org.br/wp-content/uploads/2025/06/ANEXOS-DSEI-XAVANTE-EDITAL-15_2025-1.pdf
DSEI Xavante;MT;15/2025;6;Resultado Final da Avaliação Curricular e convocação para a Entrevista;18/07/2025;1;https://agenciasus.org.br/wp-content/uploads/2025/06/ANEXOS-DSEI-XAVANTE-EDITAL-15_2025-1.pdf
DSEI Xavante;MT;15/2025;7;Entrevista;22/07/2025 a 08/08/2025;1;https://agenciasus.org.br/wp-content/uploads/2025/06/ANEXOS-DSEI-XAVANTE-EDITAL-15_2025-1.pdf
DSEI Xavante;MT;15/2025;8;Resultado Preliminar da Entrevista;12/08/2025;1;https://agenciasus.org.br/wp-content/uploads/2025/06/ANEXOS-DSEI-XAVANTE-EDITAL-15_2025-1.pdf
DSEI Xavante;MT;15/2025;9;Recurso contra o Resultado Preliminar da Entrevista;13/08/2025 a 14/08/2025;1;https://agenciasus.org.br/wp-content/uploads/2025/06/ANEXOS-DSEI-XAVANTE-EDITAL-15_2025-1.pdf
DSEI Xavante;MT;15/2025;10;Resultado final da Entrevista e Resultado Preliminar da Heteroidentificação e da Validação do Laudo de PCD;25/08/2025;1;https://agenciasus.org.br/wp-content/uploads/2025/06/ANEXOS-DSEI-XAVANTE-EDITAL-15_2025-1.pdf
DSEI Xavante;MT;15/2025;11;Recurso contra o Resultado Preliminar da Heteroidentificação e da Validação do Laudo de PCD;26/08/2025 a 27/08/2025;1;https://agenciasus.org.br/wp-content/uploads/2025/06/ANEXOS-DSEI-XAVANTE-EDITAL-15_2025-1.pdf
DSEI Xavante;MT;15/2025;12;Resultado Final da Heteroidentificação, da Validação do Laudo de PCD e Resultado Final do Processo Seletivo Simplificado;08/09/2025;1;https://agenciasus.org.br/wp-content/uploads/2025/06/ANEXOS-DSEI-XAVANTE-EDITAL-15_2025-1.pdf
DSEI Xavante;MT;15/2025;13;Convocação para realização do Exame Médico Ocupacional;09/09/2025 a 12/09/2025;1;https://agenciasus.org.br/wp-content/uploads/2025/06/ANEXOS-DSEI-XAVANTE-EDITAL-15_2025-1.pdf
DSEI Xavante;MT;15/2025;14;Previsão para Admissão de Pessoal;15/09/2025;1;https://agenciasus.org.br/wp-content/uploads/2025/06/ANEXOS-DSEI-XAVANTE-EDITAL-15_2025-1.pdf
DSEI Xavante;MT;68/2025;1;Publicação do Edital;03/10/2025;1;https://agenciasus.org.br/shared-files/18176/?Edital-no-68-Anexos-DSEI-Xavante.pdf
DSEI Xavante;MT;68/2025;2;Impugnação do Edital;04/10, 05/10 e 06/10;1;https://agenciasus.org.br/shared-files/18176/?Edital-no-68-Anexos-DSEI-Xavante.pdf
DSEI Xavante;MT;68/2025;3;Período de inscrição e Envio dos Documentos Comprobatórios de Requisitos;07/10/2025 a 15/10/2025;1;https://agenciasus.org.br/shared-files/18176/?Edital-no-68-Anexos-DSEI-Xavante.pdf
DSEI Xavante;MT;68/2025;4;Análise Curricular;16/10/2025 a 24/10/2025;1;https://agenciasus.org.br/shared-files/18176/?Edital-no-68-Anexos-DSEI-Xavante.pdf
DSEI Xavante;MT;68/2025;5;Resultado Preliminar da Análise Curricular e Abertura do prazo de recurso;27/10/2025 *Os recursos devem ser enviados das 9h às 18h (Horário de Brasília/DF);1;https://agenciasus.org.br/shared-files/18176/?Edital-no-68-Anexos-DSEI-Xavante.pdf
DSEI Xavante;MT;68/2025;6;Análise dos recursos;28/10 a 29/10;1;https://agenciasus.org.br/shared-files/18176/?Edital-no-68-Anexos-DSEI-Xavante.pdf
DSEI Xavante;MT;68/2025;7;Resultado Final da Avaliação Curricular e convocação para a Entrevista;30/10/2025;1;https://agenciasus.org.br/shared-files/18176/?Edital-no-68-Anexos-DSEI-Xavante.pdf
DSEI Xavante;MT;68/2025;8;Entrevistas;31/10, 03/11, 04/11, 05/11 e 06/11;1;https://agenciasus.org.br/shared-files/18176/?Edital-no-68-Anexos-DSEI-Xavante.pdf
DSEI Xavante;MT;68/2025;9;Resultado Preliminar da Entrevista e abertura do prazo para recursos;07/11/2025 *Os recursos devem ser enviados das 9h às 18h (Horário de Brasília/DF);1;https://agenciasus.org.br/shared-files/18176/?Edital-no-68-Anexos-DSEI-Xavante.pdf
DSEI Xavante;MT;68/2025;10;Análise e resposta aos recursos;10/11/2025;1;https://agenciasus.org.br/shared-files/18176/?Edital-no-68-Anexos-DSEI-Xavante.pdf
DSEI Xavante;MT;68/2025;11;Resultado final da Entrevista;11/11/2025;1;https://agenciasus.org.br/shared-files/18176/?Edital-no-68-Anexos-DSEI-Xavante.pdf
DSEI Xavante;MT;68/2025;12;Resultado final do Processo Seletivo;12/11/2025;1;https://agenciasus.org.br/shared-files/18176/?Edital-no-68-Anexos-DSEI-Xavante.pdf
DSEI Xavante;MT;68/2025;13;Data prevista para convocação para realização do Exame Médico Ocupacional;13/11/2025 e 14/11/2025;1;https://agenciasus.org.br/shared-files/18176/?Edital-no-68-Anexos-DSEI-Xavante.pdf
DSEI Xavante;MT;68/2025;14;Data prevista para admissão;17/11/2025;1;https://agenciasus.org.br/shared-files/18176/?Edital-no-68-Anexos-DSEI-Xavante.pdf
DSEI Xingu;MT;89/2025;1;Publicação do Edital;30/10/2025;1;https://agenciasus.org.br/shared-files/19545/?Anexos-do-Processo-Seletivo-Simplificado-no-89-2025-–-DSEI-Xingu.pdf
DSEI Xingu;MT;89/2025;2;Impugnação ao Edital;31/10/2025 a 02/11/2025;1;https://agenciasus.org.br/shared-files/19545/?Anexos-do-Processo-Seletivo-Simplificado-no-89-2025-–-DSEI-Xingu.pdf
DSEI Xingu;MT;89/2025;3;Período de inscrição e Envio dos Documentos Comprobatórios de Requisitos;03/11/2025 a 11/11/2025;1;https://agenciasus.org.br/shared-files/19545/?Anexos-do-Processo-Seletivo-Simplificado-no-89-2025-–-DSEI-Xingu.pdf
DSEI Xingu;MT;89/2025;4;Análise Curricular;12/11/2025 a 17/11/2025;1;https://agenciasus.org.br/shared-files/19545/?Anexos-do-Processo-Seletivo-Simplificado-no-89-2025-–-DSEI-Xingu.pdf
DSEI Xingu;MT;89/2025;5;Resultado Preliminar da Análise Curricular;18/11/2025;1;https://agenciasus.org.br/shared-files/19545/?Anexos-do-Processo-Seletivo-Simplificado-no-89-2025-–-DSEI-Xingu.pdf
DSEI Xingu;MT;89/2025;6;Recurso contra o Resultado Preliminar da Análise Curricular;19/11/2025 e 21/11/2025 *Os recursos devem ser enviados das 9h às 18h (Horário de Brasília/DF);1;https://agenciasus.org.br/shared-files/19545/?Anexos-do-Processo-Seletivo-Simplificado-no-89-2025-–-DSEI-Xingu.pdf
DSEI Xingu;MT;89/2025;7;Análise e resposta aos recursos;24/11/2025;1;https://agenciasus.org.br/shared-files/19545/?Anexos-do-Processo-Seletivo-Simplificado-no-89-2025-–-DSEI-Xingu.pdf
DSEI Xingu;MT;89/2025;8;Resultado Final da Avaliação Curricular e Convocação para a Entrevista;25/11/2025;1;https://agenciasus.org.br/shared-files/19545/?Anexos-do-Processo-Seletivo-Simplificado-no-89-2025-–-DSEI-Xingu.pdf
DSEI Xingu;MT;89/2025;9;Entrevistas;26/11/2025 a 28/11/2025;1;https://agenciasus.org.br/shared-files/19545/?Anexos-do-Processo-Seletivo-Simplificado-no-89-2025-–-DSEI-Xingu.pdf
DSEI Xingu;MT;89/2025;10;Resultado Preliminar da Entrevista;01/12/2025;1;https://agenciasus.org.br/shared-files/19545/?Anexos-do-Processo-Seletivo-Simplificado-no-89-2025-–-DSEI-Xingu.pdf
DSEI Xingu;MT;89/2025;11;Recurso contra o Resultado Preliminar da Entrevista;02/12/2025 e 03/12/2025 *Os recursos devem ser enviados das 9h às 18h (Horário de Brasília/DF);1;https://agenciasus.org.br/shared-files/19545/?Anexos-do-Processo-Seletivo-Simplificado-no-89-2025-–-DSEI-Xingu.pdf
DSEI Xingu;MT;89/2025;12;Análise e resposta aos recursos;04/12/2025;1;https://agenciasus.org.br/shared-files/19545/?Anexos-do-Processo-Seletivo-Simplificado-no-89-2025-–-DSEI-Xingu.pdf
DSEI Xingu;MT;89/2025;13;Resultado Final do Processo Seletivo;05/12/2025;1;https://agenciasus.org.br/shared-files/19545/?Anexos-do-Processo-Seletivo-Simplificado-no-89-2025-–-DSEI-Xingu.pdf
DSEI Xingu;MT;89/2025;14;Convocação para realização do Exame Médico Ocupacional;08/12/2025 e 09/12/2025;1;https://agenciasus.org.br/shared-files/19545/?Anexos-do-Processo-Seletivo-Simplificado-no-89-2025-–-DSEI-Xingu.pdf
DSEI Xingu;MT;89/2025;15;Data prevista para admissão;10/12/2025;1;https://agenciasus.org.br/shared-files/19545/?Anexos-do-Processo-Seletivo-Simplificado-no-89-2025-–-DSEI-Xingu.pdf
