Unidade;UF;Edital;Cargo;Vagas;Ampla_Concorrencia;PcD;Pretos_Pardos;Indigenas;Quilombolas;PPIQ;Total;Lotacao;Outros;Formato;Pagina_PDF;Fonte_PDF
DSEI Yanomami;RR;11/2025;Analista Técnico de Saúde Indígena;;6;1;3;;;;10;;;bordered;2;https://agenciasus.org.br/wp-content/uploads/2025/06/ANEXOS-DSEI-YANOMAMI-EDITAL-11_2025.pdf
DSEI Yanomami;RR;11/2025;Analista Especializado de Saúde Indígena;;6;1;3;;;;10;;;bordered;2;https://agenciasus.org.br/wp-content/uploads/2025/06/ANEXOS-DSEI-YANOMAMI-EDITAL-11_2025.pdf
DSEI Yanomami;RR;11/2025;Antropólogo;;4;-;2;;;;6;;;bordered;2;https://agenciasus.org.br/wp-content/uploads/2025/06/ANEXOS-DSEI-YANOMAMI-EDITAL-11_2025.pdf
DSEI Yanomami;RR;11/2025;Apoiador Técnico em Saúde;;2;-;1;;;;3;;;bordered;2;https://agenciasus.org.br/wp-content/uploads/2025/06/ANEXOS-DSEI-YANOMAMI-EDITAL-11_2025.pdf
DSEI Yanomami;RR;11/2025;Assistente Social;;3;-;1;;;;4;;;bordered;2;https://agenciasus.org.br/wp-content/uploads/2025/06/ANEXOS-DSEI-YANOMAMI-EDITAL-11_2025.pdf
DSEI Yanomami;RR;11/2025;Biólogo;;2;-;-;;;;2;;;bordered;2;https://agenciasus.org.br/wp-content/uploads/2025/06/ANEXOS-DSEI-YANOMAMI-EDITAL-11_2025.pdf
DSEI Yanomami;RR;11/2025;Cirurgião Dentista (40h);;9;1;4;;;;14;;;bordered;2;https://agenciasus.org.br/wp-content/uploads/2025/06/ANEXOS-DSEI-YANOMAMI-EDITAL-11_2025.pdf
DSEI Yanomami;RR;11/2025;Enfermeiro;;59;5;27;;;;91;;;bordered;2;https://agenciasus.org.br/wp-content/uploads/2025/06/ANEXOS-DSEI-YANOMAMI-EDITAL-11_2025.pdf
DSEI Yanomami;RR;11/2025;Engenheiro Civil;;1;-;-;;;;1;;;bordered;2;https://agenciasus.org.br/wp-content/uploads/2025/06/ANEXOS-DSEI-YANOMAMI-EDITAL-11_2025.pdf
DSEI Yanomami;RR;11/2025;Engenheiro Sanitarista;;1;-;-;;;;1;;;bordered;2;https://agenciasus.org.br/wp-content/uploads/2025/06/ANEXOS-DSEI-YANOMAMI-EDITAL-11_2025.pdf
DSEI Yanomami;RR;11/2025;Farmacêutico;;8;1;4;;;;13;;;bordered;2;https://agenciasus.org.br/wp-content/uploads/2025/06/ANEXOS-DSEI-YANOMAMI-EDITAL-11_2025.pdf
DSEI Yanomami;RR;11/2025;Fisioterapeuta;;1;-;-;;;;1;;;bordered;2;https://agenciasus.org.br/wp-content/uploads/2025/06/ANEXOS-DSEI-YANOMAMI-EDITAL-11_2025.pdf
DSEI Yanomami;RR;11/2025;Geólogo;;CR;-;-;;;;CR;;;bordered;2;https://agenciasus.org.br/wp-content/uploads/2025/06/ANEXOS-DSEI-YANOMAMI-EDITAL-11_2025.pdf
DSEI Yanomami;RR;11/2025;Médico (20h);;1;-;1;;;;2;;;bordered;2;https://agenciasus.org.br/wp-content/uploads/2025/06/ANEXOS-DSEI-YANOMAMI-EDITAL-11_2025.pdf
DSEI Yanomami;RR;11/2025;Médico Veterinário;;1;-;1;;;;2;;;bordered;2;https://agenciasus.org.br/wp-content/uploads/2025/06/ANEXOS-DSEI-YANOMAMI-EDITAL-11_2025.pdf
DSEI Yanomami;RR;11/2025;Nutricionista;;3;-;2;;;;5;;;bordered;2;https://agenciasus.org.br/wp-content/uploads/2025/06/ANEXOS-DSEI-YANOMAMI-EDITAL-11_2025.pdf
DSEI Yanomami;RR;11/2025;Pedagogo;;3;-;1;;;;4;;;bordered;2;https://agenciasus.org.br/wp-content/uploads/2025/06/ANEXOS-DSEI-YANOMAMI-EDITAL-11_2025.pdf
DSEI Yanomami;RR;11/2025;Supervisor de Saúde Ambiental;;1;-;-;;;;1;;;bordered;2;https://agenciasus.org.br/wp-content/uploads/2025/06/ANEXOS-DSEI-YANOMAMI-EDITAL-11_2025.pdf
DSEI Yanomami;RR;11/2025;Terapeura Ocupacional;;1;-;1;;;;2;;;bordered;2;https://agenciasus.org.br/wp-content/uploads/2025/06/ANEXOS-DSEI-YANOMAMI-EDITAL-11_2025.pdf
DSEI Yanomami;RR;11/2025;Assistente Administrativo;;20;2;9;;;;31;;;bordered;2;https://agenciasus.org.br/wp-content/uploads/2025/06/ANEXOS-DSEI-YANOMAMI-EDITAL-11_2025.pdf
DSEI Yanomami;RR;11/2025;Auxiliar de Saúde Bucal (ASB);;CR;-;-;;;;CR;;;bordered;2;https://agenciasus.org.br/wp-content/uploads/2025/06/ANEXOS-DSEI-YANOMAMI-EDITAL-11_2025.pdf
DSEI Yanomami;RR;11/2025;Técnico de Edificações;;5;-;2;;;;7;;;bordered;2;https://agenciasus.org.br/wp-content/uploads/2025/06/ANEXOS-DSEI-YANOMAMI-EDITAL-11_2025.pdf
DSEI Yanomami;RR;71/2026;SANITARISTA 40H;;1;*;1;*;*;;2+CR;;;bordered;2;https://agenciasus.org.br/shared-files/32848/?Anexos-de-processo-simplificado-sanitarista-Yanomami-.pdf
DSEI Interior Sul;SC;28/2026;Antropólogo;;;0;;;;0;1;DSEI ISUL (SEDE);=1;bordered;2;https://agenciasus.org.br/shared-files/28885/?Edital-de-Processo-Seletivo-Simplificado-no-282026-Anexos.pdf
DSEI Interior Sul;SC;28/2026;Assistente Administrativo;;;0;;;;0;1;POLO BASE BARRA DO RIBEIRO;=1;bordered;2;https://agenciasus.org.br/shared-files/28885/?Edital-de-Processo-Seletivo-Simplificado-no-282026-Anexos.pdf
DSEI Interior Sul;SC;28/2026;Assistente Social;;;0;;;;0;1;POLO BASE ARAQUARI;=1;bordered;2;https://agenciasus.org.br/shared-files/28885/?Edital-de-Processo-Seletivo-Simplificado-no-282026-Anexos.pdf
DSEI Interior Sul;SC;28/2026;Auxiliar de Saúde Bucal;;;0;;;;0;1;POLO BASE ARAQUARI;=1;bordered;2;https://agenciasus.org.br/shared-files/28885/?Edital-de-Processo-Seletivo-Simplificado-no-282026-Anexos.pdf
DSEI Médio Rio Solimões e Afluentes;AM;04/2025;Analista Técnico de Saúde Indígena;5;;;;;;;;;;borderless;8;https://agenciasus.org.br/wp-content/uploads/2025/02/Edital_n_04-2025-DSEI_Medio_Rio_Solimoes.pdf
DSEI Médio Rio Solimões e Afluentes;AM;04/2025;Assistente Administrativo;8;;;;;;;;;;borderless;8;https://agenciasus.org.br/wp-content/uploads/2025/02/Edital_n_04-2025-DSEI_Medio_Rio_Solimoes.pdf
DSEI Médio Rio Solimões e Afluentes;AM;04/2025;Analista Especializado de Saúde Indígena;CR;;;;;;;;;;borderless;8;https://agenciasus.org.br/wp-content/uploads/2025/02/Edital_n_04-2025-DSEI_Medio_Rio_Solimoes.pdf
DSEI Médio Rio Solimões e Afluentes;AM;04/2025;Auxiliar Administrativo;CR;;;;;;;;;;borderless;8;https://agenciasus.org.br/wp-content/uploads/2025/02/Edital_n_04-2025-DSEI_Medio_Rio_Solimoes.pdf
DSEI Médio Rio Solimões e Afluentes;AM;04/2025;Antropólogo;CR;;;;;;;;;;borderless;8;https://agenciasus.org.br/wp-content/uploads/2025/02/Edital_n_04-2025-DSEI_Medio_Rio_Solimoes.pdf
DSEI Médio Rio Solimões e Afluentes;AM;04/2025;Apoiador Técnico de Saneamento;CR;;;;;;;;;;borderless;8;https://agenciasus.org.br/wp-content/uploads/2025/02/Edital_n_04-2025-DSEI_Medio_Rio_Solimoes.pdf
DSEI Médio Rio Solimões e Afluentes;AM;04/2025;Apoiador Técnico em Saúde;CR;;;;;;;;;;borderless;8;https://agenciasus.org.br/wp-content/uploads/2025/02/Edital_n_04-2025-DSEI_Medio_Rio_Solimoes.pdf
DSEI Médio Rio Solimões e Afluentes;AM;04/2025;Arquiteto e Urbanista;CR;;;;;;;;;;borderless;8;https://agenciasus.org.br/wp-content/uploads/2025/02/Edital_n_04-2025-DSEI_Medio_Rio_Solimoes.pdf
DSEI Médio Rio Solimões e Afluentes;AM;04/2025;Assistente Social;CR;;;;;;;;;;borderless;8;https://agenciasus.org.br/wp-content/uploads/2025/02/Edital_n_04-2025-DSEI_Medio_Rio_Solimoes.pdf
DSEI Médio Rio Solimões e Afluentes;AM;04/2025;Biólogo;CR;;;;;;;;;;borderless;8;https://agenciasus.org.br/wp-content/uploads/2025/02/Edital_n_04-2025-DSEI_Medio_Rio_Solimoes.pdf
DSEI Médio Rio Solimões e Afluentes;AM;04/2025;Auxiliar de Saúde Bucal (ASB);1;;;;;;;;;;borderless;8;https://agenciasus.org.br/wp-content/uploads/2025/02/Edital_n_04-2025-DSEI_Medio_Rio_Solimoes.pdf
DSEI Médio Rio Solimões e Afluentes;AM;04/2025;Enfermeiro;10;;;;;;;;;;borderless;8;https://agenciasus.org.br/wp-content/uploads/2025/02/Edital_n_04-2025-DSEI_Medio_Rio_Solimoes.pdf
DSEI Médio Rio Solimões e Afluentes;AM;04/2025;Técnico de Edificações;CR;;;;;;;;;;borderless;8;https://agenciasus.org.br/wp-content/uploads/2025/02/Edital_n_04-2025-DSEI_Medio_Rio_Solimoes.pdf
DSEI Médio Rio Solimões e Afluentes;AM;04/2025;Engenheiro Civil;1;;;;;;;;;;borderless;8;https://agenciasus.org.br/wp-content/uploads/2025/02/Edital_n_04-2025-DSEI_Medio_Rio_Solimoes.pdf
DSEI Médio Rio Solimões e Afluentes;AM;04/2025;Técnico de Enfermagem;21;;;;;;;;;;borderless;8;https://agenciasus.org.br/wp-content/uploads/2025/02/Edital_n_04-2025-DSEI_Medio_Rio_Solimoes.pdf
DSEI Médio Rio Solimões e Afluentes;AM;04/2025;Engenheiro Eletricista;CR;;;;;;;;;;borderless;8;https://agenciasus.org.br/wp-content/uploads/2025/02/Edital_n_04-2025-DSEI_Medio_Rio_Solimoes.pdf
DSEI Médio Rio Solimões e Afluentes;AM;04/2025;Técnico de Laboratório;2;;;;;;;;;;borderless;8;https://agenciasus.org.br/wp-content/uploads/2025/02/Edital_n_04-2025-DSEI_Medio_Rio_Solimoes.pdf
DSEI Médio Rio Solimões e Afluentes;AM;04/2025;Engenheiro Sanitarista;CR;;;;;;;;;;borderless;8;https://agenciasus.org.br/wp-content/uploads/2025/02/Edital_n_04-2025-DSEI_Medio_Rio_Solimoes.pdf
DSEI Médio Rio Solimões e Afluentes;AM;04/2025;Técnico de Saúde Bucal (TSB);2;;;;;;;;;;borderless;8;https://agenciasus.org.br/wp-content/uploads/2025/02/Edital_n_04-2025-DSEI_Medio_Rio_Solimoes.pdf
DSEI Médio Rio Solimões e Afluentes;AM;04/2025;Farmacêutico;CR;;;;;;;;;;borderless;8;https://agenciasus.org.br/wp-content/uploads/2025/02/Edital_n_04-2025-DSEI_Medio_Rio_Solimoes.pdf
DSEI Médio Rio Solimões e Afluentes;AM;04/2025;Técnico Eletrotécnico;CR;;;;;;;;;;borderless;8;https://agenciasus.org.br/wp-content/uploads/2025/02/Edital_n_04-2025-DSEI_Medio_Rio_Solimoes.pdf
DSEI Médio Rio Solimões e Afluentes;AM;04/2025;Fisioterapeuta;CR;;;;;;;;;;borderless;8;https://agenciasus.org.br/wp-content/uploads/2025/02/Edital_n_04-2025-DSEI_Medio_Rio_Solimoes.pdf
DSEI Médio Rio Solimões e Afluentes;AM;04/2025;Geólogo;CR;;;;;;;;;;borderless;8;https://agenciasus.org.br/wp-content/uploads/2025/02/Edital_n_04-2025-DSEI_Medio_Rio_Solimoes.pdf
DSEI Médio Rio Solimões e Afluentes;AM;04/2025;Técnico em Nutrição Dietética;CR;;;;;;;;;;borderless;8;https://agenciasus.org.br/wp-content/uploads/2025/02/Edital_n_04-2025-DSEI_Medio_Rio_Solimoes.pdf
DSEI Médio Rio Solimões e Afluentes;AM;04/2025;Médico Veterinário;CR;;;;;;;;;;borderless;8;https://agenciasus.org.br/wp-content/uploads/2025/02/Edital_n_04-2025-DSEI_Medio_Rio_Solimoes.pdf
DSEI Médio Rio Solimões e Afluentes;AM;04/2025;Nutricionista;1;;;;;;;;;;borderless;8;https://agenciasus.org.br/wp-content/uploads/2025/02/Edital_n_04-2025-DSEI_Medio_Rio_Solimoes.pdf
DSEI Médio Rio Solimões e Afluentes;AM;04/2025;Pedagogo;CR;;;;;;;;;;borderless;8;https://agenciasus.org.br/wp-content/uploads/2025/02/Edital_n_04-2025-DSEI_Medio_Rio_Solimoes.pdf
DSEI Médio Rio Solimões e Afluentes;AM;04/2025;Psicólogo;1;;;;;;;;;;borderless;8;https://agenciasus.org.br/wp-content/uploads/2025/02/Edital_n_04-2025-DSEI_Medio_Rio_Solimoes.pdf
DSEI Médio Rio Solimões e Afluentes;AM;04/2025;Químico;CR;;;;;;;;;;borderless;8;https://agenciasus.org.br/wp-content/uploads/2025/02/Edital_n_04-2025-DSEI_Medio_Rio_Solimoes.pdf
DSEI Médio Rio Solimões e Afluentes;AM;04/2025;Supervisor de Saúde Ambiental;CR;;;;;;;;;;borderless;8;https://agenciasus.org.br/wp-content/uploads/2025/02/Edital_n_04-2025-DSEI_Medio_Rio_Solimoes.pdf
DSEI Médio Rio Solimões e Afluentes;AM;04/2025;Terapeuta Ocupacional;CR;;;;;;;;;;borderless;8;https://agenciasus.org.br/wp-content/uploads/2025/02/Edital_n_04-2025-DSEI_Medio_Rio_Solimoes.pdf
DSEI Guamá-Tocantins;PA;72/2026;AGENTE DE COMBATE A ENDEMIAS;;CR;CR;CR;CR;CR;;CR;PB PARAGOMINAS;;bordered;2;https://agenciasus.org.br/shared-files/32987/?Anexos-DSEI-GUATOC-.pdf
DSEI Guamá-Tocantins;PA;72/2026;ANALISTA TÉCNICO DE SAÚDE INDIGENA;;1;CR;1;CR;CR;;2 + CR;SEDE;;bordered;2;https://agenciasus.org.br/shared-files/32987/?Anexos-DSEI-GUATOC-.pdf
DSEI Guamá-Tocantins;PA;72/2026;APOIADOR TÉCNICO DE SANEAMENTO;;CR;CR;CR;CR;CR;;CR;SEDE;;bordered;2;https://agenciasus.org.br/shared-files/32987/?Anexos-DSEI-GUATOC-.pdf
DSEI Guamá-Tocantins;PA;72/2026;APOIADOR TÉCNICO EM SAÚDE;;CR;CR;CR;CR;CR;;CR;SEDE;;bordered;2;https://agenciasus.org.br/shared-files/32987/?Anexos-DSEI-GUATOC-.pdf
DSEI Guamá-Tocantins;PA;72/2026;ASSISTENTE ADMINISTRATIVO;;CR;CR;CR;CR;CR;;CR;SEDE;;bordered;2;https://agenciasus.org.br/shared-files/32987/?Anexos-DSEI-GUATOC-.pdf
DSEI Guamá-Tocantins;PA;72/2026;ASSISTENTE SOCIAL;;CR;CR;CR;CR;CR;;CR;CASAI MARABÁ;;bordered;2;https://agenciasus.org.br/shared-files/32987/?Anexos-DSEI-GUATOC-.pdf
DSEI Guamá-Tocantins;PA;72/2026;AUXILIAR ADMINISTRATIVO;;CR;CR;CR;CR;CR;;CR;SEDE;;bordered;2;https://agenciasus.org.br/shared-files/32987/?Anexos-DSEI-GUATOC-.pdf
DSEI Guamá-Tocantins;PA;72/2026;AUXILIAR DE SAÚDE BUCAL;;CR;CR;CR;CR;CR;;CR;SEDE;;bordered;2;https://agenciasus.org.br/shared-files/32987/?Anexos-DSEI-GUATOC-.pdf
DSEI Litoral Sul;PR;80/2025;Analista Técnico de Saúde Indígena;;CR;-;;;;-;CR;SEDE DSEI LSUL;;bordered;1;https://agenciasus.org.br/shared-files/20104/?Edital-No-80-–-Retificacao-ANEXO-II-Quadro-de-vagas.pdf
DSEI Litoral Sul;PR;80/2025;Apoiador Técnico de Saneamento;;01 + CR;-;;;;-;01 + CR;SEDE DSEI LSUL;;bordered;1;https://agenciasus.org.br/shared-files/20104/?Edital-No-80-–-Retificacao-ANEXO-II-Quadro-de-vagas.pdf
DSEI Litoral Sul;PR;80/2025;Apoiador Técnico em Saúde;;CR;-;;;;-;CR;SEDE DSEI LSUL;;bordered;1;https://agenciasus.org.br/shared-files/20104/?Edital-No-80-–-Retificacao-ANEXO-II-Quadro-de-vagas.pdf
DSEI Litoral Sul;PR;80/2025;Assistente Social;;01 + CR;-;;;;-;01 + CR;MONGAGUÁ;;bordered;1;https://agenciasus.org.br/shared-files/20104/?Edital-No-80-–-Retificacao-ANEXO-II-Quadro-de-vagas.pdf
DSEI Altamira;PA;78/2025;Analista Técnico de Saúde Indígena;;CR;-;;;;CR;CR;;;bordered;2;https://agenciasus.org.br/shared-files/19278/?ANEXOS_DSEI-ALTAMIRA.pdf
DSEI Altamira;PA;78/2025;Apoiador Técnico de Saneamento;;01 + CR;-;;;;-;01;;;bordered;2;https://agenciasus.org.br/shared-files/19278/?ANEXOS_DSEI-ALTAMIRA.pdf
DSEI Altamira;PA;78/2025;Apoiador Técnico em Saúde;;01 + CR;-;;;;-;01;;;bordered;2;https://agenciasus.org.br/shared-files/19278/?ANEXOS_DSEI-ALTAMIRA.pdf
DSEI Altamira;PA;78/2025;Assistente Social;;CR;-;;;;CR;CR;;;bordered;2;https://agenciasus.org.br/shared-files/19278/?ANEXOS_DSEI-ALTAMIRA.pdf
DSEI Altamira;PA;78/2025;Antropólogo;;CR;-;;;;CR;CR;;;bordered;2;https://agenciasus.org.br/shared-files/19278/?ANEXOS_DSEI-ALTAMIRA.pdf
DSEI Altamira;PA;78/2025;Cirurgião Dentista (40h);;01 + CR;-;;;;01;02;;;bordered;2;https://agenciasus.org.br/shared-files/19278/?ANEXOS_DSEI-ALTAMIRA.pdf
DSEI Altamira;PA;78/2025;Enfermeiro;;02 + CR;-;;;;-;02;;;bordered;2;https://agenciasus.org.br/shared-files/19278/?ANEXOS_DSEI-ALTAMIRA.pdf
DSEI Altamira;PA;78/2025;Engenheiro Civil;;CR;-;;;;CR;CR;;;bordered;2;https://agenciasus.org.br/shared-files/19278/?ANEXOS_DSEI-ALTAMIRA.pdf
DSEI Altamira;PA;78/2025;Farmacêutico;;CR;-;;;;CR;CR;;;bordered;2;https://agenciasus.org.br/shared-files/19278/?ANEXOS_DSEI-ALTAMIRA.pdf
DSEI Altamira;PA;78/2025;Nutricionista;;01 + CR;-;;;;-;01;;;bordered;2;https://agenciasus.org.br/shared-files/19278/?ANEXOS_DSEI-ALTAMIRA.pdf
DSEI Altamira;PA;78/2025;Psicólogo;;CR;-;;;;CR;CR;;;bordered;2;https://agenciasus.org.br/shared-files/19278/?ANEXOS_DSEI-ALTAMIRA.pdf
DSEI Altamira;PA;78/2025;Supervisor de Saúde Ambiental;;CR;-;;;;CR;CR;;;bordered;2;https://agenciasus.org.br/shared-files/19278/?ANEXOS_DSEI-ALTAMIRA.pdf
DSEI Altamira;PA;78/2025;Agente de Combate a Endemias;;02 + CR;-;;;;01;03;;;bordered;2;https://agenciasus.org.br/shared-files/19278/?ANEXOS_DSEI-ALTAMIRA.pdf
DSEI Altamira;PA;78/2025;Auxiliar Administrativo;;CR;-;;;;CR;CR;;;bordered;2;https://agenciasus.org.br/shared-files/19278/?ANEXOS_DSEI-ALTAMIRA.pdf
DSEI Altamira;PA;78/2025;Técnico de Edificações;;01 + CR;-;;;;1;02;;;bordered;2;https://agenciasus.org.br/shared-files/19278/?ANEXOS_DSEI-ALTAMIRA.pdf
DSEI Altamira;PA;78/2025;Técnico de Enfermagem;;15 + CR;02;;;;08;25;;;bordered;2;https://agenciasus.org.br/shared-files/19278/?ANEXOS_DSEI-ALTAMIRA.pdf
DSEI Altamira;PA;78/2025;Técnico em Saúde Bucal (TSB);;CR;-;;;;CR;CR;;;bordered;2;https://agenciasus.org.br/shared-files/19278/?ANEXOS_DSEI-ALTAMIRA.pdf
DSEI Altamira;PA;78/2025;Técnico de Laboratório;;CR;-;;;;CR;CR;;;bordered;2;https://agenciasus.org.br/shared-files/19278/?ANEXOS_DSEI-ALTAMIRA.pdf
DSEI Altamira;PA;78/2025;Técnico Eletrotécnico;;01 + CR;-;;;;-;01;;;bordered;2;https://agenciasus.org.br/shared-files/19278/?ANEXOS_DSEI-ALTAMIRA.pdf
DSEI Altamira;PA;78/2025;Técnico em Saneamento e Controle Ambiental;;CR;-;;;;CR;CR;;;bordered;2;https://agenciasus.org.br/shared-files/19278/?ANEXOS_DSEI-ALTAMIRA.pdf
DSEI Mato Grosso do Sul;MS;12/2025;ENFERMEIRO;01;;;;;;;;;;borderless;2;https://agenciasus.org.br/wp-content/uploads/2025/06/ANEXOS-DSEI-MATO-GROSSO-DO-SUL-EDITAL-12_2025.pdf
DSEI Mato Grosso do Sul;MS;12/2025;FARMACÊUTICO;01;;;;;;;;;;borderless;2;https://agenciasus.org.br/wp-content/uploads/2025/06/ANEXOS-DSEI-MATO-GROSSO-DO-SUL-EDITAL-12_2025.pdf
DSEI Mato Grosso do Sul;MS;12/2025;TÉCNICO EM EDIFICAÇÕES;01;;;;;;;;;;borderless;2;https://agenciasus.org.br/wp-content/uploads/2025/06/ANEXOS-DSEI-MATO-GROSSO-DO-SUL-EDITAL-12_2025.pdf
DSEI Minas Gerais e Espírito Santo;MG;13/2025;Analista Técnico de Saúde Indígena;;3;-;2;;;;5;;;bordered;2;https://agenciasus.org.br/wp-content/uploads/2025/06/ANEXOS-DSEI-MINAS-GERAIS-E-ESPIRITO-SANTO-EDITAL-13_2025.pdf
DSEI Minas Gerais e Espírito Santo;MG;13/2025;Analista Especializado de Saúde Indígena;;CR;-;-;;;;CR;;;bordered;2;https://agenciasus.org.br/wp-content/uploads/2025/06/ANEXOS-DSEI-MINAS-GERAIS-E-ESPIRITO-SANTO-EDITAL-13_2025.pdf
DSEI Minas Gerais e Espírito Santo;MG;13/2025;Antropólogo;;CR;-;-;;;;CR;;;bordered;2;https://agenciasus.org.br/wp-content/uploads/2025/06/ANEXOS-DSEI-MINAS-GERAIS-E-ESPIRITO-SANTO-EDITAL-13_2025.pdf
DSEI Minas Gerais e Espírito Santo;MG;13/2025;Apoiador Técnico de Saneamento;;CR;-;-;;;;CR;;;bordered;2;https://agenciasus.org.br/wp-content/uploads/2025/06/ANEXOS-DSEI-MINAS-GERAIS-E-ESPIRITO-SANTO-EDITAL-13_2025.pdf
DSEI Minas Gerais e Espírito Santo;MG;13/2025;Apoiador Técnico em Saúde;;CR;-;-;;;;CR;;;bordered;2;https://agenciasus.org.br/wp-content/uploads/2025/06/ANEXOS-DSEI-MINAS-GERAIS-E-ESPIRITO-SANTO-EDITAL-13_2025.pdf
DSEI Minas Gerais e Espírito Santo;MG;13/2025;Arquiteto e Urbanista;;CR;-;-;;;;CR;;;bordered;2;https://agenciasus.org.br/wp-content/uploads/2025/06/ANEXOS-DSEI-MINAS-GERAIS-E-ESPIRITO-SANTO-EDITAL-13_2025.pdf
DSEI Minas Gerais e Espírito Santo;MG;13/2025;Assistente Social;;1;-;-;;;;1;;;bordered;2;https://agenciasus.org.br/wp-content/uploads/2025/06/ANEXOS-DSEI-MINAS-GERAIS-E-ESPIRITO-SANTO-EDITAL-13_2025.pdf
DSEI Minas Gerais e Espírito Santo;MG;13/2025;Biólogo;;CR;-;-;;;;CR;;;bordered;2;https://agenciasus.org.br/wp-content/uploads/2025/06/ANEXOS-DSEI-MINAS-GERAIS-E-ESPIRITO-SANTO-EDITAL-13_2025.pdf
DSEI Minas Gerais e Espírito Santo;MG;13/2025;Cirurgião Dentista (40h);;CR;-;-;;;;CR;;;bordered;2;https://agenciasus.org.br/wp-content/uploads/2025/06/ANEXOS-DSEI-MINAS-GERAIS-E-ESPIRITO-SANTO-EDITAL-13_2025.pdf
DSEI Minas Gerais e Espírito Santo;MG;13/2025;Enfermeiro;;1;-;-;;;;1;;;bordered;2;https://agenciasus.org.br/wp-content/uploads/2025/06/ANEXOS-DSEI-MINAS-GERAIS-E-ESPIRITO-SANTO-EDITAL-13_2025.pdf
DSEI Minas Gerais e Espírito Santo;MG;13/2025;Engenheiro Civil;;CR;-;-;;;;CR;;;bordered;2;https://agenciasus.org.br/wp-content/uploads/2025/06/ANEXOS-DSEI-MINAS-GERAIS-E-ESPIRITO-SANTO-EDITAL-13_2025.pdf
DSEI Minas Gerais e Espírito Santo;MG;13/2025;Engenheiro Eletricista;;CR;-;-;;;;CR;;;bordered;2;https://agenciasus.org.br/wp-content/uploads/2025/06/ANEXOS-DSEI-MINAS-GERAIS-E-ESPIRITO-SANTO-EDITAL-13_2025.pdf
DSEI Minas Gerais e Espírito Santo;MG;13/2025;Engenheiro Sanitarista;;CR;-;-;;;;CR;;;bordered;2;https://agenciasus.org.br/wp-content/uploads/2025/06/ANEXOS-DSEI-MINAS-GERAIS-E-ESPIRITO-SANTO-EDITAL-13_2025.pdf
DSEI Minas Gerais e Espírito Santo;MG;13/2025;Farmacêutico;;CR;-;-;;;;CR;;;bordered;2;https://agenciasus.org.br/wp-content/uploads/2025/06/ANEXOS-DSEI-MINAS-GERAIS-E-ESPIRITO-SANTO-EDITAL-13_2025.pdf
DSEI Minas Gerais e Espírito Santo;MG;13/2025;Fisioterapeuta;;CR;-;-;;;;CR;;;bordered;2;https://agenciasus.org.br/wp-content/uploads/2025/06/ANEXOS-DSEI-MINAS-GERAIS-E-ESPIRITO-SANTO-EDITAL-13_2025.pdf
DSEI Minas Gerais e Espírito Santo;MG;13/2025;Geólogo;;CR;-;-;;;;CR;;;bordered;2;https://agenciasus.org.br/wp-content/uploads/2025/06/ANEXOS-DSEI-MINAS-GERAIS-E-ESPIRITO-SANTO-EDITAL-13_2025.pdf
DSEI Minas Gerais e Espírito Santo;MG;13/2025;Médico (20h);;CR;-;-;;;;CR;;;bordered;2;https://agenciasus.org.br/wp-content/uploads/2025/06/ANEXOS-DSEI-MINAS-GERAIS-E-ESPIRITO-SANTO-EDITAL-13_2025.pdf
DSEI Minas Gerais e Espírito Santo;MG;13/2025;Médico (40h);;3;-;1;;;;4;;;bordered;2;https://agenciasus.org.br/wp-content/uploads/2025/06/ANEXOS-DSEI-MINAS-GERAIS-E-ESPIRITO-SANTO-EDITAL-13_2025.pdf
DSEI Minas Gerais e Espírito Santo;MG;13/2025;Médico Veterinário;;CR;-;-;;;;CR;;;bordered;2;https://agenciasus.org.br/wp-content/uploads/2025/06/ANEXOS-DSEI-MINAS-GERAIS-E-ESPIRITO-SANTO-EDITAL-13_2025.pdf
DSEI Minas Gerais e Espírito Santo;MG;13/2025;Nutricionista;;CR;-;-;;;;CR;;;bordered;2;https://agenciasus.org.br/wp-content/uploads/2025/06/ANEXOS-DSEI-MINAS-GERAIS-E-ESPIRITO-SANTO-EDITAL-13_2025.pdf
DSEI Minas Gerais e Espírito Santo;MG;13/2025;Pedagogo;;CR;-;-;;;;CR;;;bordered;2;https://agenciasus.org.br/wp-content/uploads/2025/06/ANEXOS-DSEI-MINAS-GERAIS-E-ESPIRITO-SANTO-EDITAL-13_2025.pdf
DSEI Minas Gerais e Espírito Santo;MG;13/2025;Psicólogo;;1;-;1;;;;2;;;bordered;2;https://agenciasus.org.br/wp-content/uploads/2025/06/ANEXOS-DSEI-MINAS-GERAIS-E-ESPIRITO-SANTO-EDITAL-13_2025.pdf
DSEI Kaiapó de Mato Grosso;MT;14/2025;Analista Técnico de Saúde Indígena;;1;-;1;;;;2;;;bordered;2;https://agenciasus.org.br/wp-content/uploads/2025/06/ANEXOS-DSEI-KAIAPO-DO-MATO-GROSSO-EDITAL-14_2025.pdf
DSEI Kaiapó de Mato Grosso;MT;14/2025;Analista Especializado de Saúde Indígena;;CR;-;-;;;;CR;;;bordered;2;https://agenciasus.org.br/wp-content/uploads/2025/06/ANEXOS-DSEI-KAIAPO-DO-MATO-GROSSO-EDITAL-14_2025.pdf
DSEI Kaiapó de Mato Grosso;MT;14/2025;Antropólogo;;CR;-;-;;;;CR;;;bordered;2;https://agenciasus.org.br/wp-content/uploads/2025/06/ANEXOS-DSEI-KAIAPO-DO-MATO-GROSSO-EDITAL-14_2025.pdf
DSEI Kaiapó de Mato Grosso;MT;14/2025;Apoiador Técnico de Saneamento;;CR;-;-;;;;CR;;;bordered;2;https://agenciasus.org.br/wp-content/uploads/2025/06/ANEXOS-DSEI-KAIAPO-DO-MATO-GROSSO-EDITAL-14_2025.pdf
DSEI Kaiapó de Mato Grosso;MT;14/2025;Apoiador Técnico em Saúde;;CR;-;-;;;;CR;;;bordered;2;https://agenciasus.org.br/wp-content/uploads/2025/06/ANEXOS-DSEI-KAIAPO-DO-MATO-GROSSO-EDITAL-14_2025.pdf
DSEI Kaiapó de Mato Grosso;MT;14/2025;Arquiteto e Urbanista;;CR;-;-;;;;CR;;;bordered;2;https://agenciasus.org.br/wp-content/uploads/2025/06/ANEXOS-DSEI-KAIAPO-DO-MATO-GROSSO-EDITAL-14_2025.pdf
DSEI Kaiapó de Mato Grosso;MT;14/2025;Assistente Social;;CR;-;-;;;;CR;;;bordered;2;https://agenciasus.org.br/wp-content/uploads/2025/06/ANEXOS-DSEI-KAIAPO-DO-MATO-GROSSO-EDITAL-14_2025.pdf
DSEI Kaiapó de Mato Grosso;MT;14/2025;Biólogo;;CR;-;-;;;;CR;;;bordered;2;https://agenciasus.org.br/wp-content/uploads/2025/06/ANEXOS-DSEI-KAIAPO-DO-MATO-GROSSO-EDITAL-14_2025.pdf
DSEI Kaiapó de Mato Grosso;MT;14/2025;Cirurgião Dentista (40h);;1;-;-;;;;1;;;bordered;2;https://agenciasus.org.br/wp-content/uploads/2025/06/ANEXOS-DSEI-KAIAPO-DO-MATO-GROSSO-EDITAL-14_2025.pdf
DSEI Kaiapó de Mato Grosso;MT;14/2025;Enfermeiro;;4;-;2;;;;6;;;bordered;2;https://agenciasus.org.br/wp-content/uploads/2025/06/ANEXOS-DSEI-KAIAPO-DO-MATO-GROSSO-EDITAL-14_2025.pdf
DSEI Kaiapó de Mato Grosso;MT;14/2025;Engenheiro Civil;;CR;-;-;;;;CR;;;bordered;2;https://agenciasus.org.br/wp-content/uploads/2025/06/ANEXOS-DSEI-KAIAPO-DO-MATO-GROSSO-EDITAL-14_2025.pdf
DSEI Kaiapó de Mato Grosso;MT;14/2025;Engenheiro Eletricista;;CR;-;-;;;;CR;;;bordered;2;https://agenciasus.org.br/wp-content/uploads/2025/06/ANEXOS-DSEI-KAIAPO-DO-MATO-GROSSO-EDITAL-14_2025.pdf
DSEI Kaiapó de Mato Grosso;MT;14/2025;Engenheiro Sanitarista;;1;-;-;;;;1;;;bordered;2;https://agenciasus.org.br/wp-content/uploads/2025/06/ANEXOS-DSEI-KAIAPO-DO-MATO-GROSSO-EDITAL-14_2025.pdf
DSEI Kaiapó de Mato Grosso;MT;14/2025;Farmacêutico;;CR;-;-;;;;CR;;;bordered;2;https://agenciasus.org.br/wp-content/uploads/2025/06/ANEXOS-DSEI-KAIAPO-DO-MATO-GROSSO-EDITAL-14_2025.pdf
DSEI Kaiapó de Mato Grosso;MT;14/2025;Fisioterapeuta;;CR;-;-;;;;CR;;;bordered;2;https://agenciasus.org.br/wp-content/uploads/2025/06/ANEXOS-DSEI-KAIAPO-DO-MATO-GROSSO-EDITAL-14_2025.pdf
DSEI Kaiapó de Mato Grosso;MT;14/2025;Geólogo;;CR;-;-;;;;CR;;;bordered;2;https://agenciasus.org.br/wp-content/uploads/2025/06/ANEXOS-DSEI-KAIAPO-DO-MATO-GROSSO-EDITAL-14_2025.pdf
DSEI Kaiapó de Mato Grosso;MT;14/2025;Médico (20h);;CR;-;-;;;;CR;;;bordered;2;https://agenciasus.org.br/wp-content/uploads/2025/06/ANEXOS-DSEI-KAIAPO-DO-MATO-GROSSO-EDITAL-14_2025.pdf
DSEI Kaiapó de Mato Grosso;MT;14/2025;Médico (40h);;CR;-;-;;;;CR;;;bordered;2;https://agenciasus.org.br/wp-content/uploads/2025/06/ANEXOS-DSEI-KAIAPO-DO-MATO-GROSSO-EDITAL-14_2025.pdf
DSEI Kaiapó de Mato Grosso;MT;14/2025;Médico Veterinário;;CR;-;-;;;;CR;;;bordered;2;https://agenciasus.org.br/wp-content/uploads/2025/06/ANEXOS-DSEI-KAIAPO-DO-MATO-GROSSO-EDITAL-14_2025.pdf
DSEI Kaiapó de Mato Grosso;MT;14/2025;Nutricionista;;1;-;-;;;;1;;;bordered;2;https://agenciasus.org.br/wp-content/uploads/2025/06/ANEXOS-DSEI-KAIAPO-DO-MATO-GROSSO-EDITAL-14_2025.pdf
DSEI Kaiapó de Mato Grosso;MT;14/2025;Pedagogo;;CR;-;-;;;;CR;;;bordered;2;https://agenciasus.org.br/wp-content/uploads/2025/06/ANEXOS-DSEI-KAIAPO-DO-MATO-GROSSO-EDITAL-14_2025.pdf
DSEI Kaiapó de Mato Grosso;MT;14/2025;Psicólogo;;CR;-;-;;;;CR;;;bordered;2;https://agenciasus.org.br/wp-content/uploads/2025/06/ANEXOS-DSEI-KAIAPO-DO-MATO-GROSSO-EDITAL-14_2025.pdf
CASAI São Paulo;SP;53/2025;Analista Técnico de Saúde Indígena;;01+CR;-;-;;;;01;;;bordered;1;https://agenciasus.org.br/shared-files/18196/?Edital-no-532025-3-Anexo-II-Quadro-de-Vagas-CASAI-NACIONAL-SAO-PAULO.pdf
CASAI São Paulo;SP;53/2025;Analista Especializado de Saúde Indígena;;CR;-;-;;;;-;;;bordered;1;https://agenciasus.org.br/shared-files/18196/?Edital-no-532025-3-Anexo-II-Quadro-de-Vagas-CASAI-NACIONAL-SAO-PAULO.pdf
CASAI São Paulo;SP;53/2025;Antropólogo;;CR;-;-;;;;-;;;bordered;1;https://agenciasus.org.br/shared-files/18196/?Edital-no-532025-3-Anexo-II-Quadro-de-Vagas-CASAI-NACIONAL-SAO-PAULO.pdf
CASAI São Paulo;SP;53/2025;Apoiador Técnico de Saneamento;;CR;-;-;;;;-;;;bordered;1;https://agenciasus.org.br/shared-files/18196/?Edital-no-532025-3-Anexo-II-Quadro-de-Vagas-CASAI-NACIONAL-SAO-PAULO.pdf
CASAI São Paulo;SP;53/2025;Apoiador Técnico em Saúde;;CR;-;-;;;;-;;;bordered;1;https://agenciasus.org.br/shared-files/18196/?Edital-no-532025-3-Anexo-II-Quadro-de-Vagas-CASAI-NACIONAL-SAO-PAULO.pdf
CASAI São Paulo;SP;53/2025;Arquiteto e Urbanista;;CR;-;-;;;;-;;;bordered;1;https://agenciasus.org.br/shared-files/18196/?Edital-no-532025-3-Anexo-II-Quadro-de-Vagas-CASAI-NACIONAL-SAO-PAULO.pdf
CASAI São Paulo;SP;53/2025;Assistente Social;;CR;-;-;;;;-;;;bordered;1;https://agenciasus.org.br/shared-files/18196/?Edital-no-532025-3-Anexo-II-Quadro-de-Vagas-CASAI-NACIONAL-SAO-PAULO.pdf
CASAI São Paulo;SP;53/2025;Biólogo;;CR;-;-;;;;-;;;bordered;1;https://agenciasus.org.br/shared-files/18196/?Edital-no-532025-3-Anexo-II-Quadro-de-Vagas-CASAI-NACIONAL-SAO-PAULO.pdf
CASAI São Paulo;SP;53/2025;Cirurgião Dentista (40h);;CR;-;-;;;;-;;;bordered;1;https://agenciasus.org.br/shared-files/18196/?Edital-no-532025-3-Anexo-II-Quadro-de-Vagas-CASAI-NACIONAL-SAO-PAULO.pdf
CASAI São Paulo;SP;53/2025;Enfermeiro;;01 + CR;-;-;;;;01;;;bordered;1;https://agenciasus.org.br/shared-files/18196/?Edital-no-532025-3-Anexo-II-Quadro-de-Vagas-CASAI-NACIONAL-SAO-PAULO.pdf
CASAI São Paulo;SP;53/2025;Engenheiro Civil;;CR;-;-;;;;-;;;bordered;1;https://agenciasus.org.br/shared-files/18196/?Edital-no-532025-3-Anexo-II-Quadro-de-Vagas-CASAI-NACIONAL-SAO-PAULO.pdf
CASAI São Paulo;SP;53/2025;Engenheiro Eletricista;;CR;-;-;;;;-;;;bordered;1;https://agenciasus.org.br/shared-files/18196/?Edital-no-532025-3-Anexo-II-Quadro-de-Vagas-CASAI-NACIONAL-SAO-PAULO.pdf
CASAI São Paulo;SP;53/2025;Engenheiro Sanitarista;;CR;-;-;;;;-;;;bordered;1;https://agenciasus.org.br/shared-files/18196/?Edital-no-532025-3-Anexo-II-Quadro-de-Vagas-CASAI-NACIONAL-SAO-PAULO.pdf
CASAI São Paulo;SP;53/2025;Farmacêutico;;CR;-;-;;;;-;;;bordered;1;https://agenciasus.org.br/shared-files/18196/?Edital-no-532025-3-Anexo-II-Quadro-de-Vagas-CASAI-NACIONAL-SAO-PAULO.pdf
CASAI São Paulo;SP;53/2025;Fisioterapeuta;;01 + CR;-;-;;;;01;;;bordered;1;https://agenciasus.org.br/shared-files/18196/?Edital-no-532025-3-Anexo-II-Quadro-de-Vagas-CASAI-NACIONAL-SAO-PAULO.pdf
CASAI São Paulo;SP;53/2025;Geólogo;;CR;-;-;;;;-;;;bordered;1;https://agenciasus.org.br/shared-files/18196/?Edital-no-532025-3-Anexo-II-Quadro-de-Vagas-CASAI-NACIONAL-SAO-PAULO.pdf
CASAI São Paulo;SP;53/2025;Médico (20h);;CR;-;-;;;;-;;;bordered;1;https://agenciasus.org.br/shared-files/18196/?Edital-no-532025-3-Anexo-II-Quadro-de-Vagas-CASAI-NACIONAL-SAO-PAULO.pdf
CASAI São Paulo;SP;53/2025;Médico (40h);;CR;-;-;;;;-;;;bordered;1;https://agenciasus.org.br/shared-files/18196/?Edital-no-532025-3-Anexo-II-Quadro-de-Vagas-CASAI-NACIONAL-SAO-PAULO.pdf
CASAI São Paulo;SP;53/2025;Médico Veterinário;;CR;-;-;;;;-;;;bordered;1;https://agenciasus.org.br/shared-files/18196/?Edital-no-532025-3-Anexo-II-Quadro-de-Vagas-CASAI-NACIONAL-SAO-PAULO.pdf
CASAI São Paulo;SP;53/2025;Nutricionista;;CR;-;-;;;;-;;;bordered;1;https://agenciasus.org.br/shared-files/18196/?Edital-no-532025-3-Anexo-II-Quadro-de-Vagas-CASAI-NACIONAL-SAO-PAULO.pdf
DSEI Kaiapó de Mato Grosso;MT;66/2025;Analista Técnico de Saúde Indígena;;1;-;1;;;;2 + CR;;;bordered;2;https://agenciasus.org.br/shared-files/18172/?Edital-no-66-Anexos-DSEI-Kaiapo-do-Mato-Grosso.pdf
DSEI Kaiapó de Mato Grosso;MT;66/2025;Supervisor de Saúde Ambiental;;1;-;-;;;;1 + CR;;;bordered;2;https://agenciasus.org.br/shared-files/18172/?Edital-no-66-Anexos-DSEI-Kaiapo-do-Mato-Grosso.pdf
DSEI Kaiapó de Mato Grosso;MT;66/2025;Auxiliar de Saúde Bucal (ASB);;CR;-;-;;;;CR;;;bordered;2;https://agenciasus.org.br/shared-files/18172/?Edital-no-66-Anexos-DSEI-Kaiapo-do-Mato-Grosso.pdf
DSEI Kaiapó de Mato Grosso;MT;66/2025;Técnico de Enfermagem;;9;1;4;;;;14 + CR;;;bordered;2;https://agenciasus.org.br/shared-files/18172/?Edital-no-66-Anexos-DSEI-Kaiapo-do-Mato-Grosso.pdf
CASAI São Paulo;SP;38/2026;ANALISTA TÉCNICO DE SAÚDE INDIGENA 40H;;CR;CR;CR;CR;CR;;CR;;;bordered;2;https://agenciasus.org.br/shared-files/32766/?Anexos-do-Processo-Seletivo-Simplificado-no-382026-–-CASAI-SP.pdf
CASAI São Paulo;SP;38/2026;APOIADOR TÉCNICO EM SAÚDE 40H;;CR;CR;CR;CR;CR;;CR;;;bordered;2;https://agenciasus.org.br/shared-files/32766/?Anexos-do-Processo-Seletivo-Simplificado-no-382026-–-CASAI-SP.pdf
CASAI São Paulo;SP;38/2026;ASSISTENTE ADMINISTRATIVO 40H;;CR;CR;CR;CR;CR;;CR;;;bordered;2;https://agenciasus.org.br/shared-files/32766/?Anexos-do-Processo-Seletivo-Simplificado-no-382026-–-CASAI-SP.pdf
CASAI São Paulo;SP;38/2026;ASSISTENTE SOCIAL 30H;;CR;CR;CR;CR;CR;;CR;;;bordered;2;https://agenciasus.org.br/shared-files/32766/?Anexos-do-Processo-Seletivo-Simplificado-no-382026-–-CASAI-SP.pdf
CASAI São Paulo;SP;38/2026;AUXILIAR ADMINISTRATIVO 40H;;1;CR;CR;CR;CR;;1+CR;;;bordered;2;https://agenciasus.org.br/shared-files/32766/?Anexos-do-Processo-Seletivo-Simplificado-no-382026-–-CASAI-SP.pdf
CASAI São Paulo;SP;38/2026;ENFERMEIRO 40H;;CR;CR;CR;CR;CR;;CR;;;bordered;2;https://agenciasus.org.br/shared-files/32766/?Anexos-do-Processo-Seletivo-Simplificado-no-382026-–-CASAI-SP.pdf
CASAI São Paulo;SP;38/2026;FARMACEUTICO 40H;;CR;CR;CR;CR;CR;;CR;;;bordered;2;https://agenciasus.org.br/shared-files/32766/?Anexos-do-Processo-Seletivo-Simplificado-no-382026-–-CASAI-SP.pdf
CASAI São Paulo;SP;38/2026;FISIOTERAPEUTA 30H;;CR;CR;CR;CR;CR;;CR;;;bordered;2;https://agenciasus.org.br/shared-files/32766/?Anexos-do-Processo-Seletivo-Simplificado-no-382026-–-CASAI-SP.pdf
CASAI São Paulo;SP;38/2026;NUTRICIONISTA 40H;;CR;CR;CR;CR;CR;;CR;;;bordered;2;https://agenciasus.org.br/shared-files/32766/?Anexos-do-Processo-Seletivo-Simplificado-no-382026-–-CASAI-SP.pdf
CASAI São Paulo;SP;38/2026;PEDAGOGO 40H;;CR;CR;CR;CR;CR;;CR;;;bordered;2;https://agenciasus.org.br/shared-files/32766/?Anexos-do-Processo-Seletivo-Simplificado-no-382026-–-CASAI-SP.pdf
CASAI São Paulo;SP;38/2026;PSICOLOGO 40H;;CR;CR;CR;CR;CR;;CR;;;bordered;2;https://agenciasus.org.br/shared-files/32766/?Anexos-do-Processo-Seletivo-Simplificado-no-382026-–-CASAI-SP.pdf
CASAI São Paulo;SP;38/2026;TÉCNICO DE ENFERMAGEM 40H;;7;1;3;CR;CR;;11+CR;;;bordered;2;https://agenciasus.org.br/shared-files/32766/?Anexos-do-Processo-Seletivo-Simplificado-no-382026-–-CASAI-SP.pdf
DSEI Pernambuco;PE;23/2026;Apoiador Técnico de Saneamento;;-;-;;;;-;CR*;SESANI/DSEI/PE – Recife/PE;;bordered;2;https://agenciasus.org.br/shared-files/26800/?Anexo-III-EDITAL-No-232026-Anexos.pdf
DSEI Pernambuco;PE;23/2026;Enfermeiro;;1;-;;;;1;2;1 vaga para Abrangência do DSEI/PE e 1 vaga para o Polo Base Pankararu, Jatobá/PE;;bordered;2;https://agenciasus.org.br/shared-files/26800/?Anexo-III-EDITAL-No-232026-Anexos.pdf
DSEI Pernambuco;PE;23/2026;Médico (40h);;1;-;;;;-;1;Polo Base Atikum, Carnaubeira da Penha/PE;;bordered;2;https://agenciasus.org.br/shared-files/26800/?Anexo-III-EDITAL-No-232026-Anexos.pdf
DSEI Pernambuco;PE;23/2026;Nutricionista;;1;-;;;;-;1;NASI Truká – Polo Base Truká, Cabrobó/PE, com atuação nos polos de abrangência;;bordered;2;https://agenciasus.org.br/shared-files/26800/?Anexo-III-EDITAL-No-232026-Anexos.pdf
DSEI Pernambuco;PE;23/2026;Psicólogo;;1;-;;;;-;1;NASI Truká – Polo Base Truká, Cabrobó/PE, com atuação nos polos de abrangência;;bordered;2;https://agenciasus.org.br/shared-files/26800/?Anexo-III-EDITAL-No-232026-Anexos.pdf
DSEI Pernambuco;PE;23/2026;Sanitarista;;1;-;;;;-;1;DIASI/DSEI/PE – Recife/PE;;bordered;2;https://agenciasus.org.br/shared-files/26800/?Anexo-III-EDITAL-No-232026-Anexos.pdf
DSEI Pernambuco;PE;23/2026;Técnico de Edificações;;1;-;;;;1;2;Abrangência do DSEI/PE;;bordered;2;https://agenciasus.org.br/shared-files/26800/?Anexo-III-EDITAL-No-232026-Anexos.pdf
DSEI Pernambuco;PE;23/2026;Técnico de Enfermagem;;2;-;;;;1;3;1 vaga para Casa de Apoio à Saúde Indígena (CASAI), Recife/PE, 1 vaga para Polo Base Kapinawá, Buíque/PE e 1 vaga para Abrangência do DSEI/PE;;bordered;2;https://agenciasus.org.br/shared-files/26800/?Anexo-III-EDITAL-No-232026-Anexos.pdf
DSEI Minas Gerais e Espírito Santo;MG;64/2025;Assistente Social;;1 + CR;-;;;;;;Aracruz/ES;PPP=-;bordered;2;https://agenciasus.org.br/shared-files/18165/?Edital-no-64-Anexos-DSEI-Minas-Gerais-e-Espirito-Santos.pdf
DSEI Minas Gerais e Espírito Santo;MG;64/2025;Auxiliar de Saúde Bucal;;1 + CR;-;;;;;;Caldas/MG;PPP=-;bordered;2;https://agenciasus.org.br/shared-files/18165/?Edital-no-64-Anexos-DSEI-Minas-Gerais-e-Espirito-Santos.pdf
DSEI Minas Gerais e Espírito Santo;MG;64/2025;Auxiliar Administrativo;;1 + CR;-;;;;;;Governador Valadares/MG;PPP=1;bordered;2;https://agenciasus.org.br/shared-files/18165/?Edital-no-64-Anexos-DSEI-Minas-Gerais-e-Espirito-Santos.pdf
DSEI Minas Gerais e Espírito Santo;MG;64/2025;Médico (40h);;1 + CR;-;;;;;;São João das Missões/MG - Brejo Mata Fome;PPP=-;bordered;2;https://agenciasus.org.br/shared-files/18165/?Edital-no-64-Anexos-DSEI-Minas-Gerais-e-Espirito-Santos.pdf
DSEI Minas Gerais e Espírito Santo;MG;64/2025;Psicólogo;;1 + CR;-;;;;;;Teófilo Otoni/MG - Polo Base Tipo II;PPP=-;bordered;2;https://agenciasus.org.br/shared-files/18165/?Edital-no-64-Anexos-DSEI-Minas-Gerais-e-Espirito-Santos.pdf
DSEI Minas Gerais e Espírito Santo;MG;64/2025;Técnico de Enfermagem;;1 + CR;-;;;;;;Belo Horizonte;PPP=-;bordered;2;https://agenciasus.org.br/shared-files/18165/?Edital-no-64-Anexos-DSEI-Minas-Gerais-e-Espirito-Santos.pdf
DSEI Minas Gerais e Espírito Santo;MG;64/2025;Técnico em Saneamento e Controle Ambiental;;1 + CR;-;;;;;;São João das Missões/MG - Polo Base Tipo II;PPP=-;bordered;2;https://agenciasus.org.br/shared-files/18165/?Edital-no-64-Anexos-DSEI-Minas-Gerais-e-Espirito-Santos.pdf
DSEI Minas Gerais e Espírito Santo;MG;64/2025;Nutricionista;;1 + CR;-;;;;;;Teófilo Otoni/MG - Polo Base Tipo II;PPP=-;bordered;2;https://agenciasus.org.br/shared-files/18165/?Edital-no-64-Anexos-DSEI-Minas-Gerais-e-Espirito-Santos.pdf
DSEI Minas Gerais e Espírito Santo;MG;64/2025;Técnico EletrotécnicoC;;1 + CR;-;;;;;;Aracruz/ES;PPP=-;bordered;2;https://agenciasus.org.br/shared-files/18165/?Edital-no-64-Anexos-DSEI-Minas-Gerais-e-Espirito-Santos.pdf
DSEI Minas Gerais e Espírito Santo;MG;64/2025;QUANTIDADE;;20;01;;;;;;Total: 22;PPP=01;bordered;2;https://agenciasus.org.br/shared-files/18165/?Edital-no-64-Anexos-DSEI-Minas-Gerais-e-Espirito-Santos.pdf
DSEI Potiguara;PB;36/2026;AGENTE DE COMBATE A ENDEMIAS 40H;;1;CR;1;CR;CR;;2+CR;;;bordered;2;https://agenciasus.org.br/shared-files/32525/?Anexos-do-Processo-Seletivo-Simplificado-no-362026-–-DSEI-Potiguara.pdf
DSEI Potiguara;PB;36/2026;ASSISTENTE ADMINISTRATIVO 40H;;1;CR;1;CR;CR;;2+CR;;;bordered;2;https://agenciasus.org.br/shared-files/32525/?Anexos-do-Processo-Seletivo-Simplificado-no-362026-–-DSEI-Potiguara.pdf
DSEI Potiguara;PB;36/2026;FISIOTERAPEUTA 30H;;1;CR;CR;CR;CR;;1+CR;;;bordered;2;https://agenciasus.org.br/shared-files/32525/?Anexos-do-Processo-Seletivo-Simplificado-no-362026-–-DSEI-Potiguara.pdf
DSEI Potiguara;PB;36/2026;PSICÓLOGO 40H;;CR;CR;CR;CR;CR;;CR;;;bordered;2;https://agenciasus.org.br/shared-files/32525/?Anexos-do-Processo-Seletivo-Simplificado-no-362026-–-DSEI-Potiguara.pdf
DSEI Potiguara;PB;36/2026;SUPERVISOR DE SAÚDE AMBIENTAL 40H;;1;CR;CR;CR;CR;;1+CR;;;bordered;2;https://agenciasus.org.br/shared-files/32525/?Anexos-do-Processo-Seletivo-Simplificado-no-362026-–-DSEI-Potiguara.pdf
DSEI Potiguara;PB;36/2026;TÉCNICO EM SANEAMENTO E CONTROLE AMBIENTAL 40H;;2;CR;1;CR;CR;;3+CR;;;bordered;2;https://agenciasus.org.br/shared-files/32525/?Anexos-do-Processo-Seletivo-Simplificado-no-362026-–-DSEI-Potiguara.pdf
DSEI Rio Tapajós;PA;71/2025;Enfermeiro;;02 + CR;-;;;;01 + CR;03;;;bordered;2;https://agenciasus.org.br/shared-files/18588/?ANEXOS-DSEI-RIO-TAPAJOS.pdf
DSEI Rio Tapajós;PA;71/2025;Nutricionista;;CR;-;;;;-;CR;;;bordered;2;https://agenciasus.org.br/shared-files/18588/?ANEXOS-DSEI-RIO-TAPAJOS.pdf
DSEI Rio Tapajós;PA;71/2025;Psicólogo;;01 + CR;-;;;;-;01;;;bordered;2;https://agenciasus.org.br/shared-files/18588/?ANEXOS-DSEI-RIO-TAPAJOS.pdf
DSEI Rio Tapajós;PA;71/2025;Auxiliar Administrativo;;CR;-;;;;-;CR;;;bordered;2;https://agenciasus.org.br/shared-files/18588/?ANEXOS-DSEI-RIO-TAPAJOS.pdf
DSEI Rio Tapajós;PA;71/2025;Auxiliar de Saúde Bucal (ASB);;02 + CR;-;;;;01 + CR;03;;;bordered;2;https://agenciasus.org.br/shared-files/18588/?ANEXOS-DSEI-RIO-TAPAJOS.pdf
DSEI Rio Tapajós;PA;71/2025;Técnico de Enfermagem;;01 + CR;01 + CR;;;;02 + CR;04;;;bordered;2;https://agenciasus.org.br/shared-files/18588/?ANEXOS-DSEI-RIO-TAPAJOS.pdf
DSEI Rio Tapajós;PA;71/2025;Técnico de Laboratório;;01 + CR;-;;;;-;01;;;bordered;2;https://agenciasus.org.br/shared-files/18588/?ANEXOS-DSEI-RIO-TAPAJOS.pdf
DSEI Rio Tapajós;PA;71/2025;Técnico de Saúde Bucal (TSB);;01 + CR;-;;;;-;01;;;bordered;2;https://agenciasus.org.br/shared-files/18588/?ANEXOS-DSEI-RIO-TAPAJOS.pdf
DSEI Alto Rio Juruá;AC;79/2025;Analista Técnico de Saúde Indígena;;CR;-;;;;-;CR;;;bordered;2;https://agenciasus.org.br/shared-files/19271/?ANEXOS_DSEI-ALTO-RIO-JURUA.pdf
DSEI Alto Rio Juruá;AC;79/2025;Apoiador Técnico em Saúde;;CR;-;;;;-;CR;;;bordered;2;https://agenciasus.org.br/shared-files/19271/?ANEXOS_DSEI-ALTO-RIO-JURUA.pdf
DSEI Alto Rio Juruá;AC;79/2025;Apoiador Técnico Saneamento;;CR;-;;;;-;CR;;;bordered;2;https://agenciasus.org.br/shared-files/19271/?ANEXOS_DSEI-ALTO-RIO-JURUA.pdf
DSEI Alto Rio Juruá;AC;79/2025;Assistente Social;;CR;-;;;;-;CR;;;bordered;2;https://agenciasus.org.br/shared-files/19271/?ANEXOS_DSEI-ALTO-RIO-JURUA.pdf
DSEI Alto Rio Juruá;AC;79/2025;Antropólogo;;CR;-;;;;-;CR;;;bordered;2;https://agenciasus.org.br/shared-files/19271/?ANEXOS_DSEI-ALTO-RIO-JURUA.pdf
DSEI Alto Rio Juruá;AC;79/2025;Cirurgião Dentista - 40h;;CR;-;;;;-;CR;;;bordered;2;https://agenciasus.org.br/shared-files/19271/?ANEXOS_DSEI-ALTO-RIO-JURUA.pdf
DSEI Alto Rio Juruá;AC;79/2025;Enfermeiro;;04 + CR;-;;;;02;6 + CR;;;bordered;2;https://agenciasus.org.br/shared-files/19271/?ANEXOS_DSEI-ALTO-RIO-JURUA.pdf
DSEI Alto Rio Juruá;AC;79/2025;Engenheiro Civil;;CR;-;;;;-;CR;;;bordered;2;https://agenciasus.org.br/shared-files/19271/?ANEXOS_DSEI-ALTO-RIO-JURUA.pdf
DSEI Alto Rio Juruá;AC;79/2025;Engenheiro Eletricista;;CR;-;;;;-;CR;;;bordered;2;https://agenciasus.org.br/shared-files/19271/?ANEXOS_DSEI-ALTO-RIO-JURUA.pdf
DSEI Alto Rio Juruá;AC;79/2025;Farmacêutico;;01 + CR;-;;;;-;01 + CR;;;bordered;2;https://agenciasus.org.br/shared-files/19271/?ANEXOS_DSEI-ALTO-RIO-JURUA.pdf
DSEI Alto Rio Juruá;AC;79/2025;Fisioterapeuta;;CR;-;;;;-;CR;;;bordered;2;https://agenciasus.org.br/shared-files/19271/?ANEXOS_DSEI-ALTO-RIO-JURUA.pdf
DSEI Alto Rio Juruá;AC;79/2025;Geólogo;;CR;-;;;;-;CR;;;bordered;2;https://agenciasus.org.br/shared-files/19271/?ANEXOS_DSEI-ALTO-RIO-JURUA.pdf
DSEI Alto Rio Juruá;AC;79/2025;Nutricionista;;CR;-;;;;-;CR;;;bordered;2;https://agenciasus.org.br/shared-files/19271/?ANEXOS_DSEI-ALTO-RIO-JURUA.pdf
DSEI Alto Rio Juruá;AC;79/2025;Psicólogo;;CR;-;;;;-;CR;;;bordered;2;https://agenciasus.org.br/shared-files/19271/?ANEXOS_DSEI-ALTO-RIO-JURUA.pdf
DSEI Alto Rio Juruá;AC;79/2025;Supervisor de Saúde Ambiental;;CR;-;;;;-;CR;;;bordered;2;https://agenciasus.org.br/shared-files/19271/?ANEXOS_DSEI-ALTO-RIO-JURUA.pdf
DSEI Alto Rio Juruá;AC;79/2025;Agente de Combate a Endemias;;CR;-;;;;-;CR;;;bordered;2;https://agenciasus.org.br/shared-files/19271/?ANEXOS_DSEI-ALTO-RIO-JURUA.pdf
DSEI Alto Rio Juruá;AC;79/2025;Assistente Administrativo;;CR;-;;;;-;CR;;;bordered;2;https://agenciasus.org.br/shared-files/19271/?ANEXOS_DSEI-ALTO-RIO-JURUA.pdf
DSEI Alto Rio Juruá;AC;79/2025;Auxiliar de Saúde Bucal (ASB);;01 + CR;-;;;;-;01 + CR;;;bordered;2;https://agenciasus.org.br/shared-files/19271/?ANEXOS_DSEI-ALTO-RIO-JURUA.pdf
DSEI Alto Rio Juruá;AC;79/2025;Auxiliar Administrativo;;CR;-;;;;-;CR;;;bordered;2;https://agenciasus.org.br/shared-files/19271/?ANEXOS_DSEI-ALTO-RIO-JURUA.pdf
DSEI Guamá-Tocantins;PA;88/2025;Analista Técnico de Saúde Indígena;;1 + CR;-;;;;-;1 + CR;POLO BASE SANTARÉM;;bordered;2;https://agenciasus.org.br/shared-files/19540/?Anexos-do-Processo-Seletivo-Simplificado-no-88-2025-–-DSEI-Guama-Tocantins.pdf
DSEI Guamá-Tocantins;PA;88/2025;Apoiador Técnico de Saneamento;;CR;-;;;;-;CR;SEDE;;bordered;2;https://agenciasus.org.br/shared-files/19540/?Anexos-do-Processo-Seletivo-Simplificado-no-88-2025-–-DSEI-Guama-Tocantins.pdf
DSEI Guamá-Tocantins;PA;88/2025;Apoiador Técnico em Saúde;;1 + CR;-;;;;-;1 + CR;SEDE (1 VAGA) POLO BASE SANTARÉM (CR);;bordered;2;https://agenciasus.org.br/shared-files/19540/?Anexos-do-Processo-Seletivo-Simplificado-no-88-2025-–-DSEI-Guama-Tocantins.pdf
DSEI Guamá-Tocantins;PA;88/2025;Assistente Social;;CR;-;;;;-;CR;CASAI MARABÁ (CR) CASAI PARAGOMINAS (CR) CASAI SANTARÉM (CR) CASAI ORIXIMINÁ (CR) CASAI ICOARACI (CR) POLO BASE TUCURUÍ (CR) POLO BASE CAPITÃO POÇO (CR);;bordered;2;https://agenciasus.org.br/shared-files/19540/?Anexos-do-Processo-Seletivo-Simplificado-no-88-2025-–-DSEI-Guama-Tocantins.pdf
DSEI Guamá-Tocantins;PA;88/2025;Cirurgião Dentista (40h);;3 + CR;-;;;;2 + CR;5 + CR;POLO BASE PARAUAPEBAS (CR) POLO BASE MARABÁ (CR) POLO BASE TUCURUÍ (CR) POLO BASE SANTARÉM (1 VAGA + CR) POLO BASE CAPITÃO POÇO (CR) POLO BASE TOMÉ AÇU (CR) POLO BASE SANTA LUZIA (2 VAGAS + CR) POLO BASE PARAGOMINAS (1 VAGA + CR) POLO BASE ORIXIMINÁ (1 VAGA + CR) SEDE (CR);;bordered;2;https://agenciasus.org.br/shared-files/19540/?Anexos-do-Processo-Seletivo-Simplificado-no-88-2025-–-DSEI-Guama-Tocantins.pdf
DSEI Guamá-Tocantins;PA;88/2025;Enfermeiro;;8 + CR;1 + CR;;;;4 + CR;13 + CR;POLO BASE PARAUAPEBAS (3 VAGAS + CR);;bordered;2;https://agenciasus.org.br/shared-files/19540/?Anexos-do-Processo-Seletivo-Simplificado-no-88-2025-–-DSEI-Guama-Tocantins.pdf
DSEI Araguaia;MT;90/2025;Apoiador Técnico de Saneamento;;CR;-;;;;CR;-;CR;;bordered;2;https://agenciasus.org.br/shared-files/19340/?Edital-No-90-Retificacao-Anexos.pdf
DSEI Araguaia;MT;90/2025;Apoiador Técnico em Saúde;;CR;-;;;;CR;-;CR;;bordered;2;https://agenciasus.org.br/shared-files/19340/?Edital-No-90-Retificacao-Anexos.pdf
DSEI Araguaia;MT;90/2025;Assistente Social;;CR;-;;;;CR;-;CR;;bordered;2;https://agenciasus.org.br/shared-files/19340/?Edital-No-90-Retificacao-Anexos.pdf
DSEI Araguaia;MT;90/2025;Cirurgião Dentista (40h);;CR;-;;;;CR;-;CR;;bordered;2;https://agenciasus.org.br/shared-files/19340/?Edital-No-90-Retificacao-Anexos.pdf
DSEI Araguaia;MT;90/2025;Enfermeiro;;2 + CR;-;;;;1 + CR;3;Pólo Base de São Félix do Araguaia - MT/Casai Goiânia - GO;;bordered;2;https://agenciasus.org.br/shared-files/19340/?Edital-No-90-Retificacao-Anexos.pdf
DSEI Araguaia;MT;90/2025;Engenheiro Civil;;CR;-;;;;CR;-;CR;;bordered;2;https://agenciasus.org.br/shared-files/19340/?Edital-No-90-Retificacao-Anexos.pdf
DSEI Araguaia;MT;90/2025;Farmacêutico;;CR;-;;;;CR;-;CR;;bordered;2;https://agenciasus.org.br/shared-files/19340/?Edital-No-90-Retificacao-Anexos.pdf
DSEI Araguaia;MT;90/2025;Fisioterapeuta;;CR;-;;;;CR;-;CR;;bordered;2;https://agenciasus.org.br/shared-files/19340/?Edital-No-90-Retificacao-Anexos.pdf
DSEI Araguaia;MT;90/2025;Nutricionista;;1 + CR;-;;;;1 + CR;2;Pólo Base de Confresa/ Pólo Base de São Félix do Araguaia - MT;;bordered;2;https://agenciasus.org.br/shared-files/19340/?Edital-No-90-Retificacao-Anexos.pdf
DSEI Araguaia;MT;90/2025;Psicólogo;;CR;-;;;;CR;-;CR;;bordered;2;https://agenciasus.org.br/shared-files/19340/?Edital-No-90-Retificacao-Anexos.pdf
DSEI Araguaia;MT;90/2025;Supervisor de Saúde Ambiental;;CR;-;;;;CR;-;CR;;bordered;2;https://agenciasus.org.br/shared-files/19340/?Edital-No-90-Retificacao-Anexos.pdf
DSEI Araguaia;MT;90/2025;Técnico de Edificações;;1 + CR;-;;;;CR;1;Abrangência DSEI Araguaia;;bordered;2;https://agenciasus.org.br/shared-files/19340/?Edital-No-90-Retificacao-Anexos.pdf
DSEI Araguaia;MT;90/2025;Técnico de Enfermagem;;1 + CR;-;;;;CR;1;Pólo Base de São Félix do Araguaia - MT;;bordered;2;https://agenciasus.org.br/shared-files/19340/?Edital-No-90-Retificacao-Anexos.pdf
DSEI Araguaia;MT;90/2025;Técnico de Saúde Bucal (TSB);;CR;-;;;;CR;-;CR;;bordered;2;https://agenciasus.org.br/shared-files/19340/?Edital-No-90-Retificacao-Anexos.pdf
DSEI Araguaia;MT;90/2025;Técnico Eletrotécnico;;CR;-;;;;CR;-;CR;;bordered;2;https://agenciasus.org.br/shared-files/19340/?Edital-No-90-Retificacao-Anexos.pdf
DSEI Araguaia;MT;90/2025;Técnico em Saneamento e Controle Ambiental;;CR;-;;;;CR;-;CR;;bordered;2;https://agenciasus.org.br/shared-files/19340/?Edital-No-90-Retificacao-Anexos.pdf
DSEI Araguaia;MT;90/2025;Agente de Combate a Endemias;;CR;-;;;;CR;-;CR;;bordered;2;https://agenciasus.org.br/shared-files/19340/?Edital-No-90-Retificacao-Anexos.pdf
DSEI Alagoas e Sergipe;AL;34/2026;SANITARISTA 40H;;1;*;1;*;*;;2+CR;;;bordered;2;https://agenciasus.org.br/shared-files/32800/?Anexos-do-Processo-Seletivo-Simplificado-Sanitarista-no-342026-–-DSEI-ALSE.pdf
DSEI Altamira;PA;39/2026;SANITARISTA 40H;;1;*;1;*;;;2+CR;;QUILOMBOL AS=*;bordered;2;https://agenciasus.org.br/shared-files/32767/?Anexos-Altamira.pdf
DSEI Alto Rio Juruá;AC;40/2026;SANITARISTA 40H;;1;*;1;*;*;;2+CR;;;bordered;2;https://agenciasus.org.br/shared-files/32867/?Anexos-Alto-Rio-Jurua.pdf
DSEI Alto Rio Negro;AM;41/2026;SANITARISTA 40H;;1;*;1;*;*;;2+CR;;;bordered;2;https://agenciasus.org.br/shared-files/32822/?anexos-arn.pdf
DSEI Alto Rio Purus;AC;42/2026;SANITARISTA 40H;;1;*;1;*;*;;2+CR;;;bordered;2;https://agenciasus.org.br/shared-files/32772/?Anexos-do-Processo-Seletivo-Simplificado-Sanitarista-no-422026-–-DSEI-Alto-Rio-Purus.pdf
DSEI Alto Rio Solimões;AM;43/2026;SANITARISTA 40H;;1;*;1;*;;;2+CR;;QUILOMBOL AS=*;bordered;2;https://agenciasus.org.br/shared-files/32927/?Alto-Rio-Solimoes-1.pdf
DSEI Amapá e Norte do Pará;AP;44/2026;SANITARISTA 40H;;1;*;1;*;*;;2+CR;;;bordered;2;https://agenciasus.org.br/shared-files/32860/?Anexos-Amapa-e-Norte-do-Para-1.pdf
DSEI Amapá e Norte do Pará;AP;84/2025;Analista Técnico de Saúde Indígena;;1;-;;;;-;1;;;bordered;2;https://agenciasus.org.br/shared-files/19338/?Edital-No-84-Retificacao-Anexos.pdf
DSEI Amapá e Norte do Pará;AP;84/2025;Analista Especializado de Saúde Indígena;;-;-;;;;-;-;;;bordered;2;https://agenciasus.org.br/shared-files/19338/?Edital-No-84-Retificacao-Anexos.pdf
DSEI Amapá e Norte do Pará;AP;84/2025;Antropólogo;;1;-;;;;-;1;;;bordered;2;https://agenciasus.org.br/shared-files/19338/?Edital-No-84-Retificacao-Anexos.pdf
DSEI Amapá e Norte do Pará;AP;84/2025;Apoiador Técnico de Saneamento;;-;-;;;;-;-;;;bordered;2;https://agenciasus.org.br/shared-files/19338/?Edital-No-84-Retificacao-Anexos.pdf
DSEI Amapá e Norte do Pará;AP;84/2025;Apoiador Técnico em Saúde;;-;-;;;;-;-;;;bordered;2;https://agenciasus.org.br/shared-files/19338/?Edital-No-84-Retificacao-Anexos.pdf
DSEI Amapá e Norte do Pará;AP;84/2025;Arquiteto e Urbanista;;-;-;;;;-;-;;;bordered;2;https://agenciasus.org.br/shared-files/19338/?Edital-No-84-Retificacao-Anexos.pdf
DSEI Amapá e Norte do Pará;AP;84/2025;Assistente Social;;2;-;;;;-;2;;;bordered;2;https://agenciasus.org.br/shared-files/19338/?Edital-No-84-Retificacao-Anexos.pdf
DSEI Amapá e Norte do Pará;AP;84/2025;Biólogo;;1;-;;;;-;1;;;bordered;2;https://agenciasus.org.br/shared-files/19338/?Edital-No-84-Retificacao-Anexos.pdf
DSEI Amapá e Norte do Pará;AP;84/2025;Cirurgião Dentista (20h);;-;-;;;;-;-;;;bordered;2;https://agenciasus.org.br/shared-files/19338/?Edital-No-84-Retificacao-Anexos.pdf
DSEI Amapá e Norte do Pará;AP;84/2025;Cirurgião Dentista (40h);;-;-;;;;-;-;;;bordered;2;https://agenciasus.org.br/shared-files/19338/?Edital-No-84-Retificacao-Anexos.pdf
DSEI Amapá e Norte do Pará;AP;84/2025;Enfermeiro;;1;1;;;;1;3;;;bordered;2;https://agenciasus.org.br/shared-files/19338/?Edital-No-84-Retificacao-Anexos.pdf
DSEI Amapá e Norte do Pará;AP;84/2025;Engenheiro Civil;;1;-;;;;-;1;;;bordered;2;https://agenciasus.org.br/shared-files/19338/?Edital-No-84-Retificacao-Anexos.pdf
DSEI Amapá e Norte do Pará;AP;84/2025;Engenheiro Eletricista;;-;-;;;;-;-;;;bordered;2;https://agenciasus.org.br/shared-files/19338/?Edital-No-84-Retificacao-Anexos.pdf
DSEI Amapá e Norte do Pará;AP;84/2025;Engenheiro Sanitarista;;-;-;;;;-;-;;;bordered;2;https://agenciasus.org.br/shared-files/19338/?Edital-No-84-Retificacao-Anexos.pdf
DSEI Amapá e Norte do Pará;AP;84/2025;Farmacêutico;;-;-;;;;-;-;;;bordered;2;https://agenciasus.org.br/shared-files/19338/?Edital-No-84-Retificacao-Anexos.pdf
DSEI Amapá e Norte do Pará;AP;84/2025;Fisioterapeuta;;-;-;;;;-;-;;;bordered;2;https://agenciasus.org.br/shared-files/19338/?Edital-No-84-Retificacao-Anexos.pdf
DSEI Amapá e Norte do Pará;AP;84/2025;Geólogo;;-;-;;;;-;-;;;bordered;2;https://agenciasus.org.br/shared-files/19338/?Edital-No-84-Retificacao-Anexos.pdf
DSEI Amapá e Norte do Pará;AP;84/2025;Médico (20h);;-;-;;;;-;-;;;bordered;2;https://agenciasus.org.br/shared-files/19338/?Edital-No-84-Retificacao-Anexos.pdf
DSEI Amapá e Norte do Pará;AP;84/2025;Médico (40h);;1;-;;;;-;1;;;bordered;2;https://agenciasus.org.br/shared-files/19338/?Edital-No-84-Retificacao-Anexos.pdf
DSEI Amapá e Norte do Pará;AP;84/2025;Médico Veterinário;;-;-;;;;-;-;;;bordered;2;https://agenciasus.org.br/shared-files/19338/?Edital-No-84-Retificacao-Anexos.pdf
DSEI Amapá e Norte do Pará;AP;84/2025;Nutricionista;;1;-;;;;-;1;;;bordered;2;https://agenciasus.org.br/shared-files/19338/?Edital-No-84-Retificacao-Anexos.pdf
DSEI Araguaia;MT;45/2026;SANITARISTA 40H;;1;*;1;*;*;;2+CR;;;bordered;2;https://agenciasus.org.br/shared-files/32857/?DSEI-Araguaia.pdf
DSEI Bahia;BA;46/2026;SANITARISTA 40H;;1;*;1;*;;;2+CR;;QUILOMBOL AS=*;bordered;2;https://agenciasus.org.br/shared-files/32931/?Anexos-do-Processo-Seletivo-Simplificado-Sanitarista-no-46.2026-DSEI-Bahia.pdf
DSEI Cuiabá;MT;48/2026;SANITARISTA 40H;;1;*;1;*;*;;2+CR;;;bordered;2;https://agenciasus.org.br/shared-files/32784/?Anexos-CGB.pdf
DSEI Interior Sul;SC;50/2026;SANITARISTA 40H;;1;*;1;*;*;;2+CR;;;bordered;2;https://agenciasus.org.br/shared-files/32828/?Anexos-ISUL-2.pdf
DSEI Kaiapó de Mato Grosso;MT;51/2026;SANITARISTA 40H;;1;*;1;*;*;;2+CR;;;bordered;2;https://agenciasus.org.br/shared-files/32839/?Anexo-KMT.pdf
DSEI Kaiapó do Pará;PA;52/2026;SANITARISTA 40H;;1;*;1;*;*;;2+CR;;;bordered;2;https://agenciasus.org.br/shared-files/32812/?Anexos-do-Processo-Seletivo-Simplificado-Sanitarista-no-522026-–-DSEI-KPA.pdf
DSEI Leste de Roraima;RR;53/2026;SANITARISTA 40H;;1;*;1;*;*;;2+CR;;;bordered;2;https://agenciasus.org.br/shared-files/32880/?Anexos-do-Processo-Seletivo-Simplificado-Sanitarista-no-532026-–-DSEI-LRR.pdf
DSEI Manaus;AM;55/2026;SANITARISTA 40H;;1;*;1;*;*;;2+CR;;;bordered;2;https://agenciasus.org.br/shared-files/32836/?Anexos-MAO.pdf
DSEI Maranhão;MA;56/2026;SANITARISTA 40H;;1;*;1;*;*;;2+CR;;;bordered;2;https://agenciasus.org.br/shared-files/32870/?Anexos-MA.pdf
DSEI Médio Rio Purus;AM;58/2026;SANITARISTA 40H;;1;*;1;*;;;2+CR;;QUILOMBOL AS=*;bordered;2;https://agenciasus.org.br/shared-files/32803/?Anexos-do-Processo-Seletivo-Simplificado-Sanitarista-no-582026-–-DSEI-MRP.pdf
DSEI Porto Velho;RO;63/2026;SANITARISTA 40H;;1;*;1;*;*;;2+CR;;;bordered;2;https://agenciasus.org.br/shared-files/32819/?Anexos-de-processo-simplificado-sanitarista-Porto-Velho.pdf
DSEI Rio Tapajós;PA;65/2025;SANITARISTA 40H;;1;*;1;*;*;;2+CR;;;bordered;2;https://agenciasus.org.br/shared-files/32816/?Anexos-de-processo-simplificado-sanitarista-Rio-Tapajos-1.pdf
DSEI Tocantins;TO;66/2026;SANITARISTA 40H;;1;*;1;*;*;;2+CR;;;bordered;2;https://agenciasus.org.br/shared-files/32863/?Anexos-de-processo-simplificado-sanitarista-Tocantins-1.pdf
DSEI Vilhena;RO;68/2026;SANITARISTA 40H;;1;*;1;*;*;;2+CR;;;bordered;2;https://agenciasus.org.br/shared-files/32791/?Anexos-do-Processo-Seletivo-Simplificado-Sanitarista-no-682026-–-DSEI-Vilhena.pdf
DSEI Xavante;MT;69/2026;SANITARISTA 40H;;1;*;1;*;*;;2+CR;;;bordered;2;https://agenciasus.org.br/shared-files/33043/?Anexos-Xavante-Sanitarista.pdf
DSEI Xingu;MT;70/2026;SANITARISTA 40H;;1;*;1;*;*;;2+CR;;;bordered;2;https://agenciasus.org.br/shared-files/32852/?Anexos-de-processo-simplificado-sanitarista-Xingu-1-1.pdf
DSEI Yanomami;RR;37/2026;Advogado 40h;;1;CR;CR;CR;CR;;1+CR;;;bordered;2;https://agenciasus.org.br/shared-files/32969/?Anexos-Yanomami-.pdf
DSEI Yanomami;RR;37/2026;Ajudante de Campo 40h;;CR;CR;CR;CR;CR;;CR;;;bordered;2;https://agenciasus.org.br/shared-files/32969/?Anexos-Yanomami-.pdf
DSEI Yanomami;RR;37/2026;Analista Administrativo 40h;;CR;CR;CR;CR;CR;;CR;;;bordered;2;https://agenciasus.org.br/shared-files/32969/?Anexos-Yanomami-.pdf
DSEI Yanomami;RR;37/2026;Analista Especializado de Saúde Indígena 40h;;CR;CR;CR;CR;CR;;CR;;;bordered;2;https://agenciasus.org.br/shared-files/32969/?Anexos-Yanomami-.pdf
DSEI Yanomami;RR;37/2026;Analista Técnico de Saúde Indígena 40h;;1;CR;1;CR;CR;;2+CR;;;bordered;2;https://agenciasus.org.br/shared-files/32969/?Anexos-Yanomami-.pdf
DSEI Yanomami;RR;37/2026;Antropólogo 40h;;5;1;2;CR;CR;;8+CR;;;bordered;2;https://agenciasus.org.br/shared-files/32969/?Anexos-Yanomami-.pdf
DSEI Yanomami;RR;37/2026;Apoiador Técnico de Saneamento 40h;;1;CR;CR;CR;CR;;1+CR;;;bordered;2;https://agenciasus.org.br/shared-files/32969/?Anexos-Yanomami-.pdf
DSEI Yanomami;RR;37/2026;Apoiador Técnico em Saúde 40h;;CR;CR;CR;CR;CR;;CR;;;bordered;2;https://agenciasus.org.br/shared-files/32969/?Anexos-Yanomami-.pdf
DSEI Yanomami;RR;37/2026;Arquiteto e Urbanista 40h;;1;CR;CR;CR;CR;;1+CR;;;bordered;2;https://agenciasus.org.br/shared-files/32969/?Anexos-Yanomami-.pdf
DSEI Yanomami;RR;37/2026;Assistente Administrativo 40h;;3;CR;1;CR;CR;;4+CR;;;bordered;2;https://agenciasus.org.br/shared-files/32969/?Anexos-Yanomami-.pdf
DSEI Yanomami;RR;37/2026;Assistente Social 30h;;CR;CR;CR;CR;CR;;CR;;;bordered;2;https://agenciasus.org.br/shared-files/32969/?Anexos-Yanomami-.pdf
DSEI Yanomami;RR;37/2026;Auxiliar Administrativo 40h;;CR;CR;CR;CR;CR;;CR;;;bordered;2;https://agenciasus.org.br/shared-files/32969/?Anexos-Yanomami-.pdf
DSEI Yanomami;RR;37/2026;Auxiliar de Cozinha 30h;;1;CR;1;CR;CR;;2+CR;;;bordered;2;https://agenciasus.org.br/shared-files/32969/?Anexos-Yanomami-.pdf
DSEI Yanomami;RR;37/2026;Biólogo 40h;;1;CR;CR;CR;CR;;1+CR;;;bordered;2;https://agenciasus.org.br/shared-files/32969/?Anexos-Yanomami-.pdf
DSEI Yanomami;RR;37/2026;Cirurgião Dentista 40h;;1;CR;1;CR;CR;;2+CR;;;bordered;2;https://agenciasus.org.br/shared-files/32969/?Anexos-Yanomami-.pdf
DSEI Yanomami;RR;37/2026;Digitador 40h;;3;1;1;CR;CR;;5+CR;;;bordered;2;https://agenciasus.org.br/shared-files/32969/?Anexos-Yanomami-.pdf
DSEI Yanomami;RR;37/2026;Enfermeiro 40h;;11;1;5;1;CR;;18+CR;;;bordered;2;https://agenciasus.org.br/shared-files/32969/?Anexos-Yanomami-.pdf
DSEI Yanomami;RR;37/2026;Engenheiro Civil 40h;;1;CR;CR;CR;CR;;1+CR;;;bordered;2;https://agenciasus.org.br/shared-files/32969/?Anexos-Yanomami-.pdf
DSEI Yanomami;RR;37/2026;Engenheiro Eletricista 40h;;1;CR;1;CR;CR;;2+CR;;;bordered;2;https://agenciasus.org.br/shared-files/32969/?Anexos-Yanomami-.pdf
DSEI Ceará;CE;47/2026;SANITARISTA 40H;;1;*;*;*;*;;1+CR;;;bordered;2;https://agenciasus.org.br/shared-files/32787/?Anexos-do-Processo-Seletivo-Simplificado-Sanitarista-no-472026-–-DSEI-CE.pdf
DSEI Litoral Sul;PR;54/2026;SANITARISTA 40H;;1;*;*;*;*;;1+CR;;;bordered;2;https://agenciasus.org.br/shared-files/32833/?Anexo-LSUL.pdf
DSEI Maranhão;MA;76/2025;Apoiador Técnico de Saneamento;;1 + CR;-;;;;-;1;Sede do DSEI;;bordered;2;https://agenciasus.org.br/shared-files/19342/?Edital-No-76-Retificacao-Anexos.pdf
DSEI Maranhão;MA;76/2025;Apoiador Técnico em Saúde;;1 + CR;-;;;;-;1;Sede do DSEI;;bordered;2;https://agenciasus.org.br/shared-files/19342/?Edital-No-76-Retificacao-Anexos.pdf
DSEI Maranhão;MA;76/2025;Assistente Social;;1 + CR;-;;;;-;1;CASAI Teresina;;bordered;2;https://agenciasus.org.br/shared-files/19342/?Edital-No-76-Retificacao-Anexos.pdf
DSEI Maranhão;MA;76/2025;Enfermeiro;;1 + CR;-;;;;1;2;Polo Base de Base de Barra do Corda;;bordered;2;https://agenciasus.org.br/shared-files/19342/?Edital-No-76-Retificacao-Anexos.pdf
DSEI Maranhão;MA;76/2025;Engenheiro Civil;;-;-;;;;-;-;-;;bordered;2;https://agenciasus.org.br/shared-files/19342/?Edital-No-76-Retificacao-Anexos.pdf
DSEI Maranhão;MA;76/2025;Farmacêutico;;1 + CR;-;;;;-;1;CASAI São Luís;;bordered;2;https://agenciasus.org.br/shared-files/19342/?Edital-No-76-Retificacao-Anexos.pdf
DSEI Maranhão;MA;76/2025;Nutricionista;;-;-;;;;-;-;-;;bordered;2;https://agenciasus.org.br/shared-files/19342/?Edital-No-76-Retificacao-Anexos.pdf
DSEI Maranhão;MA;76/2025;Psicólogo;;1 + CR;-;;;;-;1;Sede do DSEI;;bordered;2;https://agenciasus.org.br/shared-files/19342/?Edital-No-76-Retificacao-Anexos.pdf
DSEI Maranhão;MA;76/2025;Cirurgião Dentista (40h);;1 + CR;-;;;;-;1;Polo Base de Amarante / Região Bom Jesus das Selvas;;bordered;2;https://agenciasus.org.br/shared-files/19342/?Edital-No-76-Retificacao-Anexos.pdf
DSEI Maranhão;MA;76/2025;Agente de Combate a Endemias;;-;-;;;;-;-;-;;bordered;2;https://agenciasus.org.br/shared-files/19342/?Edital-No-76-Retificacao-Anexos.pdf
DSEI Maranhão;MA;76/2025;Assistente Administrativo;;1 + CR;-;;;;-;1;Sede do DSEI;;bordered;2;https://agenciasus.org.br/shared-files/19342/?Edital-No-76-Retificacao-Anexos.pdf
DSEI Maranhão;MA;76/2025;Auxiliar Administrativo;;-;-;;;;-;-;-;;bordered;2;https://agenciasus.org.br/shared-files/19342/?Edital-No-76-Retificacao-Anexos.pdf
DSEI Maranhão;MA;76/2025;Auxiliar de Saúde Bucal (ASB);;1 + CR;-;;;;-;1;Polo Base de Amarante;;bordered;2;https://agenciasus.org.br/shared-files/19342/?Edital-No-76-Retificacao-Anexos.pdf
DSEI Maranhão;MA;76/2025;Supervisor de Saúde Ambiental;;-;-;;;;-;-;-;;bordered;2;https://agenciasus.org.br/shared-files/19342/?Edital-No-76-Retificacao-Anexos.pdf
DSEI Mato Grosso do Sul;MS;57/2026;SANITARISTA 40H;;1;*;*;*;*;;1+CR;;;bordered;2;https://agenciasus.org.br/shared-files/32810/?Anexos-MS-1.pdf
DSEI Minas Gerais e Espírito Santo;MG;60/2026;SANITARISTA 40H;;1;*;*;*;*;;1+CR;;;bordered;2;https://agenciasus.org.br/shared-files/32877/?Anexos-do-Processo-Seletivo-Simplificado-Sanitarista-no-602026-–-DSEI-MGES.pdf
DSEI Potiguara;PB;64/2026;SANITARISTA 40H;;1;*;*;*;*;;1+CR;;;bordered;2;https://agenciasus.org.br/shared-files/32798/?Anexos-de-processo-simplificado-sanitarista-Potiguara.pdf
CASAI Brasília;DF;39/2025;Analista Técnico de Saúde Indígena;;CR;-;-;;;;-;;;bordered;1;https://agenciasus.org.br/shared-files/18182/?Edital-no-392025-3-Anexo-II-Quadro-de-Vagas-CASAI-NACIONAL-BRASILIA.pdf
CASAI Brasília;DF;39/2025;Analista Especializado de Saúde Indígena;;CR;-;-;;;;-;;;bordered;1;https://agenciasus.org.br/shared-files/18182/?Edital-no-392025-3-Anexo-II-Quadro-de-Vagas-CASAI-NACIONAL-BRASILIA.pdf
CASAI Brasília;DF;39/2025;Antropólogo;;CR;-;-;;;;-;;;bordered;1;https://agenciasus.org.br/shared-files/18182/?Edital-no-392025-3-Anexo-II-Quadro-de-Vagas-CASAI-NACIONAL-BRASILIA.pdf
CASAI Brasília;DF;39/2025;Apoiador Técnico de Saneamento;;CR;-;-;;;;-;;;bordered;1;https://agenciasus.org.br/shared-files/18182/?Edital-no-392025-3-Anexo-II-Quadro-de-Vagas-CASAI-NACIONAL-BRASILIA.pdf
CASAI Brasília;DF;39/2025;Apoiador Técnico em Saúde;;CR;-;-;;;;-;;;bordered;1;https://agenciasus.org.br/shared-files/18182/?Edital-no-392025-3-Anexo-II-Quadro-de-Vagas-CASAI-NACIONAL-BRASILIA.pdf
CASAI Brasília;DF;39/2025;Arquiteto e Urbanista;;CR;-;-;;;;-;;;bordered;1;https://agenciasus.org.br/shared-files/18182/?Edital-no-392025-3-Anexo-II-Quadro-de-Vagas-CASAI-NACIONAL-BRASILIA.pdf
CASAI Brasília;DF;39/2025;Assistente Social;;01;-;-;;;;01;;;bordered;1;https://agenciasus.org.br/shared-files/18182/?Edital-no-392025-3-Anexo-II-Quadro-de-Vagas-CASAI-NACIONAL-BRASILIA.pdf
CASAI Brasília;DF;39/2025;Biólogo;;CR;-;-;;;;-;;;bordered;1;https://agenciasus.org.br/shared-files/18182/?Edital-no-392025-3-Anexo-II-Quadro-de-Vagas-CASAI-NACIONAL-BRASILIA.pdf
CASAI Brasília;DF;39/2025;Cirurgião Dentista (40h);;CR;-;-;;;;-;;;bordered;1;https://agenciasus.org.br/shared-files/18182/?Edital-no-392025-3-Anexo-II-Quadro-de-Vagas-CASAI-NACIONAL-BRASILIA.pdf
CASAI Brasília;DF;39/2025;Enfermeiro;;CR;-;-;;;;-;;;bordered;1;https://agenciasus.org.br/shared-files/18182/?Edital-no-392025-3-Anexo-II-Quadro-de-Vagas-CASAI-NACIONAL-BRASILIA.pdf
CASAI Brasília;DF;39/2025;Engenheiro Civil;;CR;-;-;;;;-;;;bordered;1;https://agenciasus.org.br/shared-files/18182/?Edital-no-392025-3-Anexo-II-Quadro-de-Vagas-CASAI-NACIONAL-BRASILIA.pdf
CASAI Brasília;DF;39/2025;Engenheiro Eletricista;;CR;-;-;;;;-;;;bordered;1;https://agenciasus.org.br/shared-files/18182/?Edital-no-392025-3-Anexo-II-Quadro-de-Vagas-CASAI-NACIONAL-BRASILIA.pdf
CASAI Brasília;DF;39/2025;Engenheiro Sanitarista;;CR;-;-;;;;-;;;bordered;1;https://agenciasus.org.br/shared-files/18182/?Edital-no-392025-3-Anexo-II-Quadro-de-Vagas-CASAI-NACIONAL-BRASILIA.pdf
CASAI Brasília;DF;39/2025;Farmacêutico;;CR;-;-;;;;-;;;bordered;1;https://agenciasus.org.br/shared-files/18182/?Edital-no-392025-3-Anexo-II-Quadro-de-Vagas-CASAI-NACIONAL-BRASILIA.pdf
CASAI Brasília;DF;39/2025;Fisioterapeuta;;CR;-;-;;;;-;;;bordered;1;https://agenciasus.org.br/shared-files/18182/?Edital-no-392025-3-Anexo-II-Quadro-de-Vagas-CASAI-NACIONAL-BRASILIA.pdf
CASAI Brasília;DF;39/2025;Geólogo;;CR;-;-;;;;-;;;bordered;1;https://agenciasus.org.br/shared-files/18182/?Edital-no-392025-3-Anexo-II-Quadro-de-Vagas-CASAI-NACIONAL-BRASILIA.pdf
CASAI Brasília;DF;39/2025;Médico (20h);;CR;-;-;;;;-;;;bordered;1;https://agenciasus.org.br/shared-files/18182/?Edital-no-392025-3-Anexo-II-Quadro-de-Vagas-CASAI-NACIONAL-BRASILIA.pdf
CASAI Brasília;DF;39/2025;Médico (40h);;CR;-;-;;;;-;;;bordered;1;https://agenciasus.org.br/shared-files/18182/?Edital-no-392025-3-Anexo-II-Quadro-de-Vagas-CASAI-NACIONAL-BRASILIA.pdf
CASAI Brasília;DF;39/2025;Médico Veterinário;;CR;-;-;;;;-;;;bordered;1;https://agenciasus.org.br/shared-files/18182/?Edital-no-392025-3-Anexo-II-Quadro-de-Vagas-CASAI-NACIONAL-BRASILIA.pdf
DSEI Alto Rio Negro;AM;92/2025;Analista Técnico de Saúde Indígena;;1 + CR;-;;;;CR;1 + CR;;;bordered;2;https://agenciasus.org.br/shared-files/19335/?Edital-No-92-Retificacao-Anexos.pdf
DSEI Alto Rio Negro;AM;92/2025;Analista Especializado de Saúde Indígena;;CR;-;;;;CR;CR;;;bordered;2;https://agenciasus.org.br/shared-files/19335/?Edital-No-92-Retificacao-Anexos.pdf
DSEI Alto Rio Negro;AM;92/2025;Antropólogo;;CR;-;;;;CR;CR;;;bordered;2;https://agenciasus.org.br/shared-files/19335/?Edital-No-92-Retificacao-Anexos.pdf
DSEI Alto Rio Negro;AM;92/2025;Apoiador Técnico de Saneamento;;CR;-;;;;CR;CR;;;bordered;2;https://agenciasus.org.br/shared-files/19335/?Edital-No-92-Retificacao-Anexos.pdf
DSEI Alto Rio Negro;AM;92/2025;Apoiador Técnico em Saúde;;CR;-;;;;CR;CR;;;bordered;2;https://agenciasus.org.br/shared-files/19335/?Edital-No-92-Retificacao-Anexos.pdf
DSEI Alto Rio Negro;AM;92/2025;Arquiteto e Urbanista;;CR;-;;;;CR;CR;;;bordered;2;https://agenciasus.org.br/shared-files/19335/?Edital-No-92-Retificacao-Anexos.pdf
DSEI Alto Rio Negro;AM;92/2025;Assistente Social;;1 + CR;-;;;;CR;1 + CR;;;bordered;2;https://agenciasus.org.br/shared-files/19335/?Edital-No-92-Retificacao-Anexos.pdf
DSEI Alto Rio Negro;AM;92/2025;Biólogo;;CR;-;;;;CR;CR;;;bordered;2;https://agenciasus.org.br/shared-files/19335/?Edital-No-92-Retificacao-Anexos.pdf
DSEI Alto Rio Negro;AM;92/2025;Cirurgião Dentista (20h);;CR;-;;;;CR;CR;;;bordered;2;https://agenciasus.org.br/shared-files/19335/?Edital-No-92-Retificacao-Anexos.pdf
DSEI Alto Rio Negro;AM;92/2025;Cirurgião Dentista (40h);;1 + CR;-;;;;CR;1 + CR;;;bordered;2;https://agenciasus.org.br/shared-files/19335/?Edital-No-92-Retificacao-Anexos.pdf
DSEI Alto Rio Negro;AM;92/2025;Enfermeiro;;2 + CR;-;;;;1 + CR;3 + CR;;;bordered;2;https://agenciasus.org.br/shared-files/19335/?Edital-No-92-Retificacao-Anexos.pdf
DSEI Alto Rio Negro;AM;92/2025;Engenheiro Civil;;CR;-;;;;CR;CR;;;bordered;2;https://agenciasus.org.br/shared-files/19335/?Edital-No-92-Retificacao-Anexos.pdf
DSEI Alto Rio Negro;AM;92/2025;Engenheiro Eletricista;;CR;-;;;;CR;CR;;;bordered;2;https://agenciasus.org.br/shared-files/19335/?Edital-No-92-Retificacao-Anexos.pdf
DSEI Alto Rio Negro;AM;92/2025;Engenheiro Sanitarista;;CR;-;;;;CR;CR;;;bordered;2;https://agenciasus.org.br/shared-files/19335/?Edital-No-92-Retificacao-Anexos.pdf
DSEI Alto Rio Negro;AM;92/2025;Farmacêutico;;CR;-;;;;CR;CR;;;bordered;2;https://agenciasus.org.br/shared-files/19335/?Edital-No-92-Retificacao-Anexos.pdf
DSEI Alto Rio Negro;AM;92/2025;Fisioterapeuta;;CR;-;;;;CR;CR;;;bordered;2;https://agenciasus.org.br/shared-files/19335/?Edital-No-92-Retificacao-Anexos.pdf
DSEI Alto Rio Negro;AM;92/2025;Geólogo;;CR;-;;;;CR;CR;;;bordered;2;https://agenciasus.org.br/shared-files/19335/?Edital-No-92-Retificacao-Anexos.pdf
DSEI Alto Rio Negro;AM;92/2025;Médico (20h);;CR;-;;;;CR;CR;;;bordered;2;https://agenciasus.org.br/shared-files/19335/?Edital-No-92-Retificacao-Anexos.pdf
DSEI Alto Rio Negro;AM;92/2025;Médico (40h);;CR;-;;;;CR;CR;;;bordered;2;https://agenciasus.org.br/shared-files/19335/?Edital-No-92-Retificacao-Anexos.pdf
DSEI Alto Rio Negro;AM;92/2025;Médico Veterinário;;CR;-;;;;CR;CR;;;bordered;2;https://agenciasus.org.br/shared-files/19335/?Edital-No-92-Retificacao-Anexos.pdf
DSEI Alto Rio Negro;AM;92/2025;Nutricionista;;CR;-;;;;CR;CR;;;bordered;2;https://agenciasus.org.br/shared-files/19335/?Edital-No-92-Retificacao-Anexos.pdf
DSEI Alto Rio Purus;AC;81/2025;Antropólogo;;CR;-;;;;-;CR;Área de abrangência do DSEI;;bordered;2;https://agenciasus.org.br/shared-files/20137/?Edital-no-81-2-ANEXOS-DSEI-Alto-Rio-Purus.pdf
DSEI Alto Rio Purus;AC;81/2025;Apoiador Técnico de Saneamento;;CR;-;;;;-;CR;Área de abrangência do DSEI;;bordered;2;https://agenciasus.org.br/shared-files/20137/?Edital-no-81-2-ANEXOS-DSEI-Alto-Rio-Purus.pdf
DSEI Alto Rio Purus;AC;81/2025;Apoiador Técnico em Saúde;;CR;-;;;;-;CR;Área de abrangência do DSEI;;bordered;2;https://agenciasus.org.br/shared-files/20137/?Edital-no-81-2-ANEXOS-DSEI-Alto-Rio-Purus.pdf
DSEI Alto Rio Purus;AC;81/2025;Assistente Social;;1 + CR;-;;;;1;2;Área de abrangência do DSEI;;bordered;2;https://agenciasus.org.br/shared-files/20137/?Edital-no-81-2-ANEXOS-DSEI-Alto-Rio-Purus.pdf
DSEI Alto Rio Purus;AC;81/2025;Cirurgião Dentista (40h);;1 + CR;-;;;;-;1;Área de abrangência do DSEI;;bordered;2;https://agenciasus.org.br/shared-files/20137/?Edital-no-81-2-ANEXOS-DSEI-Alto-Rio-Purus.pdf
DSEI Alto Rio Purus;AC;81/2025;Enfermeiro;;1 + CR;-;;;;1;2;Área de abrangência do DSEI;;bordered;2;https://agenciasus.org.br/shared-files/20137/?Edital-no-81-2-ANEXOS-DSEI-Alto-Rio-Purus.pdf
DSEI Alto Rio Purus;AC;81/2025;Engenheiro Civil;;CR;-;;;;-;CR;Área de abrangência do DSEI;;bordered;2;https://agenciasus.org.br/shared-files/20137/?Edital-no-81-2-ANEXOS-DSEI-Alto-Rio-Purus.pdf
DSEI Alto Rio Purus;AC;81/2025;Engenheiro Eletricista;;CR;-;;;;-;CR;Área de abrangência do DSEI;;bordered;2;https://agenciasus.org.br/shared-files/20137/?Edital-no-81-2-ANEXOS-DSEI-Alto-Rio-Purus.pdf
DSEI Alto Rio Purus;AC;81/2025;Farmacêutico;;CR;-;;;;-;CR;Área de abrangência do DSEI;;bordered;2;https://agenciasus.org.br/shared-files/20137/?Edital-no-81-2-ANEXOS-DSEI-Alto-Rio-Purus.pdf
DSEI Alto Rio Purus;AC;81/2025;Fisioterapeuta;;CR;-;;;;-;CR;Área de abrangência do DSEI;;bordered;2;https://agenciasus.org.br/shared-files/20137/?Edital-no-81-2-ANEXOS-DSEI-Alto-Rio-Purus.pdf
DSEI Alto Rio Purus;AC;81/2025;Nutricionista;;CR;-;;;;-;CR;Área de abrangência do DSEI;;bordered;2;https://agenciasus.org.br/shared-files/20137/?Edital-no-81-2-ANEXOS-DSEI-Alto-Rio-Purus.pdf
DSEI Alto Rio Purus;AC;81/2025;Psicólogo;;CR;-;;;;-;CR;Área de abrangência do DSEI;;bordered;2;https://agenciasus.org.br/shared-files/20137/?Edital-no-81-2-ANEXOS-DSEI-Alto-Rio-Purus.pdf
DSEI Alto Rio Purus;AC;81/2025;Supervisor de Saúde Ambiental;;CR;-;;;;-;CR;Área de abrangência do DSEI;;bordered;2;https://agenciasus.org.br/shared-files/20137/?Edital-no-81-2-ANEXOS-DSEI-Alto-Rio-Purus.pdf
DSEI Alto Rio Purus;AC;81/2025;Agente de Combate a Endemias;;1 + CR;-;;;;-;1;Área de abrangência do DSEI;;bordered;2;https://agenciasus.org.br/shared-files/20137/?Edital-no-81-2-ANEXOS-DSEI-Alto-Rio-Purus.pdf
DSEI Alto Rio Purus;AC;81/2025;Assistente Administrativo;;1 + CR;-;;;;-;1;Pauini-AM;;bordered;2;https://agenciasus.org.br/shared-files/20137/?Edital-no-81-2-ANEXOS-DSEI-Alto-Rio-Purus.pdf
DSEI Alto Rio Purus;AC;81/2025;Assistente Administrativo;;CR;-;;;;-;CR;Boca do Acre AM;;bordered;2;https://agenciasus.org.br/shared-files/20137/?Edital-no-81-2-ANEXOS-DSEI-Alto-Rio-Purus.pdf
DSEI Alto Rio Solimões;AM;03/2025;Analista Técnico de Saúde Indígena;6;;;;;;;;;;borderless;8;https://agenciasus.org.br/wp-content/uploads/2025/02/Edital_n_03-2025-DSEI_Alto_Rio_Solimoes.pdf
DSEI Alto Rio Solimões;AM;03/2025;Assistente Administrativo;9;;;;;;;;;;borderless;8;https://agenciasus.org.br/wp-content/uploads/2025/02/Edital_n_03-2025-DSEI_Alto_Rio_Solimoes.pdf
DSEI Alto Rio Solimões;AM;03/2025;Analista Especializado de Saúde Indígena;CR;;;;;;;;;;borderless;8;https://agenciasus.org.br/wp-content/uploads/2025/02/Edital_n_03-2025-DSEI_Alto_Rio_Solimoes.pdf
DSEI Alto Rio Solimões;AM;03/2025;Auxiliar Administrativo;2;;;;;;;;;;borderless;8;https://agenciasus.org.br/wp-content/uploads/2025/02/Edital_n_03-2025-DSEI_Alto_Rio_Solimoes.pdf
DSEI Alto Rio Solimões;AM;03/2025;Antropólogo;CR;;;;;;;;;;borderless;8;https://agenciasus.org.br/wp-content/uploads/2025/02/Edital_n_03-2025-DSEI_Alto_Rio_Solimoes.pdf
DSEI Alto Rio Solimões;AM;03/2025;Apoiador Técnico de Saneamento;CR;;;;;;;;;;borderless;8;https://agenciasus.org.br/wp-content/uploads/2025/02/Edital_n_03-2025-DSEI_Alto_Rio_Solimoes.pdf
DSEI Alto Rio Solimões;AM;03/2025;Apoiador Técnico em Saúde;CR;;;;;;;;;;borderless;8;https://agenciasus.org.br/wp-content/uploads/2025/02/Edital_n_03-2025-DSEI_Alto_Rio_Solimoes.pdf
DSEI Alto Rio Solimões;AM;03/2025;Arquiteto e Urbanista;CR;;;;;;;;;;borderless;8;https://agenciasus.org.br/wp-content/uploads/2025/02/Edital_n_03-2025-DSEI_Alto_Rio_Solimoes.pdf
DSEI Alto Rio Solimões;AM;03/2025;Assistente Social;CR;;;;;;;;;;borderless;8;https://agenciasus.org.br/wp-content/uploads/2025/02/Edital_n_03-2025-DSEI_Alto_Rio_Solimoes.pdf
DSEI Alto Rio Solimões;AM;03/2025;Biólogo;CR;;;;;;;;;;borderless;8;https://agenciasus.org.br/wp-content/uploads/2025/02/Edital_n_03-2025-DSEI_Alto_Rio_Solimoes.pdf
DSEI Alto Rio Solimões;AM;03/2025;Auxiliar de Saúde Bucal (ASB);CR;;;;;;;;;;borderless;8;https://agenciasus.org.br/wp-content/uploads/2025/02/Edital_n_03-2025-DSEI_Alto_Rio_Solimoes.pdf
DSEI Alto Rio Solimões;AM;03/2025;Enfermeiro;5;;;;;;;;;;borderless;8;https://agenciasus.org.br/wp-content/uploads/2025/02/Edital_n_03-2025-DSEI_Alto_Rio_Solimoes.pdf
DSEI Alto Rio Solimões;AM;03/2025;Técnico de Edificações;CR;;;;;;;;;;borderless;8;https://agenciasus.org.br/wp-content/uploads/2025/02/Edital_n_03-2025-DSEI_Alto_Rio_Solimoes.pdf
DSEI Alto Rio Solimões;AM;03/2025;Engenheiro Civil;CR;;;;;;;;;;borderless;8;https://agenciasus.org.br/wp-content/uploads/2025/02/Edital_n_03-2025-DSEI_Alto_Rio_Solimoes.pdf
DSEI Alto Rio Solimões;AM;03/2025;Técnico de Enfermagem;8;;;;;;;;;;borderless;8;https://agenciasus.org.br/wp-content/uploads/2025/02/Edital_n_03-2025-DSEI_Alto_Rio_Solimoes.pdf
DSEI Alto Rio Solimões;AM;03/2025;Engenheiro Eletricista;CR;;;;;;;;;;borderless;8;https://agenciasus.org.br/wp-content/uploads/2025/02/Edital_n_03-2025-DSEI_Alto_Rio_Solimoes.pdf
DSEI Alto Rio Solimões;AM;03/2025;Técnico de Laboratório;CR;;;;;;;;;;borderless;8;https://agenciasus.org.br/wp-content/uploads/2025/02/Edital_n_03-2025-DSEI_Alto_Rio_Solimoes.pdf
DSEI Alto Rio Solimões;AM;03/2025;Engenheiro Sanitarista;CR;;;;;;;;;;borderless;8;https://agenciasus.org.br/wp-content/uploads/2025/02/Edital_n_03-2025-DSEI_Alto_Rio_Solimoes.pdf
DSEI Alto Rio Solimões;AM;03/2025;Técnico de Saúde Bucal (TSB);CR;;;;;;;;;;borderless;8;https://agenciasus.org.br/wp-content/uploads/2025/02/Edital_n_03-2025-DSEI_Alto_Rio_Solimoes.pdf
DSEI Alto Rio Solimões;AM;03/2025;Farmacêutico;CR;;;;;;;;;;borderless;8;https://agenciasus.org.br/wp-content/uploads/2025/02/Edital_n_03-2025-DSEI_Alto_Rio_Solimoes.pdf
DSEI Alto Rio Solimões;AM;03/2025;Técnico Eletrotécnico;1;;;;;;;;;;borderless;8;https://agenciasus.org.br/wp-content/uploads/2025/02/Edital_n_03-2025-DSEI_Alto_Rio_Solimoes.pdf
DSEI Alto Rio Solimões;AM;03/2025;Fisioterapeuta;CR;;;;;;;;;;borderless;8;https://agenciasus.org.br/wp-content/uploads/2025/02/Edital_n_03-2025-DSEI_Alto_Rio_Solimoes.pdf
DSEI Alto Rio Solimões;AM;03/2025;Geólogo;CR;;;;;;;;;;borderless;8;https://agenciasus.org.br/wp-content/uploads/2025/02/Edital_n_03-2025-DSEI_Alto_Rio_Solimoes.pdf
DSEI Alto Rio Solimões;AM;03/2025;Técnico em Nutrição Dietética;CR;;;;;;;;;;borderless;8;https://agenciasus.org.br/wp-content/uploads/2025/02/Edital_n_03-2025-DSEI_Alto_Rio_Solimoes.pdf
DSEI Alto Rio Solimões;AM;03/2025;Médico Veterinário;CR;;;;;;;;;;borderless;8;https://agenciasus.org.br/wp-content/uploads/2025/02/Edital_n_03-2025-DSEI_Alto_Rio_Solimoes.pdf
DSEI Alto Rio Solimões;AM;03/2025;Nutricionista;CR;;;;;;;;;;borderless;8;https://agenciasus.org.br/wp-content/uploads/2025/02/Edital_n_03-2025-DSEI_Alto_Rio_Solimoes.pdf
DSEI Alto Rio Solimões;AM;03/2025;Pedagogo;CR;;;;;;;;;;borderless;8;https://agenciasus.org.br/wp-content/uploads/2025/02/Edital_n_03-2025-DSEI_Alto_Rio_Solimoes.pdf
DSEI Alto Rio Solimões;AM;03/2025;Psicólogo;2;;;;;;;;;;borderless;8;https://agenciasus.org.br/wp-content/uploads/2025/02/Edital_n_03-2025-DSEI_Alto_Rio_Solimoes.pdf
DSEI Alto Rio Solimões;AM;03/2025;Químico;CR;;;;;;;;;;borderless;8;https://agenciasus.org.br/wp-content/uploads/2025/02/Edital_n_03-2025-DSEI_Alto_Rio_Solimoes.pdf
DSEI Alto Rio Solimões;AM;03/2025;Supervisor de Saúde Ambiental;CR;;;;;;;;;;borderless;8;https://agenciasus.org.br/wp-content/uploads/2025/02/Edital_n_03-2025-DSEI_Alto_Rio_Solimoes.pdf
DSEI Alto Rio Solimões;AM;03/2025;Terapeuta Ocupacional;CR;;;;;;;;;;borderless;8;https://agenciasus.org.br/wp-content/uploads/2025/02/Edital_n_03-2025-DSEI_Alto_Rio_Solimoes.pdf
DSEI Bahia;BA;95/2025;Assistente Social;;1 + CR;-;;;;-;1 + CR;Sede DSEI;;bordered;2;https://agenciasus.org.br/shared-files/20125/?Edital-no-95-2-ANEXOS-DSEI-Bahia.pdf
DSEI Bahia;BA;95/2025;Cirurgião Dentista (40h);;1 + CR;-;;;;-;1 + CR;PB Porto Seguro;;bordered;2;https://agenciasus.org.br/shared-files/20125/?Edital-no-95-2-ANEXOS-DSEI-Bahia.pdf
DSEI Bahia;BA;95/2025;Enfermeiro;;1 + CR;-;;;;-;1 + CR;PB Pau Brasil;;bordered;2;https://agenciasus.org.br/shared-files/20125/?Edital-no-95-2-ANEXOS-DSEI-Bahia.pdf
DSEI Bahia;BA;95/2025;Supervisor de Saúde Ambiental;;1 + CR;-;;;;-;1 + CR;Sede DSEI;;bordered;2;https://agenciasus.org.br/shared-files/20125/?Edital-no-95-2-ANEXOS-DSEI-Bahia.pdf
DSEI Bahia;BA;95/2025;Técnico de Enfermagem;;1+ CR;-;;;;-;1+ CR;PB Euclides Cunha;;bordered;2;https://agenciasus.org.br/shared-files/20125/?Edital-no-95-2-ANEXOS-DSEI-Bahia.pdf
DSEI Bahia;BA;95/2025;Técnico de Saúde Bucal (TSB);;1 + CR;-;;;;-;1 + CR;PB Itamaraju;;bordered;2;https://agenciasus.org.br/shared-files/20125/?Edital-no-95-2-ANEXOS-DSEI-Bahia.pdf
DSEI Bahia;BA;95/2025;Técnico Eletrotécnico;;1 + CR;-;;;;-;1 + CR;PB Ilhéus;;bordered;2;https://agenciasus.org.br/shared-files/20125/?Edital-no-95-2-ANEXOS-DSEI-Bahia.pdf
DSEI Ceará;CE;72/2025;Cirurgião Dentista (40h);;CR;;;;;-;CR;Abrangência DSEI/CE Polos Base do Estado do Ceará.;;bordered;2;https://agenciasus.org.br/shared-files/18612/?ANEXOS-DSEI-CEARA.pdf
DSEI Ceará;CE;72/2025;Enfermeiro;;1 + CR;;;;;-;1 + CR;PB Anacé/Caucaia;;bordered;2;https://agenciasus.org.br/shared-files/18612/?ANEXOS-DSEI-CEARA.pdf
DSEI Ceará;CE;72/2025;Auxiliar de Saúde Bucal (ASB);;1 + CR;;;;;-;1 + CR;PB Aratuba;;bordered;2;https://agenciasus.org.br/shared-files/18612/?ANEXOS-DSEI-CEARA.pdf
DSEI Ceará;CE;72/2025;Técnico de Enfermagem;;1 + CR;;;;;-;1 + CR;PB Crateús Quiterianópolis Quiterianópolis/Novo Oriente/Crateús;;bordered;2;https://agenciasus.org.br/shared-files/18612/?ANEXOS-DSEI-CEARA.pdf
DSEI Cuiabá;MT;03/2025;Analista Técnico de Saúde Indígena;3;;;;;;;;;;borderless;8;https://agenciasus.org.br/wp-content/uploads/2025/02/Edital_n_05-2025-DSEICuiaba.pdf
DSEI Cuiabá;MT;03/2025;Assistente Administrativo;7;;;;;;;;;;borderless;8;https://agenciasus.org.br/wp-content/uploads/2025/02/Edital_n_05-2025-DSEICuiaba.pdf
DSEI Cuiabá;MT;03/2025;Analista Especializado de Saúde Indígena;CR;;;;;;;;;;borderless;8;https://agenciasus.org.br/wp-content/uploads/2025/02/Edital_n_05-2025-DSEICuiaba.pdf
DSEI Cuiabá;MT;03/2025;Auxiliar Administrativo;CR;;;;;;;;;;borderless;8;https://agenciasus.org.br/wp-content/uploads/2025/02/Edital_n_05-2025-DSEICuiaba.pdf
DSEI Cuiabá;MT;03/2025;Antropólogo;CR;;;;;;;;;;borderless;8;https://agenciasus.org.br/wp-content/uploads/2025/02/Edital_n_05-2025-DSEICuiaba.pdf
DSEI Cuiabá;MT;03/2025;Apoiador Técnico de Saneamento;CR;;;;;;;;;;borderless;8;https://agenciasus.org.br/wp-content/uploads/2025/02/Edital_n_05-2025-DSEICuiaba.pdf
DSEI Cuiabá;MT;03/2025;Apoiador Técnico em Saúde;CR;;;;;;;;;;borderless;8;https://agenciasus.org.br/wp-content/uploads/2025/02/Edital_n_05-2025-DSEICuiaba.pdf
DSEI Cuiabá;MT;03/2025;Arquiteto e Urbanista;CR;;;;;;;;;;borderless;8;https://agenciasus.org.br/wp-content/uploads/2025/02/Edital_n_05-2025-DSEICuiaba.pdf
DSEI Cuiabá;MT;03/2025;Assistente Social;CR;;;;;;;;;;borderless;8;https://agenciasus.org.br/wp-content/uploads/2025/02/Edital_n_05-2025-DSEICuiaba.pdf
DSEI Cuiabá;MT;03/2025;Biólogo;CR;;;;;;;;;;borderless;8;https://agenciasus.org.br/wp-content/uploads/2025/02/Edital_n_05-2025-DSEICuiaba.pdf
DSEI Cuiabá;MT;03/2025;Auxiliar de Saúde Bucal (ASB);1;;;;;;;;;;borderless;8;https://agenciasus.org.br/wp-content/uploads/2025/02/Edital_n_05-2025-DSEICuiaba.pdf
DSEI Cuiabá;MT;03/2025;Enfermeiro;2;;;;;;;;;;borderless;8;https://agenciasus.org.br/wp-content/uploads/2025/02/Edital_n_05-2025-DSEICuiaba.pdf
DSEI Cuiabá;MT;03/2025;Técnico de Edificações;1;;;;;;;;;;borderless;8;https://agenciasus.org.br/wp-content/uploads/2025/02/Edital_n_05-2025-DSEICuiaba.pdf
DSEI Cuiabá;MT;03/2025;Engenheiro Civil;CR;;;;;;;;;;borderless;8;https://agenciasus.org.br/wp-content/uploads/2025/02/Edital_n_05-2025-DSEICuiaba.pdf
DSEI Cuiabá;MT;03/2025;Técnico de Enfermagem;11;;;;;;;;;;borderless;8;https://agenciasus.org.br/wp-content/uploads/2025/02/Edital_n_05-2025-DSEICuiaba.pdf
DSEI Cuiabá;MT;03/2025;Engenheiro Eletricista;CR;;;;;;;;;;borderless;8;https://agenciasus.org.br/wp-content/uploads/2025/02/Edital_n_05-2025-DSEICuiaba.pdf
DSEI Cuiabá;MT;03/2025;Técnico de Laboratório;CR;;;;;;;;;;borderless;8;https://agenciasus.org.br/wp-content/uploads/2025/02/Edital_n_05-2025-DSEICuiaba.pdf
DSEI Cuiabá;MT;03/2025;Engenheiro Sanitarista;CR;;;;;;;;;;borderless;8;https://agenciasus.org.br/wp-content/uploads/2025/02/Edital_n_05-2025-DSEICuiaba.pdf
DSEI Cuiabá;MT;03/2025;Técnico de Saúde Bucal (TSB);CR;;;;;;;;;;borderless;8;https://agenciasus.org.br/wp-content/uploads/2025/02/Edital_n_05-2025-DSEICuiaba.pdf
DSEI Cuiabá;MT;03/2025;Farmacêutico;CR;;;;;;;;;;borderless;8;https://agenciasus.org.br/wp-content/uploads/2025/02/Edital_n_05-2025-DSEICuiaba.pdf
DSEI Cuiabá;MT;03/2025;Técnico Eletrotécnico;CR;;;;;;;;;;borderless;8;https://agenciasus.org.br/wp-content/uploads/2025/02/Edital_n_05-2025-DSEICuiaba.pdf
DSEI Cuiabá;MT;03/2025;Fisioterapeuta;CR;;;;;;;;;;borderless;8;https://agenciasus.org.br/wp-content/uploads/2025/02/Edital_n_05-2025-DSEICuiaba.pdf
DSEI Cuiabá;MT;03/2025;Geólogo;CR;;;;;;;;;;borderless;8;https://agenciasus.org.br/wp-content/uploads/2025/02/Edital_n_05-2025-DSEICuiaba.pdf
DSEI Cuiabá;MT;03/2025;Técnico em Nutrição Dietética;CR;;;;;;;;;;borderless;8;https://agenciasus.org.br/wp-content/uploads/2025/02/Edital_n_05-2025-DSEICuiaba.pdf
DSEI Cuiabá;MT;03/2025;Médico Veterinário;CR;;;;;;;;;;borderless;8;https://agenciasus.org.br/wp-content/uploads/2025/02/Edital_n_05-2025-DSEICuiaba.pdf
DSEI Cuiabá;MT;03/2025;Nutricionista;CR;;;;;;;;;;borderless;8;https://agenciasus.org.br/wp-content/uploads/2025/02/Edital_n_05-2025-DSEICuiaba.pdf
DSEI Cuiabá;MT;03/2025;Pedagogo;CR;;;;;;;;;;borderless;8;https://agenciasus.org.br/wp-content/uploads/2025/02/Edital_n_05-2025-DSEICuiaba.pdf
DSEI Cuiabá;MT;03/2025;Psicólogo;CR;;;;;;;;;;borderless;8;https://agenciasus.org.br/wp-content/uploads/2025/02/Edital_n_05-2025-DSEICuiaba.pdf
DSEI Cuiabá;MT;03/2025;Químico;CR;;;;;;;;;;borderless;8;https://agenciasus.org.br/wp-content/uploads/2025/02/Edital_n_05-2025-DSEICuiaba.pdf
DSEI Cuiabá;MT;03/2025;Supervisor de Saúde Ambiental;1;;;;;;;;;;borderless;8;https://agenciasus.org.br/wp-content/uploads/2025/02/Edital_n_05-2025-DSEICuiaba.pdf
DSEI Cuiabá;MT;03/2025;Terapeuta Ocupacional;CR;;;;;;;;;;borderless;8;https://agenciasus.org.br/wp-content/uploads/2025/02/Edital_n_05-2025-DSEICuiaba.pdf
DSEI Interior Sul;SC;83/2025;Analista Técnico de Saúde Indígena;;CR;-;;;;-;CR;Sede DSEI/ISUL;;bordered;2;https://agenciasus.org.br/shared-files/20134/?Edital%20nº%2083%20–%202%20–%20ANEXOS.pdf
DSEI Interior Sul;SC;83/2025;Antropólogo;;01 + CR;-;;;;-;01 + CR;Sede DSEI/ISUL;;bordered;2;https://agenciasus.org.br/shared-files/20134/?Edital%20nº%2083%20–%202%20–%20ANEXOS.pdf
DSEI Interior Sul;SC;83/2025;Apoiador Técnico em Saúde;;CR;-;;;;-;CR;Sede DSEI/ISUL;;bordered;2;https://agenciasus.org.br/shared-files/20134/?Edital%20nº%2083%20–%202%20–%20ANEXOS.pdf
DSEI Interior Sul;SC;83/2025;Apoiador Técnico de Saneamento;;CR;-;;;;-;CR;Sede DSEI/ISUL;;bordered;2;https://agenciasus.org.br/shared-files/20134/?Edital%20nº%2083%20–%202%20–%20ANEXOS.pdf
DSEI Interior Sul;SC;83/2025;Cirurgião Dentista (40h);;01 + CR;-;;;;-;01 + CR;Polo Base Osório;;bordered;2;https://agenciasus.org.br/shared-files/20134/?Edital%20nº%2083%20–%202%20–%20ANEXOS.pdf
DSEI Interior Sul;SC;83/2025;Enfermeiro;;01 + CR;-;;;;-;05 + CR;Polo Base Florianópolis;;bordered;2;https://agenciasus.org.br/shared-files/20134/?Edital%20nº%2083%20–%202%20–%20ANEXOS.pdf
DSEI Interior Sul;SC;83/2025;Engenheiro Civil;;CR;-;;;;-;CR;Sede DSEI/ISUL;;bordered;2;https://agenciasus.org.br/shared-files/20134/?Edital%20nº%2083%20–%202%20–%20ANEXOS.pdf
DSEI Interior Sul;SC;83/2025;Engenheiro Sanitarista;;CR;-;;;;-;CR;Sede DSEI/ISUL;;bordered;2;https://agenciasus.org.br/shared-files/20134/?Edital%20nº%2083%20–%202%20–%20ANEXOS.pdf
DSEI Interior Sul;SC;83/2025;Farmacêutico;;01 + CR;-;;;;-;02 + CR;Polo Base José Boiteux;;bordered;2;https://agenciasus.org.br/shared-files/20134/?Edital%20nº%2083%20–%202%20–%20ANEXOS.pdf
DSEI Kaiapó do Pará;PA;06/2025;Analista Técnico de Saúde Indígena;3;;;;;;;;;;borderless;8;https://agenciasus.org.br/wp-content/uploads/2025/02/Edital_n_06-2025-DSEI_Kaiapo_do_Para.pdf
DSEI Kaiapó do Pará;PA;06/2025;Assistente Administrativo;8;;;;;;;;;;borderless;8;https://agenciasus.org.br/wp-content/uploads/2025/02/Edital_n_06-2025-DSEI_Kaiapo_do_Para.pdf
DSEI Kaiapó do Pará;PA;06/2025;Analista Especializado de Saúde Indígena;CR;;;;;;;;;;borderless;8;https://agenciasus.org.br/wp-content/uploads/2025/02/Edital_n_06-2025-DSEI_Kaiapo_do_Para.pdf
DSEI Kaiapó do Pará;PA;06/2025;Auxiliar Administrativo;CR;;;;;;;;;;borderless;8;https://agenciasus.org.br/wp-content/uploads/2025/02/Edital_n_06-2025-DSEI_Kaiapo_do_Para.pdf
DSEI Kaiapó do Pará;PA;06/2025;Antropólogo;CR;;;;;;;;;;borderless;8;https://agenciasus.org.br/wp-content/uploads/2025/02/Edital_n_06-2025-DSEI_Kaiapo_do_Para.pdf
DSEI Kaiapó do Pará;PA;06/2025;Apoiador Técnico de Saneamento;CR;;;;;;;;;;borderless;8;https://agenciasus.org.br/wp-content/uploads/2025/02/Edital_n_06-2025-DSEI_Kaiapo_do_Para.pdf
DSEI Kaiapó do Pará;PA;06/2025;Apoiador Técnico em Saúde;1;;;;;;;;;;borderless;8;https://agenciasus.org.br/wp-content/uploads/2025/02/Edital_n_06-2025-DSEI_Kaiapo_do_Para.pdf
DSEI Kaiapó do Pará;PA;06/2025;Arquiteto e Urbanista;CR;;;;;;;;;;borderless;8;https://agenciasus.org.br/wp-content/uploads/2025/02/Edital_n_06-2025-DSEI_Kaiapo_do_Para.pdf
DSEI Kaiapó do Pará;PA;06/2025;Assistente Social;CR;;;;;;;;;;borderless;8;https://agenciasus.org.br/wp-content/uploads/2025/02/Edital_n_06-2025-DSEI_Kaiapo_do_Para.pdf
DSEI Kaiapó do Pará;PA;06/2025;Biólogo;CR;;;;;;;;;;borderless;8;https://agenciasus.org.br/wp-content/uploads/2025/02/Edital_n_06-2025-DSEI_Kaiapo_do_Para.pdf
DSEI Kaiapó do Pará;PA;06/2025;Auxiliar de Saúde Bucal (ASB);CR;;;;;;;;;;borderless;8;https://agenciasus.org.br/wp-content/uploads/2025/02/Edital_n_06-2025-DSEI_Kaiapo_do_Para.pdf
DSEI Kaiapó do Pará;PA;06/2025;Enfermeiro;4;;;;;;;;;;borderless;8;https://agenciasus.org.br/wp-content/uploads/2025/02/Edital_n_06-2025-DSEI_Kaiapo_do_Para.pdf
DSEI Kaiapó do Pará;PA;06/2025;Técnico de Edificações;CR;;;;;;;;;;borderless;8;https://agenciasus.org.br/wp-content/uploads/2025/02/Edital_n_06-2025-DSEI_Kaiapo_do_Para.pdf
DSEI Kaiapó do Pará;PA;06/2025;Engenheiro Civil;CR;;;;;;;;;;borderless;8;https://agenciasus.org.br/wp-content/uploads/2025/02/Edital_n_06-2025-DSEI_Kaiapo_do_Para.pdf
DSEI Kaiapó do Pará;PA;06/2025;Técnico de Enfermagem;11;;;;;;;;;;borderless;8;https://agenciasus.org.br/wp-content/uploads/2025/02/Edital_n_06-2025-DSEI_Kaiapo_do_Para.pdf
DSEI Kaiapó do Pará;PA;06/2025;Engenheiro Eletricista;CR;;;;;;;;;;borderless;8;https://agenciasus.org.br/wp-content/uploads/2025/02/Edital_n_06-2025-DSEI_Kaiapo_do_Para.pdf
DSEI Kaiapó do Pará;PA;06/2025;Técnico de Laboratório;CR;;;;;;;;;;borderless;8;https://agenciasus.org.br/wp-content/uploads/2025/02/Edital_n_06-2025-DSEI_Kaiapo_do_Para.pdf
DSEI Kaiapó do Pará;PA;06/2025;Engenheiro Sanitarista;CR;;;;;;;;;;borderless;8;https://agenciasus.org.br/wp-content/uploads/2025/02/Edital_n_06-2025-DSEI_Kaiapo_do_Para.pdf
DSEI Kaiapó do Pará;PA;06/2025;Técnico de Saúde Bucal (TSB);CR;;;;;;;;;;borderless;8;https://agenciasus.org.br/wp-content/uploads/2025/02/Edital_n_06-2025-DSEI_Kaiapo_do_Para.pdf
DSEI Kaiapó do Pará;PA;06/2025;Farmacêutico;1;;;;;;;;;;borderless;8;https://agenciasus.org.br/wp-content/uploads/2025/02/Edital_n_06-2025-DSEI_Kaiapo_do_Para.pdf
DSEI Kaiapó do Pará;PA;06/2025;Técnico Eletrotécnico;CR;;;;;;;;;;borderless;8;https://agenciasus.org.br/wp-content/uploads/2025/02/Edital_n_06-2025-DSEI_Kaiapo_do_Para.pdf
DSEI Kaiapó do Pará;PA;06/2025;Fisioterapeuta;CR;;;;;;;;;;borderless;8;https://agenciasus.org.br/wp-content/uploads/2025/02/Edital_n_06-2025-DSEI_Kaiapo_do_Para.pdf
DSEI Kaiapó do Pará;PA;06/2025;Geólogo;1;;;;;;;;;;borderless;8;https://agenciasus.org.br/wp-content/uploads/2025/02/Edital_n_06-2025-DSEI_Kaiapo_do_Para.pdf
DSEI Kaiapó do Pará;PA;06/2025;Técnico em Nutrição Dietética;CR;;;;;;;;;;borderless;8;https://agenciasus.org.br/wp-content/uploads/2025/02/Edital_n_06-2025-DSEI_Kaiapo_do_Para.pdf
DSEI Kaiapó do Pará;PA;06/2025;Médico Veterinário;CR;;;;;;;;;;borderless;8;https://agenciasus.org.br/wp-content/uploads/2025/02/Edital_n_06-2025-DSEI_Kaiapo_do_Para.pdf
DSEI Kaiapó do Pará;PA;06/2025;Nutricionista;2;;;;;;;;;;borderless;8;https://agenciasus.org.br/wp-content/uploads/2025/02/Edital_n_06-2025-DSEI_Kaiapo_do_Para.pdf
DSEI Kaiapó do Pará;PA;06/2025;Pedagogo;CR;;;;;;;;;;borderless;8;https://agenciasus.org.br/wp-content/uploads/2025/02/Edital_n_06-2025-DSEI_Kaiapo_do_Para.pdf
DSEI Kaiapó do Pará;PA;06/2025;Psicólogo;CR;;;;;;;;;;borderless;8;https://agenciasus.org.br/wp-content/uploads/2025/02/Edital_n_06-2025-DSEI_Kaiapo_do_Para.pdf
DSEI Kaiapó do Pará;PA;06/2025;Químico;CR;;;;;;;;;;borderless;8;https://agenciasus.org.br/wp-content/uploads/2025/02/Edital_n_06-2025-DSEI_Kaiapo_do_Para.pdf
DSEI Kaiapó do Pará;PA;06/2025;Supervisor de Saúde Ambiental;CR;;;;;;;;;;borderless;8;https://agenciasus.org.br/wp-content/uploads/2025/02/Edital_n_06-2025-DSEI_Kaiapo_do_Para.pdf
DSEI Kaiapó do Pará;PA;06/2025;Terapeuta Ocupacional;CR;;;;;;;;;;borderless;8;https://agenciasus.org.br/wp-content/uploads/2025/02/Edital_n_06-2025-DSEI_Kaiapo_do_Para.pdf
DSEI Manaus;AM;70/2025;Quadra;1;;;;;;;;;;borderless;2;https://agenciasus.org.br/shared-files/18605/?ANEXOS-DSEI-MANAUS.pdf
DSEI Manaus;AM;70/2025;Apoiador Técnico de Saneamento;CR;;;;;;;;;;borderless;2;https://agenciasus.org.br/shared-files/18605/?ANEXOS-DSEI-MANAUS.pdf
DSEI Manaus;AM;70/2025;Apoiador Técnico em Saúde;CR;;;;;;;;;;borderless;2;https://agenciasus.org.br/shared-files/18605/?ANEXOS-DSEI-MANAUS.pdf
DSEI Manaus;AM;70/2025;Assistente Social;CR;;;;;;;;;;borderless;2;https://agenciasus.org.br/shared-files/18605/?ANEXOS-DSEI-MANAUS.pdf
DSEI Manaus;AM;70/2025;Enfermeiro;CR;;;;;;;;;;borderless;2;https://agenciasus.org.br/shared-files/18605/?ANEXOS-DSEI-MANAUS.pdf
DSEI Manaus;AM;70/2025;Engenheiro Civil;CR;;;;;;;;;;borderless;2;https://agenciasus.org.br/shared-files/18605/?ANEXOS-DSEI-MANAUS.pdf
DSEI Manaus;AM;70/2025;Farmacêutico;CR;;;;;;;;;;borderless;2;https://agenciasus.org.br/shared-files/18605/?ANEXOS-DSEI-MANAUS.pdf
DSEI Manaus;AM;70/2025;Fisioterapeuta;CR;;;;;;;;;;borderless;2;https://agenciasus.org.br/shared-files/18605/?ANEXOS-DSEI-MANAUS.pdf
DSEI Manaus;AM;70/2025;Nutricionista;CR;;;;;;;;;;borderless;2;https://agenciasus.org.br/shared-files/18605/?ANEXOS-DSEI-MANAUS.pdf
DSEI Manaus;AM;70/2025;Psicólogo;CR;;;;;;;;;;borderless;2;https://agenciasus.org.br/shared-files/18605/?ANEXOS-DSEI-MANAUS.pdf
DSEI Manaus;AM;70/2025;Supervisor de Saúde Ambiental;CR;;;;;;;;;;borderless;2;https://agenciasus.org.br/shared-files/18605/?ANEXOS-DSEI-MANAUS.pdf
DSEI Manaus;AM;70/2025;Auxiliar Administrativo;CR;;;;;;;;;;borderless;2;https://agenciasus.org.br/shared-files/18605/?ANEXOS-DSEI-MANAUS.pdf
DSEI Manaus;AM;70/2025;Auxiliar de Saúde Bucal (ASB);CR;;;;;;;;;;borderless;2;https://agenciasus.org.br/shared-files/18605/?ANEXOS-DSEI-MANAUS.pdf
DSEI Manaus;AM;70/2025;Técnico de Edificações;CR;;;;;;;;;;borderless;2;https://agenciasus.org.br/shared-files/18605/?ANEXOS-DSEI-MANAUS.pdf
DSEI Manaus;AM;70/2025;Técnico de Enfermagem;CR;;;;;;;;;;borderless;2;https://agenciasus.org.br/shared-files/18605/?ANEXOS-DSEI-MANAUS.pdf
DSEI Manaus;AM;70/2025;Técnico de Laboratório;CR;;;;;;;;;;borderless;2;https://agenciasus.org.br/shared-files/18605/?ANEXOS-DSEI-MANAUS.pdf
DSEI Manaus;AM;70/2025;Técnico Eletrotécnico;CR;;;;;;;;;;borderless;2;https://agenciasus.org.br/shared-files/18605/?ANEXOS-DSEI-MANAUS.pdf
DSEI Mato Grosso do Sul;MS;65/2025;Quadra;1;;;;;;;;;;borderless;2;https://agenciasus.org.br/shared-files/18168/?Edital-no-65-Anexos-DSEI-Mato-Grosso-do-Sul.pdf
DSEI Mato Grosso do Sul;MS;65/2025;ASSISTENTE SOCIAL;CR;;;;;;;;;;borderless;2;https://agenciasus.org.br/shared-files/18168/?Edital-no-65-Anexos-DSEI-Mato-Grosso-do-Sul.pdf
DSEI Médio Rio Purus;AM;06/2026;Agente de Combate a Endemias (ACE);;CR;CR;;;;CR;;;;bordered;2;https://agenciasus.org.br/shared-files/25541/?Anexos-do-Edital-de-Processo-Seletivo-Simplificado-No-062026-–-DSEI-Medio-Rio-Purus-Anexos-I-a-X.pdf
DSEI Médio Rio Purus;AM;06/2026;Analista Técnico de Saúde Indígena;;CR;CR;;;;CR;;;;bordered;2;https://agenciasus.org.br/shared-files/25541/?Anexos-do-Edital-de-Processo-Seletivo-Simplificado-No-062026-–-DSEI-Medio-Rio-Purus-Anexos-I-a-X.pdf
DSEI Médio Rio Purus;AM;06/2026;Apoiador Técnico de Saneamento;;CR;CR;;;;CR;;;;bordered;2;https://agenciasus.org.br/shared-files/25541/?Anexos-do-Edital-de-Processo-Seletivo-Simplificado-No-062026-–-DSEI-Medio-Rio-Purus-Anexos-I-a-X.pdf
DSEI Médio Rio Purus;AM;06/2026;Apoiador Técnico em Saúde;;CR;CR;;;;CR;;;;bordered;2;https://agenciasus.org.br/shared-files/25541/?Anexos-do-Edital-de-Processo-Seletivo-Simplificado-No-062026-–-DSEI-Medio-Rio-Purus-Anexos-I-a-X.pdf
DSEI Médio Rio Purus;AM;06/2026;Assistente Administrativo;;CR;CR;;;;CR;;;;bordered;2;https://agenciasus.org.br/shared-files/25541/?Anexos-do-Edital-de-Processo-Seletivo-Simplificado-No-062026-–-DSEI-Medio-Rio-Purus-Anexos-I-a-X.pdf
DSEI Médio Rio Purus;AM;06/2026;Assistente Social 30h;;CR;CR;;;;CR;;;;bordered;2;https://agenciasus.org.br/shared-files/25541/?Anexos-do-Edital-de-Processo-Seletivo-Simplificado-No-062026-–-DSEI-Medio-Rio-Purus-Anexos-I-a-X.pdf
DSEI Médio Rio Purus;AM;06/2026;Auxiliar Administrativo;;CR;CR;;;;CR;;;;bordered;2;https://agenciasus.org.br/shared-files/25541/?Anexos-do-Edital-de-Processo-Seletivo-Simplificado-No-062026-–-DSEI-Medio-Rio-Purus-Anexos-I-a-X.pdf
DSEI Médio Rio Purus;AM;06/2026;Cirurgião Dentista 40h;;CR;CR;;;;CR;;;;bordered;2;https://agenciasus.org.br/shared-files/25541/?Anexos-do-Edital-de-Processo-Seletivo-Simplificado-No-062026-–-DSEI-Medio-Rio-Purus-Anexos-I-a-X.pdf
DSEI Médio Rio Purus;AM;06/2026;Enfermeiro;;CR;CR;;;;CR;;;;bordered;2;https://agenciasus.org.br/shared-files/25541/?Anexos-do-Edital-de-Processo-Seletivo-Simplificado-No-062026-–-DSEI-Medio-Rio-Purus-Anexos-I-a-X.pdf
DSEI Médio Rio Purus;AM;06/2026;Engenheiro Civil;;CR;CR;;;;CR;;;;bordered;2;https://agenciasus.org.br/shared-files/25541/?Anexos-do-Edital-de-Processo-Seletivo-Simplificado-No-062026-–-DSEI-Medio-Rio-Purus-Anexos-I-a-X.pdf
DSEI Médio Rio Purus;AM;06/2026;Farmacêutico;;CR;CR;;;;CR;;;;bordered;2;https://agenciasus.org.br/shared-files/25541/?Anexos-do-Edital-de-Processo-Seletivo-Simplificado-No-062026-–-DSEI-Medio-Rio-Purus-Anexos-I-a-X.pdf
DSEI Médio Rio Purus;AM;06/2026;Geólogo;;CR;CR;;;;CR;;;;bordered;2;https://agenciasus.org.br/shared-files/25541/?Anexos-do-Edital-de-Processo-Seletivo-Simplificado-No-062026-–-DSEI-Medio-Rio-Purus-Anexos-I-a-X.pdf
DSEI Médio Rio Purus;AM;06/2026;Nutricionista;;CR;CR;;;;CR;;;;bordered;2;https://agenciasus.org.br/shared-files/25541/?Anexos-do-Edital-de-Processo-Seletivo-Simplificado-No-062026-–-DSEI-Medio-Rio-Purus-Anexos-I-a-X.pdf
DSEI Médio Rio Purus;AM;06/2026;Psicólogo;;CR;CR;;;;CR;;;;bordered;2;https://agenciasus.org.br/shared-files/25541/?Anexos-do-Edital-de-Processo-Seletivo-Simplificado-No-062026-–-DSEI-Medio-Rio-Purus-Anexos-I-a-X.pdf
DSEI Médio Rio Purus;AM;06/2026;Supervisor de Saúde Ambiental;;CR;CR;;;;CR;;;;bordered;2;https://agenciasus.org.br/shared-files/25541/?Anexos-do-Edital-de-Processo-Seletivo-Simplificado-No-062026-–-DSEI-Medio-Rio-Purus-Anexos-I-a-X.pdf
DSEI Médio Rio Purus;AM;06/2026;Técnico de Enfermagem;;CR;CR;;;;CR;;;;bordered;2;https://agenciasus.org.br/shared-files/25541/?Anexos-do-Edital-de-Processo-Seletivo-Simplificado-No-062026-–-DSEI-Medio-Rio-Purus-Anexos-I-a-X.pdf
DSEI Médio Rio Purus;AM;06/2026;Técnico de Laboratório;;CR;CR;;;;CR;;;;bordered;2;https://agenciasus.org.br/shared-files/25541/?Anexos-do-Edital-de-Processo-Seletivo-Simplificado-No-062026-–-DSEI-Medio-Rio-Purus-Anexos-I-a-X.pdf
DSEI Médio Rio Purus;AM;06/2026;Técnico de Saúde Bucal (TSB);;CR;CR;;;;CR;;;;bordered;2;https://agenciasus.org.br/shared-files/25541/?Anexos-do-Edital-de-Processo-Seletivo-Simplificado-No-062026-–-DSEI-Medio-Rio-Purus-Anexos-I-a-X.pdf
DSEI Médio Rio Purus;AM;06/2026;Técnico Eletrotécnico;;CR;CR;;;;CR;;;;bordered;2;https://agenciasus.org.br/shared-files/25541/?Anexos-do-Edital-de-Processo-Seletivo-Simplificado-No-062026-–-DSEI-Medio-Rio-Purus-Anexos-I-a-X.pdf
DSEI Médio Rio Purus;AM;06/2026;Técnico em Saneamento e Controle Ambiental;;CR;CR;;;;CR;;;;bordered;2;https://agenciasus.org.br/shared-files/25541/?Anexos-do-Edital-de-Processo-Seletivo-Simplificado-No-062026-–-DSEI-Medio-Rio-Purus-Anexos-I-a-X.pdf
DSEI Parintins;AM;22/2026;Analista Técnico de Saúde Indígena;;1 + CR;-;;;;-;1 + CR;;;bordered;2;https://agenciasus.org.br/shared-files/26346/?Edital-No-22_2026-Anexos.pdf
DSEI Parintins;AM;22/2026;Apoiador Técnico de Saneamento;;-;-;;;;-;CR;;;bordered;2;https://agenciasus.org.br/shared-files/26346/?Edital-No-22_2026-Anexos.pdf
DSEI Parintins;AM;22/2026;Apoiador Técnico em Saúde;;-;-;;;;-;CR;;;bordered;2;https://agenciasus.org.br/shared-files/26346/?Edital-No-22_2026-Anexos.pdf
DSEI Parintins;AM;22/2026;Assistente Social;;-;-;;;;-;CR;;;bordered;2;https://agenciasus.org.br/shared-files/26346/?Edital-No-22_2026-Anexos.pdf
DSEI Parintins;AM;22/2026;Auxiliar Administrativo;;1 + CR;-;;;;-;1 + CR;;;bordered;2;https://agenciasus.org.br/shared-files/26346/?Edital-No-22_2026-Anexos.pdf
DSEI Parintins;AM;22/2026;Auxiliar de Saúde Bucal (ASB);;-;-;;;;-;CR;;;bordered;2;https://agenciasus.org.br/shared-files/26346/?Edital-No-22_2026-Anexos.pdf
DSEI Parintins;AM;22/2026;Cirurgião Dentista (40h);;-;-;;;;-;CR;;;bordered;2;https://agenciasus.org.br/shared-files/26346/?Edital-No-22_2026-Anexos.pdf
DSEI Parintins;AM;22/2026;Enfermeiro;;1 + CR;-;;;;-;1 + CR;;;bordered;2;https://agenciasus.org.br/shared-files/26346/?Edital-No-22_2026-Anexos.pdf
DSEI Parintins;AM;22/2026;Engenheiro Civil;;-;-;;;;-;CR;;;bordered;2;https://agenciasus.org.br/shared-files/26346/?Edital-No-22_2026-Anexos.pdf
DSEI Parintins;AM;22/2026;Engenheiro Sanitarista;;-;-;;;;-;CR;;;bordered;2;https://agenciasus.org.br/shared-files/26346/?Edital-No-22_2026-Anexos.pdf
DSEI Parintins;AM;22/2026;Farmacêutico;;1 + CR;-;;;;-;1 + CR;;;bordered;2;https://agenciasus.org.br/shared-files/26346/?Edital-No-22_2026-Anexos.pdf
DSEI Parintins;AM;22/2026;Nutricionista;;-;-;;;;-;CR;;;bordered;2;https://agenciasus.org.br/shared-files/26346/?Edital-No-22_2026-Anexos.pdf
DSEI Parintins;AM;22/2026;Psicólogo;;-;-;;;;-;CR;;;bordered;2;https://agenciasus.org.br/shared-files/26346/?Edital-No-22_2026-Anexos.pdf
DSEI Parintins;AM;22/2026;Sanitarista;;1 + CR;-;;;;1 + CR;2 + CR;;;bordered;2;https://agenciasus.org.br/shared-files/26346/?Edital-No-22_2026-Anexos.pdf
DSEI Parintins;AM;22/2026;Supervisor de Saúde Ambiental;;-;-;;;;-;CR;;;bordered;2;https://agenciasus.org.br/shared-files/26346/?Edital-No-22_2026-Anexos.pdf
DSEI Parintins;AM;22/2026;Técnico de Edificações;;-;-;;;;-;CR;;;bordered;2;https://agenciasus.org.br/shared-files/26346/?Edital-No-22_2026-Anexos.pdf
DSEI Parintins;AM;22/2026;Técnico de Enfermagem;;-;-;;;;-;CR;;;bordered;2;https://agenciasus.org.br/shared-files/26346/?Edital-No-22_2026-Anexos.pdf
DSEI Parintins;AM;22/2026;Técnico de Laboratório;;-;-;;;;-;CR;;;bordered;2;https://agenciasus.org.br/shared-files/26346/?Edital-No-22_2026-Anexos.pdf
DSEI Parintins;AM;22/2026;Técnico Eletrotécnico;;-;-;;;;-;CR;;;bordered;2;https://agenciasus.org.br/shared-files/26346/?Edital-No-22_2026-Anexos.pdf
DSEI Parintins;AM;22/2026;Técnico em Saneamento e Controle Ambiental;;-;-;;;;-;CR;;;bordered;2;https://agenciasus.org.br/shared-files/26346/?Edital-No-22_2026-Anexos.pdf
DSEI Pernambuco;PE;73/2025;Quadra;1;;;;;;;;;;borderless;2;https://agenciasus.org.br/shared-files/18577/?ANEXOS-DSEI-PERNAMBUCO.pdf
DSEI Pernambuco;PE;73/2025;Enfermeiro;01;;;;;;;;;;borderless;2;https://agenciasus.org.br/shared-files/18577/?ANEXOS-DSEI-PERNAMBUCO.pdf
DSEI Pernambuco;PE;73/2025;Nutricionista;01;;;;;;;;;;borderless;2;https://agenciasus.org.br/shared-files/18577/?ANEXOS-DSEI-PERNAMBUCO.pdf
DSEI Pernambuco;PE;73/2025;Psicólogo;01;;;;;;;;;;borderless;2;https://agenciasus.org.br/shared-files/18577/?ANEXOS-DSEI-PERNAMBUCO.pdf
DSEI Pernambuco;PE;73/2025;Técnico de Edificações;01;;;;;;;;;;borderless;2;https://agenciasus.org.br/shared-files/18577/?ANEXOS-DSEI-PERNAMBUCO.pdf
DSEI Pernambuco;PE;73/2025;Técnico de Enfermagem;01;;;;;;;;;;borderless;2;https://agenciasus.org.br/shared-files/18577/?ANEXOS-DSEI-PERNAMBUCO.pdf
DSEI Porto Velho;RO;18/2026;Agente de combate a endemias (ACE);;CR;CR;;;;CR;;;;bordered;2;https://agenciasus.org.br/shared-files/24921/?ANEXOS-DSEI-PORTO-VELHO.pdf
DSEI Porto Velho;RO;18/2026;Analista Técnico de Saúde Indígena;;CR;CR;;;;CR;;;;bordered;2;https://agenciasus.org.br/shared-files/24921/?ANEXOS-DSEI-PORTO-VELHO.pdf
DSEI Porto Velho;RO;18/2026;Apoiador Técnico de Saneamento;;CR;CR;;;;CR;;;;bordered;2;https://agenciasus.org.br/shared-files/24921/?ANEXOS-DSEI-PORTO-VELHO.pdf
DSEI Porto Velho;RO;18/2026;Apoiador Técnico de Saúde;;CR;CR;;;;CR;;;;bordered;2;https://agenciasus.org.br/shared-files/24921/?ANEXOS-DSEI-PORTO-VELHO.pdf
DSEI Porto Velho;RO;18/2026;Assistente Administrativo;;CR;CR;;;;CR;;;;bordered;2;https://agenciasus.org.br/shared-files/24921/?ANEXOS-DSEI-PORTO-VELHO.pdf
DSEI Porto Velho;RO;18/2026;Assistente Social 30h;;CR;CR;;;;CR;;;;bordered;2;https://agenciasus.org.br/shared-files/24921/?ANEXOS-DSEI-PORTO-VELHO.pdf
DSEI Porto Velho;RO;18/2026;Auxiliar Administrativo;;CR;CR;;;;CR;;;;bordered;2;https://agenciasus.org.br/shared-files/24921/?ANEXOS-DSEI-PORTO-VELHO.pdf
DSEI Porto Velho;RO;18/2026;Auxiliar de Saúde Bucal (ASB);;CR;CR;;;;CR;;;;bordered;2;https://agenciasus.org.br/shared-files/24921/?ANEXOS-DSEI-PORTO-VELHO.pdf
DSEI Porto Velho;RO;18/2026;Cirurgião Dentista 40h;;CR;CR;;;;CR;;;;bordered;2;https://agenciasus.org.br/shared-files/24921/?ANEXOS-DSEI-PORTO-VELHO.pdf
DSEI Porto Velho;RO;18/2026;Enfermeiro;;CR;CR;;;;CR;;;;bordered;2;https://agenciasus.org.br/shared-files/24921/?ANEXOS-DSEI-PORTO-VELHO.pdf
DSEI Porto Velho;RO;18/2026;Engenheiro Civil;;CR;CR;;;;CR;;;;bordered;2;https://agenciasus.org.br/shared-files/24921/?ANEXOS-DSEI-PORTO-VELHO.pdf
DSEI Porto Velho;RO;18/2026;Farmacêutico;;CR;CR;;;;CR;;;;bordered;2;https://agenciasus.org.br/shared-files/24921/?ANEXOS-DSEI-PORTO-VELHO.pdf
DSEI Porto Velho;RO;18/2026;Geólogo;;CR;CR;;;;CR;;;;bordered;2;https://agenciasus.org.br/shared-files/24921/?ANEXOS-DSEI-PORTO-VELHO.pdf
DSEI Porto Velho;RO;18/2026;Nutricionista;;CR;CR;;;;CR;;;;bordered;2;https://agenciasus.org.br/shared-files/24921/?ANEXOS-DSEI-PORTO-VELHO.pdf
DSEI Porto Velho;RO;18/2026;Médico 40h;;CR;CR;;;;CR;;;;bordered;2;https://agenciasus.org.br/shared-files/24921/?ANEXOS-DSEI-PORTO-VELHO.pdf
DSEI Porto Velho;RO;18/2026;Psicólogo;;CR;CR;;;;CR;;;;bordered;2;https://agenciasus.org.br/shared-files/24921/?ANEXOS-DSEI-PORTO-VELHO.pdf
DSEI Porto Velho;RO;18/2026;Supervisor de Saúde Ambiental;;CR;CR;;;;CR;;;;bordered;2;https://agenciasus.org.br/shared-files/24921/?ANEXOS-DSEI-PORTO-VELHO.pdf
DSEI Porto Velho;RO;18/2026;Técnico de Edificações;;CR;CR;;;;CR;;;;bordered;2;https://agenciasus.org.br/shared-files/24921/?ANEXOS-DSEI-PORTO-VELHO.pdf
DSEI Porto Velho;RO;18/2026;Técnico de Enfermagem;;CR;CR;;;;CR;;;;bordered;2;https://agenciasus.org.br/shared-files/24921/?ANEXOS-DSEI-PORTO-VELHO.pdf
DSEI Porto Velho;RO;18/2026;Técnico de Saúde Bucal (TSB);;CR;CR;;;;CR;;;;bordered;2;https://agenciasus.org.br/shared-files/24921/?ANEXOS-DSEI-PORTO-VELHO.pdf
DSEI Potiguara;PB;74/2025;Analista Técnico de Saúde Indígena;;01 + CR;01 + CR;;;;01 + CR;03;;;bordered;2;https://agenciasus.org.br/shared-files/18599/?ANEXOS-DSEI-POTIGUARA.pdf
DSEI Potiguara;PB;74/2025;Cirurgião Dentista (40h);;02 + CR;-;;;;01 + CR;03;;;bordered;2;https://agenciasus.org.br/shared-files/18599/?ANEXOS-DSEI-POTIGUARA.pdf
DSEI Potiguara;PB;74/2025;Enfermeiro;;01 + CR;-;;;;01 + CR;02;;;bordered;2;https://agenciasus.org.br/shared-files/18599/?ANEXOS-DSEI-POTIGUARA.pdf
DSEI Potiguara;PB;74/2025;Nutricionista;;CR;-;;;;-;CR;;;bordered;2;https://agenciasus.org.br/shared-files/18599/?ANEXOS-DSEI-POTIGUARA.pdf
DSEI Potiguara;PB;74/2025;Psicólogo;;CR;-;;;;-;CR;;;bordered;2;https://agenciasus.org.br/shared-files/18599/?ANEXOS-DSEI-POTIGUARA.pdf
DSEI Potiguara;PB;74/2025;Sanitarista;;CR;-;;;;-;CR;;;bordered;2;https://agenciasus.org.br/shared-files/18599/?ANEXOS-DSEI-POTIGUARA.pdf
DSEI Potiguara;PB;74/2025;Assistente Administrativo;;01 + CR;-;;;;01 + CR;02;;;bordered;2;https://agenciasus.org.br/shared-files/18599/?ANEXOS-DSEI-POTIGUARA.pdf
DSEI Potiguara;PB;74/2025;Técnico de Edificações;;01 + CR;-;;;;-;01;;;bordered;2;https://agenciasus.org.br/shared-files/18599/?ANEXOS-DSEI-POTIGUARA.pdf
DSEI Potiguara;PB;74/2025;Técnico de Enfermagem;;02 + CR;-;;;;-;02;;;bordered;2;https://agenciasus.org.br/shared-files/18599/?ANEXOS-DSEI-POTIGUARA.pdf
DSEI Potiguara;PB;74/2025;Técnico de Saúde Bucal (TSB);;02 + CR;-;;;;01 + CR;03;;;bordered;2;https://agenciasus.org.br/shared-files/18599/?ANEXOS-DSEI-POTIGUARA.pdf
DSEI Tocantins;TO;94/2025;Agente de combate a endemias;;1 + CR;-;-;;;;1 + CR;;;bordered;2;https://agenciasus.org.br/shared-files/19290/?ANEXOS_DSEI-TOCANTINS.pdf
DSEI Tocantins;TO;94/2025;Assistente Social;;1 + CR;-;-;;;;1 + CR;;;bordered;2;https://agenciasus.org.br/shared-files/19290/?ANEXOS_DSEI-TOCANTINS.pdf
DSEI Tocantins;TO;94/2025;Apoiador Técnico de Saneamento;;-;-;-;;;;-;;;bordered;2;https://agenciasus.org.br/shared-files/19290/?ANEXOS_DSEI-TOCANTINS.pdf
DSEI Tocantins;TO;94/2025;Apoiador Técnico em Saúde;;-;-;-;;;;-;;;bordered;2;https://agenciasus.org.br/shared-files/19290/?ANEXOS_DSEI-TOCANTINS.pdf
DSEI Tocantins;TO;94/2025;Biólogo;;-;-;-;;;;-;;;bordered;2;https://agenciasus.org.br/shared-files/19290/?ANEXOS_DSEI-TOCANTINS.pdf
DSEI Tocantins;TO;94/2025;Cirurgião Dentista (40 h);;2 + CR;-;-;;;;2 + CR;;;bordered;2;https://agenciasus.org.br/shared-files/19290/?ANEXOS_DSEI-TOCANTINS.pdf
DSEI Tocantins;TO;94/2025;Enfermeiro;;3 + CR;1;2;;;;6 + CR;;;bordered;2;https://agenciasus.org.br/shared-files/19290/?ANEXOS_DSEI-TOCANTINS.pdf
DSEI Tocantins;TO;94/2025;Engenheiro Civil;;CR;-;-;;;;CR;;;bordered;2;https://agenciasus.org.br/shared-files/19290/?ANEXOS_DSEI-TOCANTINS.pdf
DSEI Tocantins;TO;94/2025;Farmacêutico;;CR;-;-;;;;CR;;;bordered;2;https://agenciasus.org.br/shared-files/19290/?ANEXOS_DSEI-TOCANTINS.pdf
DSEI Tocantins;TO;94/2025;Fisioterapeuta;;-;-;-;;;;-;;;bordered;2;https://agenciasus.org.br/shared-files/19290/?ANEXOS_DSEI-TOCANTINS.pdf
DSEI Tocantins;TO;94/2025;Nutricionista;;1 + CR;-;-;;;;1 + CR;;;bordered;2;https://agenciasus.org.br/shared-files/19290/?ANEXOS_DSEI-TOCANTINS.pdf
DSEI Tocantins;TO;94/2025;Psicólogo;;2 + CR;1;1;;;;4 + CR;;;bordered;2;https://agenciasus.org.br/shared-files/19290/?ANEXOS_DSEI-TOCANTINS.pdf
DSEI Tocantins;TO;94/2025;Supervisor de Saúde Ambiental;;CR;-;-;;;;CR;;;bordered;2;https://agenciasus.org.br/shared-files/19290/?ANEXOS_DSEI-TOCANTINS.pdf
DSEI Tocantins;TO;94/2025;Assistente Administrativo;;1 + CR;-;-;;;;1 + CR;;;bordered;2;https://agenciasus.org.br/shared-files/19290/?ANEXOS_DSEI-TOCANTINS.pdf
DSEI Tocantins;TO;94/2025;Auxiliar Administrativo;;2 + CR;-;1;;;;3 + CR;;;bordered;2;https://agenciasus.org.br/shared-files/19290/?ANEXOS_DSEI-TOCANTINS.pdf
DSEI Tocantins;TO;94/2025;Auxiliar de Saúde Bucal (ASB);;CR;-;-;;;;CR;;;bordered;2;https://agenciasus.org.br/shared-files/19290/?ANEXOS_DSEI-TOCANTINS.pdf
DSEI Tocantins;TO;94/2025;Técnico de Edificações;;2 + CR;-;-;;;;2 + CR;;;bordered;2;https://agenciasus.org.br/shared-files/19290/?ANEXOS_DSEI-TOCANTINS.pdf
DSEI Tocantins;TO;94/2025;Técnico de Enfermagem;;2 + CR;-;1;;;;3 + CR;;;bordered;2;https://agenciasus.org.br/shared-files/19290/?ANEXOS_DSEI-TOCANTINS.pdf
DSEI Tocantins;TO;94/2025;Técnico de Saúde Bucal;;2 + CR;-;1;;;;3 + CR;;;bordered;2;https://agenciasus.org.br/shared-files/19290/?ANEXOS_DSEI-TOCANTINS.pdf
DSEI Vale do Javari;AM;09/2025;Analista Técnico de Saúde Indígena;CR;;;;;;;;;;borderless;8;https://agenciasus.org.br/wp-content/uploads/2025/02/Edital_n_09-2025-DSEI_Vale_do_Javari.pdf
DSEI Vale do Javari;AM;09/2025;Assistente Administrativo;CR;;;;;;;;;;borderless;8;https://agenciasus.org.br/wp-content/uploads/2025/02/Edital_n_09-2025-DSEI_Vale_do_Javari.pdf
DSEI Vale do Javari;AM;09/2025;Analista Especializado de Saúde Indígena;CR;;;;;;;;;;borderless;8;https://agenciasus.org.br/wp-content/uploads/2025/02/Edital_n_09-2025-DSEI_Vale_do_Javari.pdf
DSEI Vale do Javari;AM;09/2025;Auxiliar Administrativo;CR;;;;;;;;;;borderless;8;https://agenciasus.org.br/wp-content/uploads/2025/02/Edital_n_09-2025-DSEI_Vale_do_Javari.pdf
DSEI Vale do Javari;AM;09/2025;Antropólogo;CR;;;;;;;;;;borderless;8;https://agenciasus.org.br/wp-content/uploads/2025/02/Edital_n_09-2025-DSEI_Vale_do_Javari.pdf
DSEI Vale do Javari;AM;09/2025;Apoiador Técnico de Saneamento;CR;;;;;;;;;;borderless;8;https://agenciasus.org.br/wp-content/uploads/2025/02/Edital_n_09-2025-DSEI_Vale_do_Javari.pdf
DSEI Vale do Javari;AM;09/2025;Apoiador Técnico em Saúde;CR;;;;;;;;;;borderless;8;https://agenciasus.org.br/wp-content/uploads/2025/02/Edital_n_09-2025-DSEI_Vale_do_Javari.pdf
DSEI Vale do Javari;AM;09/2025;Arquiteto e Urbanista;CR;;;;;;;;;;borderless;8;https://agenciasus.org.br/wp-content/uploads/2025/02/Edital_n_09-2025-DSEI_Vale_do_Javari.pdf
DSEI Vale do Javari;AM;09/2025;Assistente Social;CR;;;;;;;;;;borderless;8;https://agenciasus.org.br/wp-content/uploads/2025/02/Edital_n_09-2025-DSEI_Vale_do_Javari.pdf
DSEI Vale do Javari;AM;09/2025;Biólogo;CR;;;;;;;;;;borderless;8;https://agenciasus.org.br/wp-content/uploads/2025/02/Edital_n_09-2025-DSEI_Vale_do_Javari.pdf
DSEI Vale do Javari;AM;09/2025;Auxiliar de Saúde Bucal (ASB);CR;;;;;;;;;;borderless;8;https://agenciasus.org.br/wp-content/uploads/2025/02/Edital_n_09-2025-DSEI_Vale_do_Javari.pdf
DSEI Vale do Javari;AM;09/2025;Enfermeiro;CR;;;;;;;;;;borderless;8;https://agenciasus.org.br/wp-content/uploads/2025/02/Edital_n_09-2025-DSEI_Vale_do_Javari.pdf
DSEI Vale do Javari;AM;09/2025;Técnico de Edificações;CR;;;;;;;;;;borderless;8;https://agenciasus.org.br/wp-content/uploads/2025/02/Edital_n_09-2025-DSEI_Vale_do_Javari.pdf
DSEI Vale do Javari;AM;09/2025;Engenheiro Civil;CR;;;;;;;;;;borderless;8;https://agenciasus.org.br/wp-content/uploads/2025/02/Edital_n_09-2025-DSEI_Vale_do_Javari.pdf
DSEI Vale do Javari;AM;09/2025;Técnico de Enfermagem;CR;;;;;;;;;;borderless;8;https://agenciasus.org.br/wp-content/uploads/2025/02/Edital_n_09-2025-DSEI_Vale_do_Javari.pdf
DSEI Vale do Javari;AM;09/2025;Engenheiro Eletricista;CR;;;;;;;;;;borderless;8;https://agenciasus.org.br/wp-content/uploads/2025/02/Edital_n_09-2025-DSEI_Vale_do_Javari.pdf
DSEI Vale do Javari;AM;09/2025;Técnico de Laboratório;CR;;;;;;;;;;borderless;8;https://agenciasus.org.br/wp-content/uploads/2025/02/Edital_n_09-2025-DSEI_Vale_do_Javari.pdf
DSEI Vale do Javari;AM;09/2025;Engenheiro Sanitarista;CR;;;;;;;;;;borderless;8;https://agenciasus.org.br/wp-content/uploads/2025/02/Edital_n_09-2025-DSEI_Vale_do_Javari.pdf
DSEI Vale do Javari;AM;09/2025;Técnico de Saúde Bucal (TSB);CR;;;;;;;;;;borderless;8;https://agenciasus.org.br/wp-content/uploads/2025/02/Edital_n_09-2025-DSEI_Vale_do_Javari.pdf
DSEI Vale do Javari;AM;09/2025;Farmacêutico;CR;;;;;;;;;;borderless;8;https://agenciasus.org.br/wp-content/uploads/2025/02/Edital_n_09-2025-DSEI_Vale_do_Javari.pdf
DSEI Vale do Javari;AM;09/2025;Técnico Eletrotécnico;CR;;;;;;;;;;borderless;8;https://agenciasus.org.br/wp-content/uploads/2025/02/Edital_n_09-2025-DSEI_Vale_do_Javari.pdf
DSEI Vale do Javari;AM;09/2025;Fisioterapeuta;CR;;;;;;;;;;borderless;8;https://agenciasus.org.br/wp-content/uploads/2025/02/Edital_n_09-2025-DSEI_Vale_do_Javari.pdf
DSEI Vale do Javari;AM;09/2025;Geólogo;CR;;;;;;;;;;borderless;8;https://agenciasus.org.br/wp-content/uploads/2025/02/Edital_n_09-2025-DSEI_Vale_do_Javari.pdf
DSEI Vale do Javari;AM;09/2025;Técnico em Nutrição Dietética;CR;;;;;;;;;;borderless;8;https://agenciasus.org.br/wp-content/uploads/2025/02/Edital_n_09-2025-DSEI_Vale_do_Javari.pdf
DSEI Vale do Javari;AM;09/2025;Médico Veterinário;CR;;;;;;;;;;borderless;8;https://agenciasus.org.br/wp-content/uploads/2025/02/Edital_n_09-2025-DSEI_Vale_do_Javari.pdf
DSEI Vale do Javari;AM;09/2025;Nutricionista;CR;;;;;;;;;;borderless;8;https://agenciasus.org.br/wp-content/uploads/2025/02/Edital_n_09-2025-DSEI_Vale_do_Javari.pdf
DSEI Vale do Javari;AM;09/2025;Pedagogo;CR;;;;;;;;;;borderless;8;https://agenciasus.org.br/wp-content/uploads/2025/02/Edital_n_09-2025-DSEI_Vale_do_Javari.pdf
DSEI Vale do Javari;AM;09/2025;Psicólogo;CR;;;;;;;;;;borderless;8;https://agenciasus.org.br/wp-content/uploads/2025/02/Edital_n_09-2025-DSEI_Vale_do_Javari.pdf
DSEI Vale do Javari;AM;09/2025;Químico;CR;;;;;;;;;;borderless;8;https://agenciasus.org.br/wp-content/uploads/2025/02/Edital_n_09-2025-DSEI_Vale_do_Javari.pdf
DSEI Vale do Javari;AM;09/2025;Supervisor de Saúde Ambiental;CR;;;;;;;;;;borderless;8;https://agenciasus.org.br/wp-content/uploads/2025/02/Edital_n_09-2025-DSEI_Vale_do_Javari.pdf
DSEI Vale do Javari;AM;09/2025;Terapeuta Ocupacional;CR;;;;;;;;;;borderless;8;https://agenciasus.org.br/wp-content/uploads/2025/02/Edital_n_09-2025-DSEI_Vale_do_Javari.pdf
DSEI Vilhena;RO;14/2026;Agente de Combate a Endemias (ACE);;CR;CR;;;;CR;;Aripuanã-MT;;bordered;2;https://agenciasus.org.br/shared-files/24929/?ANEXOS-DSEI-VILHENA.pdf
DSEI Vilhena;RO;14/2026;Analista Técnico de Saúde Indígena;;CR;CR;;;;CR;;DSEI VILHENA - Sede;;bordered;2;https://agenciasus.org.br/shared-files/24929/?ANEXOS-DSEI-VILHENA.pdf
DSEI Vilhena;RO;14/2026;Apoiador Técnico de Saneamento;;CR;CR;;;;CR;;DSEI VILHENA - Sede;;bordered;2;https://agenciasus.org.br/shared-files/24929/?ANEXOS-DSEI-VILHENA.pdf
DSEI Vilhena;RO;14/2026;Apoiador Técnico em Saúde;;CR;CR;;;;CR;;DSEI VILHENA - Sede;;bordered;2;https://agenciasus.org.br/shared-files/24929/?ANEXOS-DSEI-VILHENA.pdf
DSEI Vilhena;RO;14/2026;Assistente Administrativo;;CR;CR;;;;CR;;DSEI VILHENA - Sede;;bordered;2;https://agenciasus.org.br/shared-files/24929/?ANEXOS-DSEI-VILHENA.pdf
DSEI Vilhena;RO;14/2026;Assistente Social 30h;;CR;CR;;;;CR;;Aripuanã-MT;;bordered;2;https://agenciasus.org.br/shared-files/24929/?ANEXOS-DSEI-VILHENA.pdf
DSEI Vilhena;RO;14/2026;Cirurgião Dentista 40h;;CR;CR;;;;CR;;Aripuanã-MT;;bordered;2;https://agenciasus.org.br/shared-files/24929/?ANEXOS-DSEI-VILHENA.pdf
DSEI Vilhena;RO;14/2026;Enfermeiro;;CR;CR;;;;CR;;DSEI VILHENA - Sede;;bordered;2;https://agenciasus.org.br/shared-files/24929/?ANEXOS-DSEI-VILHENA.pdf
DSEI Xavante;MT;15/2025;Analista Técnico de Saúde Indígena;;1;-;-;;;;1;;;bordered;2;https://agenciasus.org.br/wp-content/uploads/2025/06/ANEXOS-DSEI-XAVANTE-EDITAL-15_2025-1.pdf
DSEI Xavante;MT;15/2025;Analista Especializado de Saúde Indígena;;CR;-;-;;;;CR;;;bordered;2;https://agenciasus.org.br/wp-content/uploads/2025/06/ANEXOS-DSEI-XAVANTE-EDITAL-15_2025-1.pdf
DSEI Xavante;MT;15/2025;Antropólogo;;CR;-;-;;;;CR;;;bordered;2;https://agenciasus.org.br/wp-content/uploads/2025/06/ANEXOS-DSEI-XAVANTE-EDITAL-15_2025-1.pdf
DSEI Xavante;MT;15/2025;Apoiador Técnico de Saneamento;;CR;-;-;;;;CR;;;bordered;2;https://agenciasus.org.br/wp-content/uploads/2025/06/ANEXOS-DSEI-XAVANTE-EDITAL-15_2025-1.pdf
DSEI Xavante;MT;15/2025;Apoiador Técnico em Saúde;;1;-;-;;;;1;;;bordered;2;https://agenciasus.org.br/wp-content/uploads/2025/06/ANEXOS-DSEI-XAVANTE-EDITAL-15_2025-1.pdf
DSEI Xavante;MT;15/2025;Arquiteto e Urbanista;;CR;-;-;;;;CR;;;bordered;2;https://agenciasus.org.br/wp-content/uploads/2025/06/ANEXOS-DSEI-XAVANTE-EDITAL-15_2025-1.pdf
DSEI Xavante;MT;15/2025;Assistente Social;;1;-;-;;;;1;;;bordered;2;https://agenciasus.org.br/wp-content/uploads/2025/06/ANEXOS-DSEI-XAVANTE-EDITAL-15_2025-1.pdf
DSEI Xavante;MT;15/2025;Biólogo;;CR;-;-;;;;CR;;;bordered;2;https://agenciasus.org.br/wp-content/uploads/2025/06/ANEXOS-DSEI-XAVANTE-EDITAL-15_2025-1.pdf
DSEI Xavante;MT;15/2025;Cirurgião Dentista (40h);;1;-;-;;;;1;;;bordered;2;https://agenciasus.org.br/wp-content/uploads/2025/06/ANEXOS-DSEI-XAVANTE-EDITAL-15_2025-1.pdf
DSEI Xavante;MT;15/2025;Enfermeiro;;2;-;1;;;;3;;;bordered;2;https://agenciasus.org.br/wp-content/uploads/2025/06/ANEXOS-DSEI-XAVANTE-EDITAL-15_2025-1.pdf
DSEI Xavante;MT;15/2025;Engenheiro Civil;;CR;-;-;;;;CR;;;bordered;2;https://agenciasus.org.br/wp-content/uploads/2025/06/ANEXOS-DSEI-XAVANTE-EDITAL-15_2025-1.pdf
DSEI Xavante;MT;15/2025;Engenheiro Eletricista;;CR;-;-;;;;CR;;;bordered;2;https://agenciasus.org.br/wp-content/uploads/2025/06/ANEXOS-DSEI-XAVANTE-EDITAL-15_2025-1.pdf
DSEI Xavante;MT;15/2025;Engenheiro Sanitarista;;CR;-;-;;;;CR;;;bordered;2;https://agenciasus.org.br/wp-content/uploads/2025/06/ANEXOS-DSEI-XAVANTE-EDITAL-15_2025-1.pdf
DSEI Xavante;MT;15/2025;Farmacêutico;;1;-;-;;;;1;;;bordered;2;https://agenciasus.org.br/wp-content/uploads/2025/06/ANEXOS-DSEI-XAVANTE-EDITAL-15_2025-1.pdf
DSEI Xavante;MT;15/2025;Fisioterapeuta;;CR;-;-;;;;CR;;;bordered;2;https://agenciasus.org.br/wp-content/uploads/2025/06/ANEXOS-DSEI-XAVANTE-EDITAL-15_2025-1.pdf
DSEI Xavante;MT;15/2025;Geólogo;;CR;-;-;;;;CR;;;bordered;2;https://agenciasus.org.br/wp-content/uploads/2025/06/ANEXOS-DSEI-XAVANTE-EDITAL-15_2025-1.pdf
DSEI Xavante;MT;15/2025;Médico (20h);;CR;-;-;;;;CR;;;bordered;2;https://agenciasus.org.br/wp-content/uploads/2025/06/ANEXOS-DSEI-XAVANTE-EDITAL-15_2025-1.pdf
DSEI Xavante;MT;15/2025;Médico (40h);;CR;-;-;;;;CR;;;bordered;2;https://agenciasus.org.br/wp-content/uploads/2025/06/ANEXOS-DSEI-XAVANTE-EDITAL-15_2025-1.pdf
DSEI Xavante;MT;15/2025;Médico Veterinário;;CR;-;-;;;;CR;;;bordered;2;https://agenciasus.org.br/wp-content/uploads/2025/06/ANEXOS-DSEI-XAVANTE-EDITAL-15_2025-1.pdf
DSEI Xavante;MT;15/2025;Nutricionista;;1;-;-;;;;1;;;bordered;2;https://agenciasus.org.br/wp-content/uploads/2025/06/ANEXOS-DSEI-XAVANTE-EDITAL-15_2025-1.pdf
DSEI Xavante;MT;15/2025;Pedagogo;;CR;-;-;;;;CR;;;bordered;2;https://agenciasus.org.br/wp-content/uploads/2025/06/ANEXOS-DSEI-XAVANTE-EDITAL-15_2025-1.pdf
DSEI Xavante;MT;15/2025;Psicólogo;;2;-;-;;;;2;;;bordered;2;https://agenciasus.org.br/wp-content/uploads/2025/06/ANEXOS-DSEI-XAVANTE-EDITAL-15_2025-1.pdf
DSEI Xavante;MT;68/2025;Assistente Social;;1 + CR;-;-;;;;1;;;bordered;2;https://agenciasus.org.br/shared-files/18176/?Edital-no-68-Anexos-DSEI-Xavante.pdf
DSEI Xavante;MT;68/2025;Enfermeiro;;CR;-;-;;;;CR;;;bordered;2;https://agenciasus.org.br/shared-files/18176/?Edital-no-68-Anexos-DSEI-Xavante.pdf
DSEI Xavante;MT;68/2025;Farmacêutico;;CR;-;-;;;;CR;;;bordered;2;https://agenciasus.org.br/shared-files/18176/?Edital-no-68-Anexos-DSEI-Xavante.pdf
DSEI Xavante;MT;68/2025;Nutricionista;;2 + CR;-;1;;;;3;;;bordered;2;https://agenciasus.org.br/shared-files/18176/?Edital-no-68-Anexos-DSEI-Xavante.pdf
DSEI Xavante;MT;68/2025;Psicólogo;;1 + CR;-;-;;;;1;;;bordered;2;https://agenciasus.org.br/shared-files/18176/?Edital-no-68-Anexos-DSEI-Xavante.pdf
DSEI Xavante;MT;68/2025;Supervisor de Saúde Ambiental;;CR;-;-;;;;CR;;;bordered;2;https://agenciasus.org.br/shared-files/18176/?Edital-no-68-Anexos-DSEI-Xavante.pdf
DSEI Xavante;MT;68/2025;Assistente Administrativo;;CR;-;-;;;;CR;;;bordered;2;https://agenciasus.org.br/shared-files/18176/?Edital-no-68-Anexos-DSEI-Xavante.pdf
DSEI Xavante;MT;68/2025;Auxiliar de Saúde Bucal (ASB);;1;-;1;;;;2;;;bordered;2;https://agenciasus.org.br/shared-files/18176/?Edital-no-68-Anexos-DSEI-Xavante.pdf
DSEI Xavante;MT;68/2025;Técnico de Edificações;;CR;-;-;;;;CR;;;bordered;2;https://agenciasus.org.br/shared-files/18176/?Edital-no-68-Anexos-DSEI-Xavante.pdf
DSEI Xavante;MT;68/2025;Técnico de Enfermagem;;1 + CR;-;-;;;;1;;;bordered;2;https://agenciasus.org.br/shared-files/18176/?Edital-no-68-Anexos-DSEI-Xavante.pdf
DSEI Xavante;MT;68/2025;Técnico de Saúde Bucal (TSB);;CR;-;-;;;;CR;;;bordered;2;https://agenciasus.org.br/shared-files/18176/?Edital-no-68-Anexos-DSEI-Xavante.pdf
DSEI Xavante;MT;68/2025;Técnico Eletrotécnico;;CR;-;-;;;;CR;;;bordered;2;https://agenciasus.org.br/shared-files/18176/?Edital-no-68-Anexos-DSEI-Xavante.pdf
DSEI Xavante;MT;68/2025;Técnico em Saneamento e Controle Ambiental;;CR;-;-;;;;CR;;;bordered;2;https://agenciasus.org.br/shared-files/18176/?Edital-no-68-Anexos-DSEI-Xavante.pdf
DSEI Xingu;MT;89/2025;Analista Técnico de Saúde Indígena;;CR;-;;;;-;CR;;LOCALIDADE=ÁREA ABRANGÊNCIA DSEI XINGU (CR);bordered;2;https://agenciasus.org.br/shared-files/19545/?Anexos-do-Processo-Seletivo-Simplificado-no-89-2025-–-DSEI-Xingu.pdf
DSEI Xingu;MT;89/2025;Apoiador Técnico de Saneamento;;CR;-;;;;-;CR;;LOCALIDADE=ÁREA ABRANGÊNCIA DSEI XINGU (CR);bordered;2;https://agenciasus.org.br/shared-files/19545/?Anexos-do-Processo-Seletivo-Simplificado-no-89-2025-–-DSEI-Xingu.pdf
DSEI Xingu;MT;89/2025;Apoiador Técnico em Saúde;;CR;-;;;;-;CR;;LOCALIDADE=ÁREA ABRANGÊNCIA DSEI XINGU (CR);bordered;2;https://agenciasus.org.br/shared-files/19545/?Anexos-do-Processo-Seletivo-Simplificado-no-89-2025-–-DSEI-Xingu.pdf
DSEI Xingu;MT;89/2025;Assistente Social;;CR;-;;;;-;CR;;LOCALIDADE=CASAI CANARANA (CR) CASAI SINOP (CR) CASAI GAÚCHA DO NORTE (CR) CASAI QUERÊNCIA (CR);bordered;2;https://agenciasus.org.br/shared-files/19545/?Anexos-do-Processo-Seletivo-Simplificado-no-89-2025-–-DSEI-Xingu.pdf
DSEI Xingu;MT;89/2025;Cirurgião Dentista (40h);;1 + CR;-;;;;-;1 + CR;;LOCALIDADE=ÁREA ABRANGÊNCIA DSEI XINGU (1+CR);bordered;2;https://agenciasus.org.br/shared-files/19545/?Anexos-do-Processo-Seletivo-Simplificado-no-89-2025-–-DSEI-Xingu.pdf
DSEI Xingu;MT;89/2025;Enfermeiro;;3 + CR;1;;;;2 + CR;6 + CR;;LOCALIDADE=CASAI CANARANA (1+CR) CASAI SINOP (1+CR) CASAI GAÚCHA DO NORTE (1+CR) CASAI QUERÊNCIA (CR) ÁREA ABRANGÊNCIA DSEI XINGU (3+CR);bordered;2;https://agenciasus.org.br/shared-files/19545/?Anexos-do-Processo-Seletivo-Simplificado-no-89-2025-–-DSEI-Xingu.pdf
DSEI Xingu;MT;89/2025;Engenheiro Civil;;CR;-;;;;-;CR;;LOCALIDADE=ÁREA ABRANGÊNCIA DSEI XINGU (CR);bordered;2;https://agenciasus.org.br/shared-files/19545/?Anexos-do-Processo-Seletivo-Simplificado-no-89-2025-–-DSEI-Xingu.pdf
DSEI Xingu;MT;89/2025;Farmacêutico;;CR;-;;;;-;CR;;LOCALIDADE=CASAI CANARANA (CR) CASAI SINOP (CR) CASAI GAÚCHA DO NORTE (CR) CASAI QUERÊNCIA (CR) ÁREA ABRANGÊNCIA DSEI XINGU (CR);bordered;2;https://agenciasus.org.br/shared-files/19545/?Anexos-do-Processo-Seletivo-Simplificado-no-89-2025-–-DSEI-Xingu.pdf
DSEI Xingu;MT;89/2025;Nutricionista;;1 + CR;-;;;;-;1 + CR;;LOCALIDADE=CASAI CANARANA (1+CR) CASAI SINOP (CR) CASAI GAÚCHA DO NORTE (CR) CASAI QUERÊNCIA (CR) ÁREA ABRANGÊNCIA DSEI XINGU (CR);bordered;2;https://agenciasus.org.br/shared-files/19545/?Anexos-do-Processo-Seletivo-Simplificado-no-89-2025-–-DSEI-Xingu.pdf
DSEI Xingu;MT;89/2025;Psicólogo;;CR;-;;;;-;CR;;LOCALIDADE=ÁREA ABRANGÊNCIA DSEI XINGU (CR);bordered;2;https://agenciasus.org.br/shared-files/19545/?Anexos-do-Processo-Seletivo-Simplificado-no-89-2025-–-DSEI-Xingu.pdf
DSEI Xingu;MT;89/2025;Supervisor de Saúde Ambiental;;CR;-;;;;-;CR;;LOCALIDADE=ÁREA ABRANGÊNCIA DSEI XINGU (CR);bordered;2;https://agenciasus.org.br/shared-files/19545/?Anexos-do-Processo-Seletivo-Simplificado-no-89-2025-–-DSEI-Xingu.pdf
DSEI Xingu;MT;89/2025;Auxiliar de Saúde Bucal (ASB);;CR;-;;;;-;CR;;LOCALIDADE=ÁREA ABRANGÊNCIA DSEI XINGU (CR);bordered;2;https://agenciasus.org.br/shared-files/19545/?Anexos-do-Processo-Seletivo-Simplificado-no-89-2025-–-DSEI-Xingu.pdf
DSEI Xingu;MT;89/2025;Técnico de Enfermagem;;1 + CR;-;;;;1 + CR;2 + CR;;LOCALIDADE=CASAI CANARANA (CR) CASAI SINOP (1+CR) CASAI GAÚCHA DO NORTE (CR);bordered;2;https://agenciasus.org.br/shared-files/19545/?Anexos-do-Processo-Seletivo-Simplificado-no-89-2025-–-DSEI-Xingu.pdf
